snapshot_utc,kickoff_utc,home,away,game,book,market,side,point,price
2026-09-17T04:56:55Z,2026-09-27T20:05:00Z,SF,ARI,ARI@SF,betonlineag,spreads,ARI,8.0,-115
2026-09-17T04:56:55Z,2026-09-27T20:05:00Z,SF,ARI,ARI@SF,betonlineag,spreads,SF,-8.0,-105
2026-09-17T04:56:55Z,2026-09-27T20:05:00Z,SF,ARI,ARI@SF,betonlineag,totals,Over,48.5,-110
2026-09-17T04:56:55Z,2026-09-27T20:05:00Z,SF,ARI,ARI@SF,betonlineag,totals,Under,48.5,-110
2026-09-17T04:56:55Z,2026-09-27T20:05:00Z,SF,ARI,ARI@SF,betrivers,h2h,ARI,,365
2026-09-17T04:56:55Z,2026-09-27T20:05:00Z,SF,ARI,ARI@SF,betrivers,h2h,SF,,-500
2026-09-17T04:56:55Z,2026-09-27T20:05:00Z,SF,ARI,ARI@SF,betrivers,spreads,ARI,8.5,-113
2026-09-17T04:56:55Z,2026-09-27T20:05:00Z,SF,ARI,ARI@SF,betrivers,spreads,SF,-8.5,-108
2026-09-17T04:56:55Z,2026-09-27T20:05:00Z,SF,ARI,ARI@SF,betrivers,totals,Over,47.5,-113
2026-09-17T04:56:55Z,2026-09-27T20:05:00Z,SF,ARI,ARI@SF,betrivers,totals,Under,47.5,-108
2026-09-17T04:56:55Z,2026-09-27T20:05:00Z,SF,ARI,ARI@SF,betus,spreads,ARI,8.5,-110
2026-09-17T04:56:55Z,2026-09-27T20:05:00Z,SF,ARI,ARI@SF,betus,spreads,SF,-8.5,-110
2026-09-17T04:56:55Z,2026-09-27T20:05:00Z,SF,ARI,ARI@SF,betus,totals,Over,48.5,-110
2026-09-17T04:56:55Z,2026-09-27T20:05:00Z,SF,ARI,ARI@SF,betus,totals,Under,48.5,-110
2026-09-17T04:56:55Z,2026-09-27T20:05:00Z,SF,ARI,ARI@SF,draftkings,h2h,ARI,,370
2026-09-17T04:56:55Z,2026-09-27T20:05:00Z,SF,ARI,ARI@SF,draftkings,h2h,SF,,-485
2026-09-17T04:56:55Z,2026-09-27T20:05:00Z,SF,ARI,ARI@SF,draftkings,spreads,ARI,8.5,-110
2026-09-17T04:56:55Z,2026-09-27T20:05:00Z,SF,ARI,ARI@SF,draftkings,spreads,SF,-8.5,-110
2026-09-17T04:56:55Z,2026-09-27T20:05:00Z,SF,ARI,ARI@SF,draftkings,totals,Over,47.5,-110
2026-09-17T04:56:55Z,2026-09-27T20:05:00Z,SF,ARI,ARI@SF,draftkings,totals,Under,47.5,-110
2026-09-17T04:56:55Z,2026-09-27T20:05:00Z,SF,ARI,ARI@SF,fanduel,h2h,ARI,,410
2026-09-17T04:56:55Z,2026-09-27T20:05:00Z,SF,ARI,ARI@SF,fanduel,h2h,SF,,-550
2026-09-17T04:56:55Z,2026-09-27T20:05:00Z,SF,ARI,ARI@SF,fanduel,spreads,ARI,8.5,-105
2026-09-17T04:56:55Z,2026-09-27T20:05:00Z,SF,ARI,ARI@SF,fanduel,spreads,SF,-8.5,-115
2026-09-17T04:56:55Z,2026-09-27T20:05:00Z,SF,ARI,ARI@SF,fanduel,totals,Over,48.5,-110
2026-09-17T04:56:55Z,2026-09-27T20:05:00Z,SF,ARI,ARI@SF,fanduel,totals,Under,48.5,-110
2026-09-17T04:56:55Z,2026-09-27T20:05:00Z,SF,ARI,ARI@SF,lowvig,spreads,ARI,8.0,-110
2026-09-17T04:56:55Z,2026-09-27T20:05:00Z,SF,ARI,ARI@SF,lowvig,spreads,SF,-8.0,100
2026-09-17T04:56:55Z,2026-09-27T20:05:00Z,SF,ARI,ARI@SF,lowvig,totals,Over,48.5,-107
2026-09-17T04:56:55Z,2026-09-27T20:05:00Z,SF,ARI,ARI@SF,lowvig,totals,Under,48.5,-107
2026-09-17T04:56:55Z,2026-09-25T00:15:00Z,GB,ATL,ATL@GB,betonlineag,spreads,ATL,6.5,-110
2026-09-17T04:56:55Z,2026-09-25T00:15:00Z,GB,ATL,ATL@GB,betonlineag,spreads,GB,-6.5,-110
2026-09-17T04:56:55Z,2026-09-25T00:15:00Z,GB,ATL,ATL@GB,betonlineag,totals,Over,46.5,-110
2026-09-17T04:56:55Z,2026-09-25T00:15:00Z,GB,ATL,ATL@GB,betonlineag,totals,Under,46.5,-110
2026-09-17T04:56:55Z,2026-09-25T00:15:00Z,GB,ATL,ATL@GB,betrivers,h2h,ATL,,245
2026-09-17T04:56:55Z,2026-09-25T00:15:00Z,GB,ATL,ATL@GB,betrivers,h2h,GB,,-305
2026-09-17T04:56:55Z,2026-09-25T00:15:00Z,GB,ATL,ATL@GB,betrivers,spreads,ATL,6.5,-112
2026-09-17T04:56:55Z,2026-09-25T00:15:00Z,GB,ATL,ATL@GB,betrivers,spreads,GB,-6.5,-109
2026-09-17T04:56:55Z,2026-09-25T00:15:00Z,GB,ATL,ATL@GB,betrivers,totals,Over,45.5,-109
2026-09-17T04:56:55Z,2026-09-25T00:15:00Z,GB,ATL,ATL@GB,betrivers,totals,Under,45.5,-112
2026-09-17T04:56:55Z,2026-09-25T00:15:00Z,GB,ATL,ATL@GB,betus,spreads,ATL,6.5,-110
2026-09-17T04:56:55Z,2026-09-25T00:15:00Z,GB,ATL,ATL@GB,betus,spreads,GB,-6.5,-110
2026-09-17T04:56:55Z,2026-09-25T00:15:00Z,GB,ATL,ATL@GB,betus,totals,Over,46.5,-110
2026-09-17T04:56:55Z,2026-09-25T00:15:00Z,GB,ATL,ATL@GB,betus,totals,Under,46.5,-110
2026-09-17T04:56:55Z,2026-09-25T00:15:00Z,GB,ATL,ATL@GB,draftkings,h2h,ATL,,250
2026-09-17T04:56:55Z,2026-09-25T00:15:00Z,GB,ATL,ATL@GB,draftkings,h2h,GB,,-310
2026-09-17T04:56:55Z,2026-09-25T00:15:00Z,GB,ATL,ATL@GB,draftkings,spreads,ATL,6.5,-105
2026-09-17T04:56:55Z,2026-09-25T00:15:00Z,GB,ATL,ATL@GB,draftkings,spreads,GB,-6.5,-115
2026-09-17T04:56:55Z,2026-09-25T00:15:00Z,GB,ATL,ATL@GB,draftkings,totals,Over,46.5,-110
2026-09-17T04:56:55Z,2026-09-25T00:15:00Z,GB,ATL,ATL@GB,draftkings,totals,Under,46.5,-110
2026-09-17T04:56:55Z,2026-09-25T00:15:00Z,GB,ATL,ATL@GB,fanduel,h2h,ATL,,225
2026-09-17T04:56:55Z,2026-09-25T00:15:00Z,GB,ATL,ATL@GB,fanduel,h2h,GB,,-275
2026-09-17T04:56:55Z,2026-09-25T00:15:00Z,GB,ATL,ATL@GB,fanduel,spreads,ATL,5.5,-102
2026-09-17T04:56:55Z,2026-09-25T00:15:00Z,GB,ATL,ATL@GB,fanduel,spreads,GB,-5.5,-120
2026-09-17T04:56:55Z,2026-09-25T00:15:00Z,GB,ATL,ATL@GB,fanduel,totals,Over,45.5,-115
2026-09-17T04:56:55Z,2026-09-25T00:15:00Z,GB,ATL,ATL@GB,fanduel,totals,Under,45.5,-105
2026-09-17T04:56:55Z,2026-09-25T00:15:00Z,GB,ATL,ATL@GB,lowvig,spreads,ATL,6.5,-105
2026-09-17T04:56:55Z,2026-09-25T00:15:00Z,GB,ATL,ATL@GB,lowvig,spreads,GB,-6.5,-105
2026-09-17T04:56:55Z,2026-09-25T00:15:00Z,GB,ATL,ATL@GB,lowvig,totals,Over,46.5,-107
2026-09-17T04:56:55Z,2026-09-25T00:15:00Z,GB,ATL,ATL@GB,lowvig,totals,Under,46.5,-107
2026-09-17T04:56:55Z,2026-09-25T00:15:00Z,GB,ATL,ATL@GB,mybookieag,h2h,ATL,,220
2026-09-17T04:56:55Z,2026-09-25T00:15:00Z,GB,ATL,ATL@GB,mybookieag,h2h,GB,,-295
2026-09-17T04:56:55Z,2026-09-25T00:15:00Z,GB,ATL,ATL@GB,mybookieag,spreads,ATL,6.5,-110
2026-09-17T04:56:55Z,2026-09-25T00:15:00Z,GB,ATL,ATL@GB,mybookieag,spreads,GB,-6.5,-110
2026-09-17T04:56:55Z,2026-09-25T00:15:00Z,GB,ATL,ATL@GB,mybookieag,totals,Over,46.5,-110
2026-09-17T04:56:55Z,2026-09-25T00:15:00Z,GB,ATL,ATL@GB,mybookieag,totals,Under,46.5,-110
2026-09-17T04:56:55Z,2026-09-27T20:25:00Z,DAL,BAL,BAL@DAL,betonlineag,spreads,BAL,-3.0,-105
2026-09-17T04:56:55Z,2026-09-27T20:25:00Z,DAL,BAL,BAL@DAL,betonlineag,spreads,DAL,3.0,-115
2026-09-17T04:56:55Z,2026-09-27T20:25:00Z,DAL,BAL,BAL@DAL,betonlineag,totals,Over,52.0,-115
2026-09-17T04:56:55Z,2026-09-27T20:25:00Z,DAL,BAL,BAL@DAL,betonlineag,totals,Under,52.0,-105
2026-09-17T04:56:55Z,2026-09-27T20:25:00Z,DAL,BAL,BAL@DAL,betrivers,h2h,BAL,,-159
2026-09-17T04:56:55Z,2026-09-27T20:25:00Z,DAL,BAL,BAL@DAL,betrivers,h2h,DAL,,130
2026-09-17T04:56:55Z,2026-09-27T20:25:00Z,DAL,BAL,BAL@DAL,betrivers,spreads,BAL,-3.0,-105
2026-09-17T04:56:55Z,2026-09-27T20:25:00Z,DAL,BAL,BAL@DAL,betrivers,spreads,DAL,3.0,-117
2026-09-17T04:56:55Z,2026-09-27T20:25:00Z,DAL,BAL,BAL@DAL,betrivers,totals,Over,52.5,-110
2026-09-17T04:56:55Z,2026-09-27T20:25:00Z,DAL,BAL,BAL@DAL,betrivers,totals,Under,52.5,-110
2026-09-17T04:56:55Z,2026-09-27T20:25:00Z,DAL,BAL,BAL@DAL,betus,spreads,BAL,-3.0,-110
2026-09-17T04:56:55Z,2026-09-27T20:25:00Z,DAL,BAL,BAL@DAL,betus,spreads,DAL,3.0,-110
2026-09-17T04:56:55Z,2026-09-27T20:25:00Z,DAL,BAL,BAL@DAL,betus,totals,Over,53.0,-110
2026-09-17T04:56:55Z,2026-09-27T20:25:00Z,DAL,BAL,BAL@DAL,betus,totals,Under,53.0,-110
2026-09-17T04:56:55Z,2026-09-27T20:25:00Z,DAL,BAL,BAL@DAL,draftkings,h2h,BAL,,-155
2026-09-17T04:56:55Z,2026-09-27T20:25:00Z,DAL,BAL,BAL@DAL,draftkings,h2h,DAL,,130
2026-09-17T04:56:55Z,2026-09-27T20:25:00Z,DAL,BAL,BAL@DAL,draftkings,spreads,BAL,-3.0,-110
2026-09-17T04:56:55Z,2026-09-27T20:25:00Z,DAL,BAL,BAL@DAL,draftkings,spreads,DAL,3.0,-110
2026-09-17T04:56:55Z,2026-09-27T20:25:00Z,DAL,BAL,BAL@DAL,draftkings,totals,Over,52.5,-110
2026-09-17T04:56:55Z,2026-09-27T20:25:00Z,DAL,BAL,BAL@DAL,draftkings,totals,Under,52.5,-110
2026-09-17T04:56:55Z,2026-09-27T20:25:00Z,DAL,BAL,BAL@DAL,fanduel,h2h,BAL,,-176
2026-09-17T04:56:55Z,2026-09-27T20:25:00Z,DAL,BAL,BAL@DAL,fanduel,h2h,DAL,,148
2026-09-17T04:56:55Z,2026-09-27T20:25:00Z,DAL,BAL,BAL@DAL,fanduel,spreads,BAL,-3.5,-104
2026-09-17T04:56:55Z,2026-09-27T20:25:00Z,DAL,BAL,BAL@DAL,fanduel,spreads,DAL,3.5,-118
2026-09-17T04:56:55Z,2026-09-27T20:25:00Z,DAL,BAL,BAL@DAL,fanduel,totals,Over,52.5,-105
2026-09-17T04:56:55Z,2026-09-27T20:25:00Z,DAL,BAL,BAL@DAL,fanduel,totals,Under,52.5,-115
2026-09-17T04:56:55Z,2026-09-27T20:25:00Z,DAL,BAL,BAL@DAL,lowvig,spreads,BAL,-3.0,100
2026-09-17T04:56:55Z,2026-09-27T20:25:00Z,DAL,BAL,BAL@DAL,lowvig,spreads,DAL,3.0,-110
2026-09-17T04:56:55Z,2026-09-27T20:25:00Z,DAL,BAL,BAL@DAL,lowvig,totals,Over,52.0,-113
2026-09-17T04:56:55Z,2026-09-27T20:25:00Z,DAL,BAL,BAL@DAL,lowvig,totals,Under,52.0,-102
2026-09-17T04:56:55Z,2026-09-20T17:00:00Z,ATL,CAR,CAR@ATL,betmgm,h2h,ATL,,120
2026-09-17T04:56:55Z,2026-09-20T17:00:00Z,ATL,CAR,CAR@ATL,betmgm,h2h,CAR,,-145
2026-09-17T04:56:55Z,2026-09-20T17:00:00Z,ATL,CAR,CAR@ATL,betmgm,spreads,ATL,2.5,-105
2026-09-17T04:56:55Z,2026-09-20T17:00:00Z,ATL,CAR,CAR@ATL,betmgm,spreads,CAR,-2.5,-112
2026-09-17T04:56:55Z,2026-09-20T17:00:00Z,ATL,CAR,CAR@ATL,betmgm,totals,Over,44.0,-108
2026-09-17T04:56:55Z,2026-09-20T17:00:00Z,ATL,CAR,CAR@ATL,betmgm,totals,Under,44.0,-110
2026-09-17T04:56:55Z,2026-09-20T17:00:00Z,ATL,CAR,CAR@ATL,betonlineag,h2h,ATL,,123
2026-09-17T04:56:55Z,2026-09-20T17:00:00Z,ATL,CAR,CAR@ATL,betonlineag,h2h,CAR,,-143
2026-09-17T04:56:55Z,2026-09-20T17:00:00Z,ATL,CAR,CAR@ATL,betonlineag,spreads,ATL,2.5,-105
2026-09-17T04:56:55Z,2026-09-20T17:00:00Z,ATL,CAR,CAR@ATL,betonlineag,spreads,CAR,-2.5,-115
2026-09-17T04:56:55Z,2026-09-20T17:00:00Z,ATL,CAR,CAR@ATL,betonlineag,totals,Over,44.0,-109
2026-09-17T04:56:55Z,2026-09-20T17:00:00Z,ATL,CAR,CAR@ATL,betonlineag,totals,Under,44.0,-111
2026-09-17T04:56:55Z,2026-09-20T17:00:00Z,ATL,CAR,CAR@ATL,betrivers,h2h,ATL,,120
2026-09-17T04:56:55Z,2026-09-20T17:00:00Z,ATL,CAR,CAR@ATL,betrivers,h2h,CAR,,-143
2026-09-17T04:56:55Z,2026-09-20T17:00:00Z,ATL,CAR,CAR@ATL,betrivers,spreads,ATL,2.5,-106
2026-09-17T04:56:55Z,2026-09-20T17:00:00Z,ATL,CAR,CAR@ATL,betrivers,spreads,CAR,-2.5,-115
2026-09-17T04:56:55Z,2026-09-20T17:00:00Z,ATL,CAR,CAR@ATL,betrivers,totals,Over,43.5,-110
2026-09-17T04:56:55Z,2026-09-20T17:00:00Z,ATL,CAR,CAR@ATL,betrivers,totals,Under,43.5,-110
2026-09-17T04:56:55Z,2026-09-20T17:00:00Z,ATL,CAR,CAR@ATL,betus,h2h,ATL,,120
2026-09-17T04:56:55Z,2026-09-20T17:00:00Z,ATL,CAR,CAR@ATL,betus,h2h,CAR,,-140
2026-09-17T04:56:55Z,2026-09-20T17:00:00Z,ATL,CAR,CAR@ATL,betus,spreads,ATL,2.0,100
2026-09-17T04:56:55Z,2026-09-20T17:00:00Z,ATL,CAR,CAR@ATL,betus,spreads,CAR,-2.0,-120
2026-09-17T04:56:55Z,2026-09-20T17:00:00Z,ATL,CAR,CAR@ATL,betus,totals,Over,44.0,-110
2026-09-17T04:56:55Z,2026-09-20T17:00:00Z,ATL,CAR,CAR@ATL,betus,totals,Under,44.0,-110
2026-09-17T04:56:55Z,2026-09-20T17:00:00Z,ATL,CAR,CAR@ATL,bovada,h2h,ATL,,125
2026-09-17T04:56:55Z,2026-09-20T17:00:00Z,ATL,CAR,CAR@ATL,bovada,h2h,CAR,,-145
2026-09-17T04:56:55Z,2026-09-20T17:00:00Z,ATL,CAR,CAR@ATL,bovada,spreads,ATL,2.5,-105
2026-09-17T04:56:55Z,2026-09-20T17:00:00Z,ATL,CAR,CAR@ATL,bovada,spreads,CAR,-2.5,-115
2026-09-17T04:56:55Z,2026-09-20T17:00:00Z,ATL,CAR,CAR@ATL,bovada,totals,Over,44.0,-110
2026-09-17T04:56:55Z,2026-09-20T17:00:00Z,ATL,CAR,CAR@ATL,bovada,totals,Under,44.0,-110
2026-09-17T04:56:55Z,2026-09-20T17:00:00Z,ATL,CAR,CAR@ATL,draftkings,h2h,ATL,,130
2026-09-17T04:56:55Z,2026-09-20T17:00:00Z,ATL,CAR,CAR@ATL,draftkings,h2h,CAR,,-155
2026-09-17T04:56:55Z,2026-09-20T17:00:00Z,ATL,CAR,CAR@ATL,draftkings,spreads,ATL,2.5,-102
2026-09-17T04:56:55Z,2026-09-20T17:00:00Z,ATL,CAR,CAR@ATL,draftkings,spreads,CAR,-2.5,-118
2026-09-17T04:56:55Z,2026-09-20T17:00:00Z,ATL,CAR,CAR@ATL,draftkings,totals,Over,43.5,-115
2026-09-17T04:56:55Z,2026-09-20T17:00:00Z,ATL,CAR,CAR@ATL,draftkings,totals,Under,43.5,-105
2026-09-17T04:56:55Z,2026-09-20T17:00:00Z,ATL,CAR,CAR@ATL,fanduel,h2h,ATL,,112
2026-09-17T04:56:55Z,2026-09-20T17:00:00Z,ATL,CAR,CAR@ATL,fanduel,h2h,CAR,,-132
2026-09-17T04:56:55Z,2026-09-20T17:00:00Z,ATL,CAR,CAR@ATL,fanduel,spreads,ATL,2.5,-115
2026-09-17T04:56:55Z,2026-09-20T17:00:00Z,ATL,CAR,CAR@ATL,fanduel,spreads,CAR,-2.5,-105
2026-09-17T04:56:55Z,2026-09-20T17:00:00Z,ATL,CAR,CAR@ATL,fanduel,totals,Over,43.5,-115
2026-09-17T04:56:55Z,2026-09-20T17:00:00Z,ATL,CAR,CAR@ATL,fanduel,totals,Under,43.5,-105
2026-09-17T04:56:55Z,2026-09-20T17:00:00Z,ATL,CAR,CAR@ATL,lowvig,h2h,ATL,,123
2026-09-17T04:56:55Z,2026-09-20T17:00:00Z,ATL,CAR,CAR@ATL,lowvig,h2h,CAR,,-143
2026-09-17T04:56:55Z,2026-09-20T17:00:00Z,ATL,CAR,CAR@ATL,lowvig,spreads,ATL,2.5,-104
2026-09-17T04:56:55Z,2026-09-20T17:00:00Z,ATL,CAR,CAR@ATL,lowvig,spreads,CAR,-2.5,-106
2026-09-17T04:56:55Z,2026-09-20T17:00:00Z,ATL,CAR,CAR@ATL,lowvig,totals,Over,44.0,-106
2026-09-17T04:56:55Z,2026-09-20T17:00:00Z,ATL,CAR,CAR@ATL,lowvig,totals,Under,44.0,-108
2026-09-17T04:56:55Z,2026-09-20T17:00:00Z,ATL,CAR,CAR@ATL,mybookieag,h2h,ATL,,116
2026-09-17T04:56:55Z,2026-09-20T17:00:00Z,ATL,CAR,CAR@ATL,mybookieag,h2h,CAR,,-148
2026-09-17T04:56:55Z,2026-09-20T17:00:00Z,ATL,CAR,CAR@ATL,mybookieag,spreads,ATL,2.5,-110
2026-09-17T04:56:55Z,2026-09-20T17:00:00Z,ATL,CAR,CAR@ATL,mybookieag,spreads,CAR,-2.5,-110
2026-09-17T04:56:55Z,2026-09-20T17:00:00Z,ATL,CAR,CAR@ATL,mybookieag,totals,Over,44.0,-110
2026-09-17T04:56:55Z,2026-09-20T17:00:00Z,ATL,CAR,CAR@ATL,mybookieag,totals,Under,44.0,-110
2026-09-17T04:56:55Z,2026-09-27T17:00:00Z,CLE,CAR,CAR@CLE,betonlineag,spreads,CAR,-3.0,-105
2026-09-17T04:56:55Z,2026-09-27T17:00:00Z,CLE,CAR,CAR@CLE,betonlineag,spreads,CLE,3.0,-115
2026-09-17T04:56:55Z,2026-09-27T17:00:00Z,CLE,CAR,CAR@CLE,betonlineag,totals,Over,40.0,-110
2026-09-17T04:56:55Z,2026-09-27T17:00:00Z,CLE,CAR,CAR@CLE,betonlineag,totals,Under,40.0,-110
2026-09-17T04:56:55Z,2026-09-27T17:00:00Z,CLE,CAR,CAR@CLE,betrivers,h2h,CAR,,-150
2026-09-17T04:56:55Z,2026-09-27T17:00:00Z,CLE,CAR,CAR@CLE,betrivers,h2h,CLE,,123
2026-09-17T04:56:55Z,2026-09-27T17:00:00Z,CLE,CAR,CAR@CLE,betrivers,spreads,CAR,-3.0,-105
2026-09-17T04:56:55Z,2026-09-27T17:00:00Z,CLE,CAR,CAR@CLE,betrivers,spreads,CLE,3.0,-117
2026-09-17T04:56:55Z,2026-09-27T17:00:00Z,CLE,CAR,CAR@CLE,betrivers,totals,Over,39.5,-112
2026-09-17T04:56:55Z,2026-09-27T17:00:00Z,CLE,CAR,CAR@CLE,betrivers,totals,Under,39.5,-109
2026-09-17T04:56:55Z,2026-09-27T17:00:00Z,CLE,CAR,CAR@CLE,betus,spreads,CAR,-3.0,-110
2026-09-17T04:56:55Z,2026-09-27T17:00:00Z,CLE,CAR,CAR@CLE,betus,spreads,CLE,3.0,-110
2026-09-17T04:56:55Z,2026-09-27T17:00:00Z,CLE,CAR,CAR@CLE,betus,totals,Over,40.0,-110
2026-09-17T04:56:55Z,2026-09-27T17:00:00Z,CLE,CAR,CAR@CLE,betus,totals,Under,40.0,-110
2026-09-17T04:56:55Z,2026-09-27T17:00:00Z,CLE,CAR,CAR@CLE,draftkings,h2h,CAR,,-142
2026-09-17T04:56:55Z,2026-09-27T17:00:00Z,CLE,CAR,CAR@CLE,draftkings,h2h,CLE,,120
2026-09-17T04:56:55Z,2026-09-27T17:00:00Z,CLE,CAR,CAR@CLE,draftkings,spreads,CAR,-2.5,-115
2026-09-17T04:56:55Z,2026-09-27T17:00:00Z,CLE,CAR,CAR@CLE,draftkings,spreads,CLE,2.5,-105
2026-09-17T04:56:55Z,2026-09-27T17:00:00Z,CLE,CAR,CAR@CLE,draftkings,totals,Over,40.5,-110
2026-09-17T04:56:55Z,2026-09-27T17:00:00Z,CLE,CAR,CAR@CLE,draftkings,totals,Under,40.5,-110
2026-09-17T04:56:55Z,2026-09-27T17:00:00Z,CLE,CAR,CAR@CLE,fanduel,h2h,CAR,,-154
2026-09-17T04:56:55Z,2026-09-27T17:00:00Z,CLE,CAR,CAR@CLE,fanduel,h2h,CLE,,130
2026-09-17T04:56:55Z,2026-09-27T17:00:00Z,CLE,CAR,CAR@CLE,fanduel,spreads,CAR,-3.0,-108
2026-09-17T04:56:55Z,2026-09-27T17:00:00Z,CLE,CAR,CAR@CLE,fanduel,spreads,CLE,3.0,-112
2026-09-17T04:56:55Z,2026-09-27T17:00:00Z,CLE,CAR,CAR@CLE,fanduel,totals,Over,39.5,-105
2026-09-17T04:56:55Z,2026-09-27T17:00:00Z,CLE,CAR,CAR@CLE,fanduel,totals,Under,39.5,-115
2026-09-17T04:56:55Z,2026-09-27T17:00:00Z,CLE,CAR,CAR@CLE,lowvig,spreads,CAR,-3.0,100
2026-09-17T04:56:55Z,2026-09-27T17:00:00Z,CLE,CAR,CAR@CLE,lowvig,spreads,CLE,3.0,-110
2026-09-17T04:56:55Z,2026-09-27T17:00:00Z,CLE,CAR,CAR@CLE,lowvig,totals,Over,40.0,-107
2026-09-17T04:56:55Z,2026-09-27T17:00:00Z,CLE,CAR,CAR@CLE,lowvig,totals,Under,40.0,-107
2026-09-17T04:56:55Z,2026-09-20T17:00:00Z,HOU,CIN,CIN@HOU,betmgm,h2h,CIN,,125
2026-09-17T04:56:55Z,2026-09-20T17:00:00Z,HOU,CIN,CIN@HOU,betmgm,h2h,HOU,,-145
2026-09-17T04:56:55Z,2026-09-20T17:00:00Z,HOU,CIN,CIN@HOU,betmgm,spreads,CIN,2.5,100
2026-09-17T04:56:55Z,2026-09-20T17:00:00Z,HOU,CIN,CIN@HOU,betmgm,spreads,HOU,-2.5,-118
2026-09-17T04:56:55Z,2026-09-20T17:00:00Z,HOU,CIN,CIN@HOU,betmgm,totals,Over,46.0,-110
2026-09-17T04:56:55Z,2026-09-20T17:00:00Z,HOU,CIN,CIN@HOU,betmgm,totals,Under,46.0,-108
2026-09-17T04:56:55Z,2026-09-20T17:00:00Z,HOU,CIN,CIN@HOU,betonlineag,h2h,CIN,,130
2026-09-17T04:56:55Z,2026-09-20T17:00:00Z,HOU,CIN,CIN@HOU,betonlineag,h2h,HOU,,-150
2026-09-17T04:56:55Z,2026-09-20T17:00:00Z,HOU,CIN,CIN@HOU,betonlineag,spreads,CIN,2.5,-102
2026-09-17T04:56:55Z,2026-09-20T17:00:00Z,HOU,CIN,CIN@HOU,betonlineag,spreads,HOU,-2.5,-118
2026-09-17T04:56:55Z,2026-09-20T17:00:00Z,HOU,CIN,CIN@HOU,betonlineag,totals,Over,46.0,-110
2026-09-17T04:56:55Z,2026-09-20T17:00:00Z,HOU,CIN,CIN@HOU,betonlineag,totals,Under,46.0,-110
2026-09-17T04:56:55Z,2026-09-20T17:00:00Z,HOU,CIN,CIN@HOU,betrivers,h2h,CIN,,130
2026-09-17T04:56:55Z,2026-09-20T17:00:00Z,HOU,CIN,CIN@HOU,betrivers,h2h,HOU,,-157
2026-09-17T04:56:55Z,2026-09-20T17:00:00Z,HOU,CIN,CIN@HOU,betrivers,spreads,CIN,2.5,-105
2026-09-17T04:56:55Z,2026-09-20T17:00:00Z,HOU,CIN,CIN@HOU,betrivers,spreads,HOU,-2.5,-117
2026-09-17T04:56:55Z,2026-09-20T17:00:00Z,HOU,CIN,CIN@HOU,betrivers,totals,Over,46.5,-109
2026-09-17T04:56:55Z,2026-09-20T17:00:00Z,HOU,CIN,CIN@HOU,betrivers,totals,Under,46.5,-112
2026-09-17T04:56:55Z,2026-09-20T17:00:00Z,HOU,CIN,CIN@HOU,betus,h2h,CIN,,129
2026-09-17T04:56:55Z,2026-09-20T17:00:00Z,HOU,CIN,CIN@HOU,betus,h2h,HOU,,-150
2026-09-17T04:56:55Z,2026-09-20T17:00:00Z,HOU,CIN,CIN@HOU,betus,spreads,CIN,2.0,100
2026-09-17T04:56:55Z,2026-09-20T17:00:00Z,HOU,CIN,CIN@HOU,betus,spreads,HOU,-2.0,-120
2026-09-17T04:56:55Z,2026-09-20T17:00:00Z,HOU,CIN,CIN@HOU,betus,totals,Over,46.0,-110
2026-09-17T04:56:55Z,2026-09-20T17:00:00Z,HOU,CIN,CIN@HOU,betus,totals,Under,46.0,-110
2026-09-17T04:56:55Z,2026-09-20T17:00:00Z,HOU,CIN,CIN@HOU,bovada,h2h,CIN,,130
2026-09-17T04:56:55Z,2026-09-20T17:00:00Z,HOU,CIN,CIN@HOU,bovada,h2h,HOU,,-150
2026-09-17T04:56:55Z,2026-09-20T17:00:00Z,HOU,CIN,CIN@HOU,bovada,spreads,CIN,2.5,100
2026-09-17T04:56:55Z,2026-09-20T17:00:00Z,HOU,CIN,CIN@HOU,bovada,spreads,HOU,-2.5,-120
2026-09-17T04:56:55Z,2026-09-20T17:00:00Z,HOU,CIN,CIN@HOU,bovada,totals,Over,46.0,-110
2026-09-17T04:56:55Z,2026-09-20T17:00:00Z,HOU,CIN,CIN@HOU,bovada,totals,Under,46.0,-110
2026-09-17T04:56:55Z,2026-09-20T17:00:00Z,HOU,CIN,CIN@HOU,draftkings,h2h,CIN,,120
2026-09-17T04:56:55Z,2026-09-20T17:00:00Z,HOU,CIN,CIN@HOU,draftkings,h2h,HOU,,-142
2026-09-17T04:56:55Z,2026-09-20T17:00:00Z,HOU,CIN,CIN@HOU,draftkings,spreads,CIN,2.5,-102
2026-09-17T04:56:55Z,2026-09-20T17:00:00Z,HOU,CIN,CIN@HOU,draftkings,spreads,HOU,-2.5,-118
2026-09-17T04:56:55Z,2026-09-20T17:00:00Z,HOU,CIN,CIN@HOU,draftkings,totals,Over,46.5,-105
2026-09-17T04:56:55Z,2026-09-20T17:00:00Z,HOU,CIN,CIN@HOU,draftkings,totals,Under,46.5,-115
2026-09-17T04:56:55Z,2026-09-20T17:00:00Z,HOU,CIN,CIN@HOU,fanduel,h2h,CIN,,126
2026-09-17T04:56:55Z,2026-09-20T17:00:00Z,HOU,CIN,CIN@HOU,fanduel,h2h,HOU,,-148
2026-09-17T04:56:55Z,2026-09-20T17:00:00Z,HOU,CIN,CIN@HOU,fanduel,spreads,CIN,2.5,-105
2026-09-17T04:56:55Z,2026-09-20T17:00:00Z,HOU,CIN,CIN@HOU,fanduel,spreads,HOU,-2.5,-115
2026-09-17T04:56:55Z,2026-09-20T17:00:00Z,HOU,CIN,CIN@HOU,fanduel,totals,Over,45.5,-114
2026-09-17T04:56:55Z,2026-09-20T17:00:00Z,HOU,CIN,CIN@HOU,fanduel,totals,Under,45.5,-106
2026-09-17T04:56:55Z,2026-09-20T17:00:00Z,HOU,CIN,CIN@HOU,lowvig,h2h,CIN,,130
2026-09-17T04:56:55Z,2026-09-20T17:00:00Z,HOU,CIN,CIN@HOU,lowvig,h2h,HOU,,-150
2026-09-17T04:56:55Z,2026-09-20T17:00:00Z,HOU,CIN,CIN@HOU,lowvig,spreads,CIN,2.5,103
2026-09-17T04:56:55Z,2026-09-20T17:00:00Z,HOU,CIN,CIN@HOU,lowvig,spreads,HOU,-2.5,-114
2026-09-17T04:56:55Z,2026-09-20T17:00:00Z,HOU,CIN,CIN@HOU,lowvig,totals,Over,46.0,-107
2026-09-17T04:56:55Z,2026-09-20T17:00:00Z,HOU,CIN,CIN@HOU,lowvig,totals,Under,46.0,-107
2026-09-17T04:56:55Z,2026-09-20T17:00:00Z,HOU,CIN,CIN@HOU,mybookieag,h2h,CIN,,120
2026-09-17T04:56:55Z,2026-09-20T17:00:00Z,HOU,CIN,CIN@HOU,mybookieag,h2h,HOU,,-154
2026-09-17T04:56:55Z,2026-09-20T17:00:00Z,HOU,CIN,CIN@HOU,mybookieag,spreads,CIN,3.0,-120
2026-09-17T04:56:55Z,2026-09-20T17:00:00Z,HOU,CIN,CIN@HOU,mybookieag,spreads,HOU,-3.0,100
2026-09-17T04:56:55Z,2026-09-20T17:00:00Z,HOU,CIN,CIN@HOU,mybookieag,totals,Over,46.0,-110
2026-09-17T04:56:55Z,2026-09-20T17:00:00Z,HOU,CIN,CIN@HOU,mybookieag,totals,Under,46.0,-110
2026-09-17T04:56:55Z,2026-09-27T17:00:00Z,PIT,CIN,CIN@PIT,betonlineag,spreads,CIN,-2.5,-110
2026-09-17T04:56:55Z,2026-09-27T17:00:00Z,PIT,CIN,CIN@PIT,betonlineag,spreads,PIT,2.5,-110
2026-09-17T04:56:55Z,2026-09-27T17:00:00Z,PIT,CIN,CIN@PIT,betonlineag,totals,Over,46.0,-110
2026-09-17T04:56:55Z,2026-09-27T17:00:00Z,PIT,CIN,CIN@PIT,betonlineag,totals,Under,46.0,-110
2026-09-17T04:56:55Z,2026-09-27T17:00:00Z,PIT,CIN,CIN@PIT,betrivers,h2h,CIN,,-137
2026-09-17T04:56:55Z,2026-09-27T17:00:00Z,PIT,CIN,CIN@PIT,betrivers,h2h,PIT,,114
2026-09-17T04:56:55Z,2026-09-27T17:00:00Z,PIT,CIN,CIN@PIT,betrivers,spreads,CIN,-2.5,-113
2026-09-17T04:56:55Z,2026-09-27T17:00:00Z,PIT,CIN,CIN@PIT,betrivers,spreads,PIT,2.5,-108
2026-09-17T04:56:55Z,2026-09-27T17:00:00Z,PIT,CIN,CIN@PIT,betrivers,totals,Over,46.0,-110
2026-09-17T04:56:55Z,2026-09-27T17:00:00Z,PIT,CIN,CIN@PIT,betrivers,totals,Under,46.0,-110
2026-09-17T04:56:55Z,2026-09-27T17:00:00Z,PIT,CIN,CIN@PIT,betus,spreads,CIN,-2.5,-110
2026-09-17T04:56:55Z,2026-09-27T17:00:00Z,PIT,CIN,CIN@PIT,betus,spreads,PIT,2.5,-110
2026-09-17T04:56:55Z,2026-09-27T17:00:00Z,PIT,CIN,CIN@PIT,betus,totals,Over,46.5,-110
2026-09-17T04:56:55Z,2026-09-27T17:00:00Z,PIT,CIN,CIN@PIT,betus,totals,Under,46.5,-110
2026-09-17T04:56:55Z,2026-09-27T17:00:00Z,PIT,CIN,CIN@PIT,draftkings,h2h,CIN,,-135
2026-09-17T04:56:55Z,2026-09-27T17:00:00Z,PIT,CIN,CIN@PIT,draftkings,h2h,PIT,,114
2026-09-17T04:56:55Z,2026-09-27T17:00:00Z,PIT,CIN,CIN@PIT,draftkings,spreads,CIN,-2.5,-110
2026-09-17T04:56:55Z,2026-09-27T17:00:00Z,PIT,CIN,CIN@PIT,draftkings,spreads,PIT,2.5,-110
2026-09-17T04:56:55Z,2026-09-27T17:00:00Z,PIT,CIN,CIN@PIT,draftkings,totals,Over,45.5,-110
2026-09-17T04:56:55Z,2026-09-27T17:00:00Z,PIT,CIN,CIN@PIT,draftkings,totals,Under,45.5,-110
2026-09-17T04:56:55Z,2026-09-27T17:00:00Z,PIT,CIN,CIN@PIT,fanduel,h2h,CIN,,-130
2026-09-17T04:56:55Z,2026-09-27T17:00:00Z,PIT,CIN,CIN@PIT,fanduel,h2h,PIT,,110
2026-09-17T04:56:55Z,2026-09-27T17:00:00Z,PIT,CIN,CIN@PIT,fanduel,spreads,CIN,-2.5,-106
2026-09-17T04:56:55Z,2026-09-27T17:00:00Z,PIT,CIN,CIN@PIT,fanduel,spreads,PIT,2.5,-114
2026-09-17T04:56:55Z,2026-09-27T17:00:00Z,PIT,CIN,CIN@PIT,fanduel,totals,Over,46.5,-105
2026-09-17T04:56:55Z,2026-09-27T17:00:00Z,PIT,CIN,CIN@PIT,fanduel,totals,Under,46.5,-115
2026-09-17T04:56:55Z,2026-09-27T17:00:00Z,PIT,CIN,CIN@PIT,lowvig,spreads,CIN,-2.5,-105
2026-09-17T04:56:55Z,2026-09-27T17:00:00Z,PIT,CIN,CIN@PIT,lowvig,spreads,PIT,2.5,-105
2026-09-17T04:56:55Z,2026-09-27T17:00:00Z,PIT,CIN,CIN@PIT,lowvig,totals,Over,46.0,-107
2026-09-17T04:56:55Z,2026-09-27T17:00:00Z,PIT,CIN,CIN@PIT,lowvig,totals,Under,46.0,-107
2026-09-17T04:56:55Z,2026-09-20T17:00:00Z,TB,CLE,CLE@TB,betmgm,h2h,CLE,,340
2026-09-17T04:56:55Z,2026-09-20T17:00:00Z,TB,CLE,CLE@TB,betmgm,h2h,TB,,-450
2026-09-17T04:56:55Z,2026-09-20T17:00:00Z,TB,CLE,CLE@TB,betmgm,spreads,CLE,8.5,-110
2026-09-17T04:56:55Z,2026-09-20T17:00:00Z,TB,CLE,CLE@TB,betmgm,spreads,TB,-8.5,-108
2026-09-17T04:56:55Z,2026-09-20T17:00:00Z,TB,CLE,CLE@TB,betmgm,totals,Over,41.5,-108
2026-09-17T04:56:55Z,2026-09-20T17:00:00Z,TB,CLE,CLE@TB,betmgm,totals,Under,41.5,-110
2026-09-17T04:56:55Z,2026-09-20T17:00:00Z,TB,CLE,CLE@TB,betonlineag,h2h,CLE,,320
2026-09-17T04:56:55Z,2026-09-20T17:00:00Z,TB,CLE,CLE@TB,betonlineag,h2h,TB,,-405
2026-09-17T04:56:55Z,2026-09-20T17:00:00Z,TB,CLE,CLE@TB,betonlineag,spreads,CLE,8.5,-115
2026-09-17T04:56:55Z,2026-09-20T17:00:00Z,TB,CLE,CLE@TB,betonlineag,spreads,TB,-8.5,-105
2026-09-17T04:56:55Z,2026-09-20T17:00:00Z,TB,CLE,CLE@TB,betonlineag,totals,Over,41.5,-110
2026-09-17T04:56:55Z,2026-09-20T17:00:00Z,TB,CLE,CLE@TB,betonlineag,totals,Under,41.5,-110
2026-09-17T04:56:55Z,2026-09-20T17:00:00Z,TB,CLE,CLE@TB,betrivers,h2h,CLE,,330
2026-09-17T04:56:55Z,2026-09-20T17:00:00Z,TB,CLE,CLE@TB,betrivers,h2h,TB,,-455
2026-09-17T04:56:55Z,2026-09-20T17:00:00Z,TB,CLE,CLE@TB,betrivers,spreads,CLE,8.5,-114
2026-09-17T04:56:55Z,2026-09-20T17:00:00Z,TB,CLE,CLE@TB,betrivers,spreads,TB,-8.5,-107
2026-09-17T04:56:55Z,2026-09-20T17:00:00Z,TB,CLE,CLE@TB,betrivers,totals,Over,41.0,-113
2026-09-17T04:56:55Z,2026-09-20T17:00:00Z,TB,CLE,CLE@TB,betrivers,totals,Under,41.0,-108
2026-09-17T04:56:55Z,2026-09-20T17:00:00Z,TB,CLE,CLE@TB,betus,h2h,CLE,,325
2026-09-17T04:56:55Z,2026-09-20T17:00:00Z,TB,CLE,CLE@TB,betus,h2h,TB,,-405
2026-09-17T04:56:55Z,2026-09-20T17:00:00Z,TB,CLE,CLE@TB,betus,spreads,CLE,9.0,-120
2026-09-17T04:56:55Z,2026-09-20T17:00:00Z,TB,CLE,CLE@TB,betus,spreads,TB,-9.0,100
2026-09-17T04:56:55Z,2026-09-20T17:00:00Z,TB,CLE,CLE@TB,betus,totals,Over,41.5,-110
2026-09-17T04:56:55Z,2026-09-20T17:00:00Z,TB,CLE,CLE@TB,betus,totals,Under,41.5,-110
2026-09-17T04:56:55Z,2026-09-20T17:00:00Z,TB,CLE,CLE@TB,bovada,h2h,CLE,,315
2026-09-17T04:56:55Z,2026-09-20T17:00:00Z,TB,CLE,CLE@TB,bovada,h2h,TB,,-420
2026-09-17T04:56:55Z,2026-09-20T17:00:00Z,TB,CLE,CLE@TB,bovada,spreads,CLE,8.0,-115
2026-09-17T04:56:55Z,2026-09-20T17:00:00Z,TB,CLE,CLE@TB,bovada,spreads,TB,-8.0,-105
2026-09-17T04:56:55Z,2026-09-20T17:00:00Z,TB,CLE,CLE@TB,bovada,totals,Over,41.5,-110
2026-09-17T04:56:55Z,2026-09-20T17:00:00Z,TB,CLE,CLE@TB,bovada,totals,Under,41.5,-110
2026-09-17T04:56:55Z,2026-09-20T17:00:00Z,TB,CLE,CLE@TB,draftkings,h2h,CLE,,340
2026-09-17T04:56:55Z,2026-09-20T17:00:00Z,TB,CLE,CLE@TB,draftkings,h2h,TB,,-440
2026-09-17T04:56:55Z,2026-09-20T17:00:00Z,TB,CLE,CLE@TB,draftkings,spreads,CLE,8.5,-112
2026-09-17T04:56:55Z,2026-09-20T17:00:00Z,TB,CLE,CLE@TB,draftkings,spreads,TB,-8.5,-108
2026-09-17T04:56:55Z,2026-09-20T17:00:00Z,TB,CLE,CLE@TB,draftkings,totals,Over,41.5,-110
2026-09-17T04:56:55Z,2026-09-20T17:00:00Z,TB,CLE,CLE@TB,draftkings,totals,Under,41.5,-110
2026-09-17T04:56:55Z,2026-09-20T17:00:00Z,TB,CLE,CLE@TB,fanduel,h2h,CLE,,360
2026-09-17T04:56:55Z,2026-09-20T17:00:00Z,TB,CLE,CLE@TB,fanduel,h2h,TB,,-460
2026-09-17T04:56:55Z,2026-09-20T17:00:00Z,TB,CLE,CLE@TB,fanduel,spreads,CLE,8.5,-122
2026-09-17T04:56:55Z,2026-09-20T17:00:00Z,TB,CLE,CLE@TB,fanduel,spreads,TB,-8.5,100
2026-09-17T04:56:55Z,2026-09-20T17:00:00Z,TB,CLE,CLE@TB,fanduel,totals,Over,41.5,-105
2026-09-17T04:56:55Z,2026-09-20T17:00:00Z,TB,CLE,CLE@TB,fanduel,totals,Under,41.5,-115
2026-09-17T04:56:55Z,2026-09-20T17:00:00Z,TB,CLE,CLE@TB,lowvig,h2h,CLE,,320
2026-09-17T04:56:55Z,2026-09-20T17:00:00Z,TB,CLE,CLE@TB,lowvig,h2h,TB,,-405
2026-09-17T04:56:55Z,2026-09-20T17:00:00Z,TB,CLE,CLE@TB,lowvig,spreads,CLE,9.0,-118
2026-09-17T04:56:55Z,2026-09-20T17:00:00Z,TB,CLE,CLE@TB,lowvig,spreads,TB,-9.0,107
2026-09-17T04:56:55Z,2026-09-20T17:00:00Z,TB,CLE,CLE@TB,lowvig,totals,Over,41.5,-107
2026-09-17T04:56:55Z,2026-09-20T17:00:00Z,TB,CLE,CLE@TB,lowvig,totals,Under,41.5,-107
2026-09-17T04:56:55Z,2026-09-20T17:00:00Z,TB,CLE,CLE@TB,mybookieag,h2h,CLE,,310
2026-09-17T04:56:55Z,2026-09-20T17:00:00Z,TB,CLE,CLE@TB,mybookieag,h2h,TB,,-450
2026-09-17T04:56:55Z,2026-09-20T17:00:00Z,TB,CLE,CLE@TB,mybookieag,spreads,CLE,8.5,-110
2026-09-17T04:56:55Z,2026-09-20T17:00:00Z,TB,CLE,CLE@TB,mybookieag,spreads,TB,-8.5,-110
2026-09-17T04:56:55Z,2026-09-20T17:00:00Z,TB,CLE,CLE@TB,mybookieag,totals,Over,41.5,-110
2026-09-17T04:56:55Z,2026-09-20T17:00:00Z,TB,CLE,CLE@TB,mybookieag,totals,Under,41.5,-110
2026-09-17T04:56:55Z,2026-09-18T00:15:00Z,BUF,DET,DET@BUF,betmgm,h2h,BUF,,-225
2026-09-17T04:56:55Z,2026-09-18T00:15:00Z,BUF,DET,DET@BUF,betmgm,h2h,DET,,188
2026-09-17T04:56:55Z,2026-09-18T00:15:00Z,BUF,DET,DET@BUF,betmgm,spreads,BUF,-5.5,-108
2026-09-17T04:56:55Z,2026-09-18T00:15:00Z,BUF,DET,DET@BUF,betmgm,spreads,DET,5.5,-110
2026-09-17T04:56:55Z,2026-09-18T00:15:00Z,BUF,DET,DET@BUF,betmgm,totals,Over,55.0,-108
2026-09-17T04:56:55Z,2026-09-18T00:15:00Z,BUF,DET,DET@BUF,betmgm,totals,Under,55.0,-110
2026-09-17T04:56:55Z,2026-09-18T00:15:00Z,BUF,DET,DET@BUF,betonlineag,h2h,BUF,,-241
2026-09-17T04:56:55Z,2026-09-18T00:15:00Z,BUF,DET,DET@BUF,betonlineag,h2h,DET,,201
2026-09-17T04:56:55Z,2026-09-18T00:15:00Z,BUF,DET,DET@BUF,betonlineag,spreads,BUF,-5.5,-110
2026-09-17T04:56:55Z,2026-09-18T00:15:00Z,BUF,DET,DET@BUF,betonlineag,spreads,DET,5.5,-110
2026-09-17T04:56:55Z,2026-09-18T00:15:00Z,BUF,DET,DET@BUF,betonlineag,totals,Over,55.0,-110
2026-09-17T04:56:55Z,2026-09-18T00:15:00Z,BUF,DET,DET@BUF,betonlineag,totals,Under,55.0,-110
2026-09-17T04:56:55Z,2026-09-18T00:15:00Z,BUF,DET,DET@BUF,betrivers,h2h,BUF,,-240
2026-09-17T04:56:55Z,2026-09-18T00:15:00Z,BUF,DET,DET@BUF,betrivers,h2h,DET,,190
2026-09-17T04:56:55Z,2026-09-18T00:15:00Z,BUF,DET,DET@BUF,betrivers,spreads,BUF,-5.0,-109
2026-09-17T04:56:55Z,2026-09-18T00:15:00Z,BUF,DET,DET@BUF,betrivers,spreads,DET,5.0,-112
2026-09-17T04:56:55Z,2026-09-18T00:15:00Z,BUF,DET,DET@BUF,betrivers,totals,Over,54.5,-108
2026-09-17T04:56:55Z,2026-09-18T00:15:00Z,BUF,DET,DET@BUF,betrivers,totals,Under,54.5,-113
2026-09-17T04:56:55Z,2026-09-18T00:15:00Z,BUF,DET,DET@BUF,betus,h2h,BUF,,-235
2026-09-17T04:56:55Z,2026-09-18T00:15:00Z,BUF,DET,DET@BUF,betus,h2h,DET,,200
2026-09-17T04:56:55Z,2026-09-18T00:15:00Z,BUF,DET,DET@BUF,betus,spreads,BUF,-5.5,-110
2026-09-17T04:56:55Z,2026-09-18T00:15:00Z,BUF,DET,DET@BUF,betus,spreads,DET,5.5,-110
2026-09-17T04:56:55Z,2026-09-18T00:15:00Z,BUF,DET,DET@BUF,betus,totals,Over,55.0,-110
2026-09-17T04:56:55Z,2026-09-18T00:15:00Z,BUF,DET,DET@BUF,betus,totals,Under,55.0,-110
2026-09-17T04:56:55Z,2026-09-18T00:15:00Z,BUF,DET,DET@BUF,bovada,h2h,BUF,,-235
2026-09-17T04:56:55Z,2026-09-18T00:15:00Z,BUF,DET,DET@BUF,bovada,h2h,DET,,195
2026-09-17T04:56:55Z,2026-09-18T00:15:00Z,BUF,DET,DET@BUF,bovada,spreads,BUF,-5.5,-110
2026-09-17T04:56:55Z,2026-09-18T00:15:00Z,BUF,DET,DET@BUF,bovada,spreads,DET,5.5,-110
2026-09-17T04:56:55Z,2026-09-18T00:15:00Z,BUF,DET,DET@BUF,bovada,totals,Over,55.0,-115
2026-09-17T04:56:55Z,2026-09-18T00:15:00Z,BUF,DET,DET@BUF,bovada,totals,Under,55.0,-105
2026-09-17T04:56:55Z,2026-09-18T00:15:00Z,BUF,DET,DET@BUF,draftkings,h2h,BUF,,-238
2026-09-17T04:56:55Z,2026-09-18T00:15:00Z,BUF,DET,DET@BUF,draftkings,h2h,DET,,195
2026-09-17T04:56:55Z,2026-09-18T00:15:00Z,BUF,DET,DET@BUF,draftkings,spreads,BUF,-4.5,-118
2026-09-17T04:56:55Z,2026-09-18T00:15:00Z,BUF,DET,DET@BUF,draftkings,spreads,DET,4.5,-102
2026-09-17T04:56:55Z,2026-09-18T00:15:00Z,BUF,DET,DET@BUF,draftkings,totals,Over,54.5,-118
2026-09-17T04:56:55Z,2026-09-18T00:15:00Z,BUF,DET,DET@BUF,draftkings,totals,Under,54.5,-102
2026-09-17T04:56:55Z,2026-09-18T00:15:00Z,BUF,DET,DET@BUF,fanduel,h2h,BUF,,-240
2026-09-17T04:56:55Z,2026-09-18T00:15:00Z,BUF,DET,DET@BUF,fanduel,h2h,DET,,198
2026-09-17T04:56:55Z,2026-09-18T00:15:00Z,BUF,DET,DET@BUF,fanduel,spreads,BUF,-4.5,-115
2026-09-17T04:56:55Z,2026-09-18T00:15:00Z,BUF,DET,DET@BUF,fanduel,spreads,DET,4.5,-105
2026-09-17T04:56:55Z,2026-09-18T00:15:00Z,BUF,DET,DET@BUF,fanduel,totals,Over,54.5,-114
2026-09-17T04:56:55Z,2026-09-18T00:15:00Z,BUF,DET,DET@BUF,fanduel,totals,Under,54.5,-106
2026-09-17T04:56:55Z,2026-09-18T00:15:00Z,BUF,DET,DET@BUF,lowvig,h2h,BUF,,-241
2026-09-17T04:56:55Z,2026-09-18T00:15:00Z,BUF,DET,DET@BUF,lowvig,h2h,DET,,201
2026-09-17T04:56:55Z,2026-09-18T00:15:00Z,BUF,DET,DET@BUF,lowvig,spreads,BUF,-5.5,-101
2026-09-17T04:56:55Z,2026-09-18T00:15:00Z,BUF,DET,DET@BUF,lowvig,spreads,DET,5.5,-109
2026-09-17T04:56:55Z,2026-09-18T00:15:00Z,BUF,DET,DET@BUF,lowvig,totals,Over,55.0,-105
2026-09-17T04:56:55Z,2026-09-18T00:15:00Z,BUF,DET,DET@BUF,lowvig,totals,Under,55.0,-109
2026-09-17T04:56:55Z,2026-09-18T00:15:00Z,BUF,DET,DET@BUF,mybookieag,h2h,BUF,,-228
2026-09-17T04:56:55Z,2026-09-18T00:15:00Z,BUF,DET,DET@BUF,mybookieag,h2h,DET,,182
2026-09-17T04:56:55Z,2026-09-18T00:15:00Z,BUF,DET,DET@BUF,mybookieag,spreads,BUF,-4.5,-110
2026-09-17T04:56:55Z,2026-09-18T00:15:00Z,BUF,DET,DET@BUF,mybookieag,spreads,DET,4.5,-110
2026-09-17T04:56:55Z,2026-09-18T00:15:00Z,BUF,DET,DET@BUF,mybookieag,totals,Over,55.0,-110
2026-09-17T04:56:55Z,2026-09-18T00:15:00Z,BUF,DET,DET@BUF,mybookieag,totals,Under,55.0,-110
2026-09-17T04:56:55Z,2026-09-20T17:00:00Z,NYJ,GB,GB@NYJ,betmgm,h2h,GB,,-185
2026-09-17T04:56:55Z,2026-09-20T17:00:00Z,NYJ,GB,GB@NYJ,betmgm,h2h,NYJ,,150
2026-09-17T04:56:55Z,2026-09-20T17:00:00Z,NYJ,GB,GB@NYJ,betmgm,spreads,GB,-3.5,-105
2026-09-17T04:56:55Z,2026-09-20T17:00:00Z,NYJ,GB,GB@NYJ,betmgm,spreads,NYJ,3.5,-112
2026-09-17T04:56:55Z,2026-09-20T17:00:00Z,NYJ,GB,GB@NYJ,betmgm,totals,Over,44.5,-110
2026-09-17T04:56:55Z,2026-09-20T17:00:00Z,NYJ,GB,GB@NYJ,betmgm,totals,Under,44.5,-108
2026-09-17T04:56:55Z,2026-09-20T17:00:00Z,NYJ,GB,GB@NYJ,betonlineag,h2h,GB,,-173
2026-09-17T04:56:55Z,2026-09-20T17:00:00Z,NYJ,GB,GB@NYJ,betonlineag,h2h,NYJ,,152
2026-09-17T04:56:55Z,2026-09-20T17:00:00Z,NYJ,GB,GB@NYJ,betonlineag,spreads,GB,-3.5,-105
2026-09-17T04:56:55Z,2026-09-20T17:00:00Z,NYJ,GB,GB@NYJ,betonlineag,spreads,NYJ,3.5,-115
2026-09-17T04:56:55Z,2026-09-20T17:00:00Z,NYJ,GB,GB@NYJ,betonlineag,totals,Over,44.5,-107
2026-09-17T04:56:55Z,2026-09-20T17:00:00Z,NYJ,GB,GB@NYJ,betonlineag,totals,Under,44.5,-113
2026-09-17T04:56:55Z,2026-09-20T17:00:00Z,NYJ,GB,GB@NYJ,betrivers,h2h,GB,,-200
2026-09-17T04:56:55Z,2026-09-20T17:00:00Z,NYJ,GB,GB@NYJ,betrivers,h2h,NYJ,,163
2026-09-17T04:56:55Z,2026-09-20T17:00:00Z,NYJ,GB,GB@NYJ,betrivers,spreads,GB,-3.5,-109
2026-09-17T04:56:55Z,2026-09-20T17:00:00Z,NYJ,GB,GB@NYJ,betrivers,spreads,NYJ,3.5,-112
2026-09-17T04:56:55Z,2026-09-20T17:00:00Z,NYJ,GB,GB@NYJ,betrivers,totals,Over,44.5,-110
2026-09-17T04:56:55Z,2026-09-20T17:00:00Z,NYJ,GB,GB@NYJ,betrivers,totals,Under,44.5,-110
2026-09-17T04:56:55Z,2026-09-20T17:00:00Z,NYJ,GB,GB@NYJ,betus,h2h,GB,,-175
2026-09-17T04:56:55Z,2026-09-20T17:00:00Z,NYJ,GB,GB@NYJ,betus,h2h,NYJ,,150
2026-09-17T04:56:55Z,2026-09-20T17:00:00Z,NYJ,GB,GB@NYJ,betus,spreads,GB,-3.5,-105
2026-09-17T04:56:55Z,2026-09-20T17:00:00Z,NYJ,GB,GB@NYJ,betus,spreads,NYJ,3.5,-115
2026-09-17T04:56:55Z,2026-09-20T17:00:00Z,NYJ,GB,GB@NYJ,betus,totals,Over,44.5,-110
2026-09-17T04:56:55Z,2026-09-20T17:00:00Z,NYJ,GB,GB@NYJ,betus,totals,Under,44.5,-110
2026-09-17T04:56:55Z,2026-09-20T17:00:00Z,NYJ,GB,GB@NYJ,bovada,h2h,GB,,-175
2026-09-17T04:56:55Z,2026-09-20T17:00:00Z,NYJ,GB,GB@NYJ,bovada,h2h,NYJ,,150
2026-09-17T04:56:55Z,2026-09-20T17:00:00Z,NYJ,GB,GB@NYJ,bovada,spreads,GB,-3.0,-115
2026-09-17T04:56:55Z,2026-09-20T17:00:00Z,NYJ,GB,GB@NYJ,bovada,spreads,NYJ,3.0,-105
2026-09-17T04:56:55Z,2026-09-20T17:00:00Z,NYJ,GB,GB@NYJ,bovada,totals,Over,44.5,-110
2026-09-17T04:56:55Z,2026-09-20T17:00:00Z,NYJ,GB,GB@NYJ,bovada,totals,Under,44.5,-110
2026-09-17T04:56:55Z,2026-09-20T17:00:00Z,NYJ,GB,GB@NYJ,draftkings,h2h,GB,,-192
2026-09-17T04:56:55Z,2026-09-20T17:00:00Z,NYJ,GB,GB@NYJ,draftkings,h2h,NYJ,,160
2026-09-17T04:56:55Z,2026-09-20T17:00:00Z,NYJ,GB,GB@NYJ,draftkings,spreads,GB,-3.5,-112
2026-09-17T04:56:55Z,2026-09-20T17:00:00Z,NYJ,GB,GB@NYJ,draftkings,spreads,NYJ,3.5,-108
2026-09-17T04:56:55Z,2026-09-20T17:00:00Z,NYJ,GB,GB@NYJ,draftkings,totals,Over,44.5,-110
2026-09-17T04:56:55Z,2026-09-20T17:00:00Z,NYJ,GB,GB@NYJ,draftkings,totals,Under,44.5,-110
2026-09-17T04:56:55Z,2026-09-20T17:00:00Z,NYJ,GB,GB@NYJ,fanduel,h2h,GB,,-174
2026-09-17T04:56:55Z,2026-09-20T17:00:00Z,NYJ,GB,GB@NYJ,fanduel,h2h,NYJ,,146
2026-09-17T04:56:55Z,2026-09-20T17:00:00Z,NYJ,GB,GB@NYJ,fanduel,spreads,GB,-3.5,-105
2026-09-17T04:56:55Z,2026-09-20T17:00:00Z,NYJ,GB,GB@NYJ,fanduel,spreads,NYJ,3.5,-115
2026-09-17T04:56:55Z,2026-09-20T17:00:00Z,NYJ,GB,GB@NYJ,fanduel,totals,Over,44.5,-115
2026-09-17T04:56:55Z,2026-09-20T17:00:00Z,NYJ,GB,GB@NYJ,fanduel,totals,Under,44.5,-105
2026-09-17T04:56:55Z,2026-09-20T17:00:00Z,NYJ,GB,GB@NYJ,lowvig,h2h,GB,,-173
2026-09-17T04:56:55Z,2026-09-20T17:00:00Z,NYJ,GB,GB@NYJ,lowvig,h2h,NYJ,,152
2026-09-17T04:56:55Z,2026-09-20T17:00:00Z,NYJ,GB,GB@NYJ,lowvig,spreads,GB,-3.0,-112
2026-09-17T04:56:55Z,2026-09-20T17:00:00Z,NYJ,GB,GB@NYJ,lowvig,spreads,NYJ,3.0,101
2026-09-17T04:56:55Z,2026-09-20T17:00:00Z,NYJ,GB,GB@NYJ,lowvig,totals,Over,44.5,-104
2026-09-17T04:56:55Z,2026-09-20T17:00:00Z,NYJ,GB,GB@NYJ,lowvig,totals,Under,44.5,-110
2026-09-17T04:56:55Z,2026-09-20T17:00:00Z,NYJ,GB,GB@NYJ,mybookieag,h2h,GB,,-190
2026-09-17T04:56:55Z,2026-09-20T17:00:00Z,NYJ,GB,GB@NYJ,mybookieag,h2h,NYJ,,147
2026-09-17T04:56:55Z,2026-09-20T17:00:00Z,NYJ,GB,GB@NYJ,mybookieag,spreads,GB,-3.5,-110
2026-09-17T04:56:55Z,2026-09-20T17:00:00Z,NYJ,GB,GB@NYJ,mybookieag,spreads,NYJ,3.5,-110
2026-09-17T04:56:55Z,2026-09-20T17:00:00Z,NYJ,GB,GB@NYJ,mybookieag,totals,Over,45.0,-110
2026-09-17T04:56:55Z,2026-09-20T17:00:00Z,NYJ,GB,GB@NYJ,mybookieag,totals,Under,45.0,-110
2026-09-17T04:56:55Z,2026-09-27T17:00:00Z,IND,HOU,HOU@IND,betonlineag,spreads,HOU,-2.5,-115
2026-09-17T04:56:55Z,2026-09-27T17:00:00Z,IND,HOU,HOU@IND,betonlineag,spreads,IND,2.5,-105
2026-09-17T04:56:55Z,2026-09-27T17:00:00Z,IND,HOU,HOU@IND,betonlineag,totals,Over,44.5,-110
2026-09-17T04:56:55Z,2026-09-27T17:00:00Z,IND,HOU,HOU@IND,betonlineag,totals,Under,44.5,-110
2026-09-17T04:56:55Z,2026-09-27T17:00:00Z,IND,HOU,HOU@IND,betrivers,h2h,HOU,,-143
2026-09-17T04:56:55Z,2026-09-27T17:00:00Z,IND,HOU,HOU@IND,betrivers,h2h,IND,,118
2026-09-17T04:56:55Z,2026-09-27T17:00:00Z,IND,HOU,HOU@IND,betrivers,spreads,HOU,-2.5,-113
2026-09-17T04:56:55Z,2026-09-27T17:00:00Z,IND,HOU,HOU@IND,betrivers,spreads,IND,2.5,-108
2026-09-17T04:56:55Z,2026-09-27T17:00:00Z,IND,HOU,HOU@IND,betrivers,totals,Over,44.5,-112
2026-09-17T04:56:55Z,2026-09-27T17:00:00Z,IND,HOU,HOU@IND,betrivers,totals,Under,44.5,-109
2026-09-17T04:56:55Z,2026-09-27T17:00:00Z,IND,HOU,HOU@IND,betus,spreads,HOU,-2.5,-115
2026-09-17T04:56:55Z,2026-09-27T17:00:00Z,IND,HOU,HOU@IND,betus,spreads,IND,2.5,-105
2026-09-17T04:56:55Z,2026-09-27T17:00:00Z,IND,HOU,HOU@IND,betus,totals,Over,44.5,-110
2026-09-17T04:56:55Z,2026-09-27T17:00:00Z,IND,HOU,HOU@IND,betus,totals,Under,44.5,-110
2026-09-17T04:56:55Z,2026-09-27T17:00:00Z,IND,HOU,HOU@IND,draftkings,h2h,HOU,,-135
2026-09-17T04:56:55Z,2026-09-27T17:00:00Z,IND,HOU,HOU@IND,draftkings,h2h,IND,,114
2026-09-17T04:56:55Z,2026-09-27T17:00:00Z,IND,HOU,HOU@IND,draftkings,spreads,HOU,-2.5,-110
2026-09-17T04:56:55Z,2026-09-27T17:00:00Z,IND,HOU,HOU@IND,draftkings,spreads,IND,2.5,-110
2026-09-17T04:56:55Z,2026-09-27T17:00:00Z,IND,HOU,HOU@IND,draftkings,totals,Over,45.5,-110
2026-09-17T04:56:55Z,2026-09-27T17:00:00Z,IND,HOU,HOU@IND,draftkings,totals,Under,45.5,-110
2026-09-17T04:56:55Z,2026-09-27T17:00:00Z,IND,HOU,HOU@IND,fanduel,h2h,HOU,,-144
2026-09-17T04:56:55Z,2026-09-27T17:00:00Z,IND,HOU,HOU@IND,fanduel,h2h,IND,,122
2026-09-17T04:56:55Z,2026-09-27T17:00:00Z,IND,HOU,HOU@IND,fanduel,spreads,HOU,-2.5,-115
2026-09-17T04:56:55Z,2026-09-27T17:00:00Z,IND,HOU,HOU@IND,fanduel,spreads,IND,2.5,-105
2026-09-17T04:56:55Z,2026-09-27T17:00:00Z,IND,HOU,HOU@IND,fanduel,totals,Over,44.5,-110
2026-09-17T04:56:55Z,2026-09-27T17:00:00Z,IND,HOU,HOU@IND,fanduel,totals,Under,44.5,-110
2026-09-17T04:56:55Z,2026-09-27T17:00:00Z,IND,HOU,HOU@IND,lowvig,spreads,HOU,-2.5,-110
2026-09-17T04:56:55Z,2026-09-27T17:00:00Z,IND,HOU,HOU@IND,lowvig,spreads,IND,2.5,100
2026-09-17T04:56:55Z,2026-09-27T17:00:00Z,IND,HOU,HOU@IND,lowvig,totals,Over,44.5,-107
2026-09-17T04:56:55Z,2026-09-27T17:00:00Z,IND,HOU,HOU@IND,lowvig,totals,Under,44.5,-107
2026-09-17T04:56:55Z,2026-09-21T00:20:00Z,KC,IND,IND@KC,betmgm,h2h,IND,,240
2026-09-17T04:56:55Z,2026-09-21T00:20:00Z,KC,IND,IND@KC,betmgm,h2h,KC,,-295
2026-09-17T04:56:55Z,2026-09-21T00:20:00Z,KC,IND,IND@KC,betmgm,totals,Over,46.5,-108
2026-09-17T04:56:55Z,2026-09-21T00:20:00Z,KC,IND,IND@KC,betmgm,totals,Under,46.5,-110
2026-09-17T04:56:55Z,2026-09-21T00:20:00Z,KC,IND,IND@KC,betonlineag,h2h,IND,,237
2026-09-17T04:56:55Z,2026-09-21T00:20:00Z,KC,IND,IND@KC,betonlineag,h2h,KC,,-290
2026-09-17T04:56:55Z,2026-09-21T00:20:00Z,KC,IND,IND@KC,betonlineag,spreads,IND,6.5,-105
2026-09-17T04:56:55Z,2026-09-21T00:20:00Z,KC,IND,IND@KC,betonlineag,spreads,KC,-6.5,-115
2026-09-17T04:56:55Z,2026-09-21T00:20:00Z,KC,IND,IND@KC,betonlineag,totals,Over,46.5,-110
2026-09-17T04:56:55Z,2026-09-21T00:20:00Z,KC,IND,IND@KC,betonlineag,totals,Under,46.5,-110
2026-09-17T04:56:55Z,2026-09-21T00:20:00Z,KC,IND,IND@KC,betrivers,h2h,IND,,260
2026-09-17T04:56:55Z,2026-09-21T00:20:00Z,KC,IND,IND@KC,betrivers,h2h,KC,,-335
2026-09-17T04:56:55Z,2026-09-21T00:20:00Z,KC,IND,IND@KC,betrivers,spreads,IND,7.0,-118
2026-09-17T04:56:55Z,2026-09-21T00:20:00Z,KC,IND,IND@KC,betrivers,spreads,KC,-7.0,-104
2026-09-17T04:56:55Z,2026-09-21T00:20:00Z,KC,IND,IND@KC,betrivers,totals,Over,47.0,-107
2026-09-17T04:56:55Z,2026-09-21T00:20:00Z,KC,IND,IND@KC,betrivers,totals,Under,47.0,-114
2026-09-17T04:56:55Z,2026-09-21T00:20:00Z,KC,IND,IND@KC,betus,h2h,IND,,250
2026-09-17T04:56:55Z,2026-09-21T00:20:00Z,KC,IND,IND@KC,betus,h2h,KC,,-300
2026-09-17T04:56:55Z,2026-09-21T00:20:00Z,KC,IND,IND@KC,betus,spreads,IND,6.5,-110
2026-09-17T04:56:55Z,2026-09-21T00:20:00Z,KC,IND,IND@KC,betus,spreads,KC,-6.5,-110
2026-09-17T04:56:55Z,2026-09-21T00:20:00Z,KC,IND,IND@KC,betus,totals,Over,46.5,-110
2026-09-17T04:56:55Z,2026-09-21T00:20:00Z,KC,IND,IND@KC,betus,totals,Under,46.5,-110
2026-09-17T04:56:55Z,2026-09-21T00:20:00Z,KC,IND,IND@KC,bovada,h2h,IND,,225
2026-09-17T04:56:55Z,2026-09-21T00:20:00Z,KC,IND,IND@KC,bovada,h2h,KC,,-275
2026-09-17T04:56:55Z,2026-09-21T00:20:00Z,KC,IND,IND@KC,bovada,spreads,IND,6.5,-110
2026-09-17T04:56:55Z,2026-09-21T00:20:00Z,KC,IND,IND@KC,bovada,spreads,KC,-6.5,-110
2026-09-17T04:56:55Z,2026-09-21T00:20:00Z,KC,IND,IND@KC,bovada,totals,Over,46.5,-105
2026-09-17T04:56:55Z,2026-09-21T00:20:00Z,KC,IND,IND@KC,bovada,totals,Under,46.5,-115
2026-09-17T04:56:55Z,2026-09-21T00:20:00Z,KC,IND,IND@KC,draftkings,h2h,IND,,230
2026-09-17T04:56:55Z,2026-09-21T00:20:00Z,KC,IND,IND@KC,draftkings,h2h,KC,,-285
2026-09-17T04:56:55Z,2026-09-21T00:20:00Z,KC,IND,IND@KC,draftkings,spreads,IND,6.5,100
2026-09-17T04:56:55Z,2026-09-21T00:20:00Z,KC,IND,IND@KC,draftkings,spreads,KC,-6.5,-120
2026-09-17T04:56:55Z,2026-09-21T00:20:00Z,KC,IND,IND@KC,draftkings,totals,Over,46.5,-110
2026-09-17T04:56:55Z,2026-09-21T00:20:00Z,KC,IND,IND@KC,draftkings,totals,Under,46.5,-110
2026-09-17T04:56:55Z,2026-09-21T00:20:00Z,KC,IND,IND@KC,fanduel,h2h,IND,,265
2026-09-17T04:56:55Z,2026-09-21T00:20:00Z,KC,IND,IND@KC,fanduel,h2h,KC,,-330
2026-09-17T04:56:55Z,2026-09-21T00:20:00Z,KC,IND,IND@KC,fanduel,spreads,IND,6.5,-105
2026-09-17T04:56:55Z,2026-09-21T00:20:00Z,KC,IND,IND@KC,fanduel,spreads,KC,-6.5,-115
2026-09-17T04:56:55Z,2026-09-21T00:20:00Z,KC,IND,IND@KC,fanduel,totals,Over,46.5,-110
2026-09-17T04:56:55Z,2026-09-21T00:20:00Z,KC,IND,IND@KC,fanduel,totals,Under,46.5,-110
2026-09-17T04:56:55Z,2026-09-21T00:20:00Z,KC,IND,IND@KC,lowvig,h2h,IND,,237
2026-09-17T04:56:55Z,2026-09-21T00:20:00Z,KC,IND,IND@KC,lowvig,h2h,KC,,-290
2026-09-17T04:56:55Z,2026-09-21T00:20:00Z,KC,IND,IND@KC,lowvig,spreads,IND,6.5,100
2026-09-17T04:56:55Z,2026-09-21T00:20:00Z,KC,IND,IND@KC,lowvig,spreads,KC,-6.5,-110
2026-09-17T04:56:55Z,2026-09-21T00:20:00Z,KC,IND,IND@KC,lowvig,totals,Over,46.5,-107
2026-09-17T04:56:55Z,2026-09-21T00:20:00Z,KC,IND,IND@KC,lowvig,totals,Under,46.5,-107
2026-09-17T04:56:55Z,2026-09-21T00:20:00Z,KC,IND,IND@KC,mybookieag,h2h,IND,,230
2026-09-17T04:56:55Z,2026-09-21T00:20:00Z,KC,IND,IND@KC,mybookieag,h2h,KC,,-310
2026-09-17T04:56:55Z,2026-09-21T00:20:00Z,KC,IND,IND@KC,mybookieag,spreads,IND,6.5,-105
2026-09-17T04:56:55Z,2026-09-21T00:20:00Z,KC,IND,IND@KC,mybookieag,spreads,KC,-6.5,-115
2026-09-17T04:56:55Z,2026-09-21T00:20:00Z,KC,IND,IND@KC,mybookieag,totals,Over,46.5,-110
2026-09-17T04:56:55Z,2026-09-21T00:20:00Z,KC,IND,IND@KC,mybookieag,totals,Under,46.5,-110
2026-09-17T04:56:55Z,2026-09-20T20:05:00Z,DEN,JAX,JAX@DEN,betmgm,h2h,DEN,,-150
2026-09-17T04:56:55Z,2026-09-20T20:05:00Z,DEN,JAX,JAX@DEN,betmgm,h2h,JAX,,125
2026-09-17T04:56:55Z,2026-09-20T20:05:00Z,DEN,JAX,JAX@DEN,betmgm,spreads,DEN,-2.5,-118
2026-09-17T04:56:55Z,2026-09-20T20:05:00Z,DEN,JAX,JAX@DEN,betmgm,spreads,JAX,2.5,-102
2026-09-17T04:56:55Z,2026-09-20T20:05:00Z,DEN,JAX,JAX@DEN,betmgm,totals,Over,45.5,-108
2026-09-17T04:56:55Z,2026-09-20T20:05:00Z,DEN,JAX,JAX@DEN,betmgm,totals,Under,45.5,-110
2026-09-17T04:56:55Z,2026-09-20T20:05:00Z,DEN,JAX,JAX@DEN,betonlineag,h2h,DEN,,-153
2026-09-17T04:56:55Z,2026-09-20T20:05:00Z,DEN,JAX,JAX@DEN,betonlineag,h2h,JAX,,133
2026-09-17T04:56:55Z,2026-09-20T20:05:00Z,DEN,JAX,JAX@DEN,betonlineag,spreads,DEN,-2.5,-120
2026-09-17T04:56:55Z,2026-09-20T20:05:00Z,DEN,JAX,JAX@DEN,betonlineag,spreads,JAX,2.5,100
2026-09-17T04:56:55Z,2026-09-20T20:05:00Z,DEN,JAX,JAX@DEN,betonlineag,totals,Over,45.5,-110
2026-09-17T04:56:55Z,2026-09-20T20:05:00Z,DEN,JAX,JAX@DEN,betonlineag,totals,Under,45.5,-110
2026-09-17T04:56:55Z,2026-09-20T20:05:00Z,DEN,JAX,JAX@DEN,betrivers,h2h,DEN,,-155
2026-09-17T04:56:55Z,2026-09-20T20:05:00Z,DEN,JAX,JAX@DEN,betrivers,h2h,JAX,,130
2026-09-17T04:56:55Z,2026-09-20T20:05:00Z,DEN,JAX,JAX@DEN,betrivers,spreads,DEN,-3.0,-109
2026-09-17T04:56:55Z,2026-09-20T20:05:00Z,DEN,JAX,JAX@DEN,betrivers,spreads,JAX,3.0,-112
2026-09-17T04:56:55Z,2026-09-20T20:05:00Z,DEN,JAX,JAX@DEN,betrivers,totals,Over,45.0,-110
2026-09-17T04:56:55Z,2026-09-20T20:05:00Z,DEN,JAX,JAX@DEN,betrivers,totals,Under,45.0,-110
2026-09-17T04:56:55Z,2026-09-20T20:05:00Z,DEN,JAX,JAX@DEN,betus,h2h,DEN,,-155
2026-09-17T04:56:55Z,2026-09-20T20:05:00Z,DEN,JAX,JAX@DEN,betus,h2h,JAX,,134
2026-09-17T04:56:55Z,2026-09-20T20:05:00Z,DEN,JAX,JAX@DEN,betus,spreads,DEN,-2.0,-120
2026-09-17T04:56:55Z,2026-09-20T20:05:00Z,DEN,JAX,JAX@DEN,betus,spreads,JAX,2.0,100
2026-09-17T04:56:55Z,2026-09-20T20:05:00Z,DEN,JAX,JAX@DEN,betus,totals,Over,45.5,-110
2026-09-17T04:56:55Z,2026-09-20T20:05:00Z,DEN,JAX,JAX@DEN,betus,totals,Under,45.5,-110
2026-09-17T04:56:55Z,2026-09-20T20:05:00Z,DEN,JAX,JAX@DEN,bovada,h2h,DEN,,-160
2026-09-17T04:56:55Z,2026-09-20T20:05:00Z,DEN,JAX,JAX@DEN,bovada,h2h,JAX,,135
2026-09-17T04:56:55Z,2026-09-20T20:05:00Z,DEN,JAX,JAX@DEN,bovada,spreads,DEN,-3.0,100
2026-09-17T04:56:55Z,2026-09-20T20:05:00Z,DEN,JAX,JAX@DEN,bovada,spreads,JAX,3.0,-120
2026-09-17T04:56:55Z,2026-09-20T20:05:00Z,DEN,JAX,JAX@DEN,bovada,totals,Over,45.0,-115
2026-09-17T04:56:55Z,2026-09-20T20:05:00Z,DEN,JAX,JAX@DEN,bovada,totals,Under,45.0,-105
2026-09-17T04:56:55Z,2026-09-20T20:05:00Z,DEN,JAX,JAX@DEN,draftkings,h2h,DEN,,-148
2026-09-17T04:56:55Z,2026-09-20T20:05:00Z,DEN,JAX,JAX@DEN,draftkings,h2h,JAX,,124
2026-09-17T04:56:55Z,2026-09-20T20:05:00Z,DEN,JAX,JAX@DEN,draftkings,spreads,DEN,-2.5,-118
2026-09-17T04:56:55Z,2026-09-20T20:05:00Z,DEN,JAX,JAX@DEN,draftkings,spreads,JAX,2.5,-102
2026-09-17T04:56:55Z,2026-09-20T20:05:00Z,DEN,JAX,JAX@DEN,draftkings,totals,Over,45.5,-108
2026-09-17T04:56:55Z,2026-09-20T20:05:00Z,DEN,JAX,JAX@DEN,draftkings,totals,Under,45.5,-112
2026-09-17T04:56:55Z,2026-09-20T20:05:00Z,DEN,JAX,JAX@DEN,fanduel,h2h,DEN,,-148
2026-09-17T04:56:55Z,2026-09-20T20:05:00Z,DEN,JAX,JAX@DEN,fanduel,h2h,JAX,,126
2026-09-17T04:56:55Z,2026-09-20T20:05:00Z,DEN,JAX,JAX@DEN,fanduel,spreads,DEN,-2.5,-120
2026-09-17T04:56:55Z,2026-09-20T20:05:00Z,DEN,JAX,JAX@DEN,fanduel,spreads,JAX,2.5,-102
2026-09-17T04:56:55Z,2026-09-20T20:05:00Z,DEN,JAX,JAX@DEN,fanduel,totals,Over,45.5,-105
2026-09-17T04:56:55Z,2026-09-20T20:05:00Z,DEN,JAX,JAX@DEN,fanduel,totals,Under,45.5,-115
2026-09-17T04:56:55Z,2026-09-20T20:05:00Z,DEN,JAX,JAX@DEN,lowvig,h2h,DEN,,-153
2026-09-17T04:56:55Z,2026-09-20T20:05:00Z,DEN,JAX,JAX@DEN,lowvig,h2h,JAX,,133
2026-09-17T04:56:55Z,2026-09-20T20:05:00Z,DEN,JAX,JAX@DEN,lowvig,spreads,DEN,-2.5,-118
2026-09-17T04:56:55Z,2026-09-20T20:05:00Z,DEN,JAX,JAX@DEN,lowvig,spreads,JAX,2.5,107
2026-09-17T04:56:55Z,2026-09-20T20:05:00Z,DEN,JAX,JAX@DEN,lowvig,totals,Over,45.5,-107
2026-09-17T04:56:55Z,2026-09-20T20:05:00Z,DEN,JAX,JAX@DEN,lowvig,totals,Under,45.5,-107
2026-09-17T04:56:55Z,2026-09-20T20:05:00Z,DEN,JAX,JAX@DEN,mybookieag,h2h,DEN,,-146
2026-09-17T04:56:55Z,2026-09-20T20:05:00Z,DEN,JAX,JAX@DEN,mybookieag,h2h,JAX,,115
2026-09-17T04:56:55Z,2026-09-20T20:05:00Z,DEN,JAX,JAX@DEN,mybookieag,spreads,DEN,-2.5,-115
2026-09-17T04:56:55Z,2026-09-20T20:05:00Z,DEN,JAX,JAX@DEN,mybookieag,spreads,JAX,2.5,-105
2026-09-17T04:56:55Z,2026-09-20T20:05:00Z,DEN,JAX,JAX@DEN,mybookieag,totals,Over,45.5,-110
2026-09-17T04:56:55Z,2026-09-20T20:05:00Z,DEN,JAX,JAX@DEN,mybookieag,totals,Under,45.5,-110
2026-09-17T04:56:55Z,2026-09-27T17:00:00Z,MIA,KC,KC@MIA,betonlineag,spreads,KC,-8.5,-110
2026-09-17T04:56:55Z,2026-09-27T17:00:00Z,MIA,KC,KC@MIA,betonlineag,spreads,MIA,8.5,-110
2026-09-17T04:56:55Z,2026-09-27T17:00:00Z,MIA,KC,KC@MIA,betonlineag,totals,Over,44.5,-110
2026-09-17T04:56:55Z,2026-09-27T17:00:00Z,MIA,KC,KC@MIA,betonlineag,totals,Under,44.5,-110
2026-09-17T04:56:55Z,2026-09-27T17:00:00Z,MIA,KC,KC@MIA,betrivers,h2h,KC,,-480
2026-09-17T04:56:55Z,2026-09-27T17:00:00Z,MIA,KC,KC@MIA,betrivers,h2h,MIA,,350
2026-09-17T04:56:55Z,2026-09-27T17:00:00Z,MIA,KC,KC@MIA,betrivers,spreads,KC,-8.5,-109
2026-09-17T04:56:55Z,2026-09-27T17:00:00Z,MIA,KC,KC@MIA,betrivers,spreads,MIA,8.5,-112
2026-09-17T04:56:55Z,2026-09-27T17:00:00Z,MIA,KC,KC@MIA,betrivers,totals,Over,44.5,-109
2026-09-17T04:56:55Z,2026-09-27T17:00:00Z,MIA,KC,KC@MIA,betrivers,totals,Under,44.5,-112
2026-09-17T04:56:55Z,2026-09-27T17:00:00Z,MIA,KC,KC@MIA,betus,spreads,KC,-8.5,-110
2026-09-17T04:56:55Z,2026-09-27T17:00:00Z,MIA,KC,KC@MIA,betus,spreads,MIA,8.5,-110
2026-09-17T04:56:55Z,2026-09-27T17:00:00Z,MIA,KC,KC@MIA,betus,totals,Over,44.5,-110
2026-09-17T04:56:55Z,2026-09-27T17:00:00Z,MIA,KC,KC@MIA,betus,totals,Under,44.5,-110
2026-09-17T04:56:55Z,2026-09-27T17:00:00Z,MIA,KC,KC@MIA,draftkings,h2h,KC,,-455
2026-09-17T04:56:55Z,2026-09-27T17:00:00Z,MIA,KC,KC@MIA,draftkings,h2h,MIA,,350
2026-09-17T04:56:55Z,2026-09-27T17:00:00Z,MIA,KC,KC@MIA,draftkings,spreads,KC,-8.5,-110
2026-09-17T04:56:55Z,2026-09-27T17:00:00Z,MIA,KC,KC@MIA,draftkings,spreads,MIA,8.5,-110
2026-09-17T04:56:55Z,2026-09-27T17:00:00Z,MIA,KC,KC@MIA,draftkings,totals,Over,44.5,-110
2026-09-17T04:56:55Z,2026-09-27T17:00:00Z,MIA,KC,KC@MIA,draftkings,totals,Under,44.5,-110
2026-09-17T04:56:55Z,2026-09-27T17:00:00Z,MIA,KC,KC@MIA,fanduel,h2h,KC,,-590
2026-09-17T04:56:55Z,2026-09-27T17:00:00Z,MIA,KC,KC@MIA,fanduel,h2h,MIA,,430
2026-09-17T04:56:55Z,2026-09-27T17:00:00Z,MIA,KC,KC@MIA,fanduel,spreads,KC,-8.5,-115
2026-09-17T04:56:55Z,2026-09-27T17:00:00Z,MIA,KC,KC@MIA,fanduel,spreads,MIA,8.5,-105
2026-09-17T04:56:55Z,2026-09-27T17:00:00Z,MIA,KC,KC@MIA,fanduel,totals,Over,44.5,-110
2026-09-17T04:56:55Z,2026-09-27T17:00:00Z,MIA,KC,KC@MIA,fanduel,totals,Under,44.5,-110
2026-09-17T04:56:55Z,2026-09-27T17:00:00Z,MIA,KC,KC@MIA,lowvig,spreads,KC,-8.5,-105
2026-09-17T04:56:55Z,2026-09-27T17:00:00Z,MIA,KC,KC@MIA,lowvig,spreads,MIA,8.5,-105
2026-09-17T04:56:55Z,2026-09-27T17:00:00Z,MIA,KC,KC@MIA,lowvig,totals,Over,44.5,-107
2026-09-17T04:56:55Z,2026-09-27T17:00:00Z,MIA,KC,KC@MIA,lowvig,totals,Under,44.5,-107
2026-09-17T04:56:55Z,2026-09-28T00:20:00Z,DEN,LA,LA@DEN,betonlineag,spreads,DEN,2.5,-115
2026-09-17T04:56:55Z,2026-09-28T00:20:00Z,DEN,LA,LA@DEN,betonlineag,spreads,LA,-2.5,-105
2026-09-17T04:56:55Z,2026-09-28T00:20:00Z,DEN,LA,LA@DEN,betonlineag,totals,Over,45.5,-110
2026-09-17T04:56:55Z,2026-09-28T00:20:00Z,DEN,LA,LA@DEN,betonlineag,totals,Under,45.5,-110
2026-09-17T04:56:55Z,2026-09-28T00:20:00Z,DEN,LA,LA@DEN,betrivers,h2h,DEN,,108
2026-09-17T04:56:55Z,2026-09-28T00:20:00Z,DEN,LA,LA@DEN,betrivers,h2h,LA,,-132
2026-09-17T04:56:55Z,2026-09-28T00:20:00Z,DEN,LA,LA@DEN,betrivers,spreads,DEN,2.5,-113
2026-09-17T04:56:55Z,2026-09-28T00:20:00Z,DEN,LA,LA@DEN,betrivers,spreads,LA,-2.5,-108
2026-09-17T04:56:55Z,2026-09-28T00:20:00Z,DEN,LA,LA@DEN,betrivers,totals,Over,46.5,-110
2026-09-17T04:56:55Z,2026-09-28T00:20:00Z,DEN,LA,LA@DEN,betrivers,totals,Under,46.5,-110
2026-09-17T04:56:55Z,2026-09-28T00:20:00Z,DEN,LA,LA@DEN,betus,spreads,DEN,2.5,-115
2026-09-17T04:56:55Z,2026-09-28T00:20:00Z,DEN,LA,LA@DEN,betus,spreads,LA,-2.5,-105
2026-09-17T04:56:55Z,2026-09-28T00:20:00Z,DEN,LA,LA@DEN,betus,totals,Over,45.5,-110
2026-09-17T04:56:55Z,2026-09-28T00:20:00Z,DEN,LA,LA@DEN,betus,totals,Under,45.5,-110
2026-09-17T04:56:55Z,2026-09-28T00:20:00Z,DEN,LA,LA@DEN,draftkings,h2h,DEN,,114
2026-09-17T04:56:55Z,2026-09-28T00:20:00Z,DEN,LA,LA@DEN,draftkings,h2h,LA,,-135
2026-09-17T04:56:55Z,2026-09-28T00:20:00Z,DEN,LA,LA@DEN,draftkings,spreads,DEN,2.5,-110
2026-09-17T04:56:55Z,2026-09-28T00:20:00Z,DEN,LA,LA@DEN,draftkings,spreads,LA,-2.5,-110
2026-09-17T04:56:55Z,2026-09-28T00:20:00Z,DEN,LA,LA@DEN,draftkings,totals,Over,46.5,-110
2026-09-17T04:56:55Z,2026-09-28T00:20:00Z,DEN,LA,LA@DEN,draftkings,totals,Under,46.5,-110
2026-09-17T04:56:55Z,2026-09-28T00:20:00Z,DEN,LA,LA@DEN,fanduel,h2h,DEN,,112
2026-09-17T04:56:55Z,2026-09-28T00:20:00Z,DEN,LA,LA@DEN,fanduel,h2h,LA,,-132
2026-09-17T04:56:55Z,2026-09-28T00:20:00Z,DEN,LA,LA@DEN,fanduel,spreads,DEN,2.5,-112
2026-09-17T04:56:55Z,2026-09-28T00:20:00Z,DEN,LA,LA@DEN,fanduel,spreads,LA,-2.5,-108
2026-09-17T04:56:55Z,2026-09-28T00:20:00Z,DEN,LA,LA@DEN,fanduel,totals,Over,46.5,-105
2026-09-17T04:56:55Z,2026-09-28T00:20:00Z,DEN,LA,LA@DEN,fanduel,totals,Under,46.5,-115
2026-09-17T04:56:55Z,2026-09-28T00:20:00Z,DEN,LA,LA@DEN,lowvig,spreads,DEN,2.5,-110
2026-09-17T04:56:55Z,2026-09-28T00:20:00Z,DEN,LA,LA@DEN,lowvig,spreads,LA,-2.5,100
2026-09-17T04:56:55Z,2026-09-28T00:20:00Z,DEN,LA,LA@DEN,lowvig,totals,Over,45.5,-107
2026-09-17T04:56:55Z,2026-09-28T00:20:00Z,DEN,LA,LA@DEN,lowvig,totals,Under,45.5,-107
2026-09-17T04:56:55Z,2026-09-27T17:00:00Z,BUF,LAC,LAC@BUF,betonlineag,spreads,BUF,-4.0,-110
2026-09-17T04:56:55Z,2026-09-27T17:00:00Z,BUF,LAC,LAC@BUF,betonlineag,spreads,LAC,4.0,-110
2026-09-17T04:56:55Z,2026-09-27T17:00:00Z,BUF,LAC,LAC@BUF,betonlineag,totals,Over,49.5,-110
2026-09-17T04:56:55Z,2026-09-27T17:00:00Z,BUF,LAC,LAC@BUF,betonlineag,totals,Under,49.5,-110
2026-09-17T04:56:55Z,2026-09-27T17:00:00Z,BUF,LAC,LAC@BUF,betrivers,h2h,BUF,,-225
2026-09-17T04:56:55Z,2026-09-27T17:00:00Z,BUF,LAC,LAC@BUF,betrivers,h2h,LAC,,180
2026-09-17T04:56:55Z,2026-09-27T17:00:00Z,BUF,LAC,LAC@BUF,betrivers,spreads,BUF,-4.5,-110
2026-09-17T04:56:55Z,2026-09-27T17:00:00Z,BUF,LAC,LAC@BUF,betrivers,spreads,LAC,4.5,-110
2026-09-17T04:56:55Z,2026-09-27T17:00:00Z,BUF,LAC,LAC@BUF,betrivers,totals,Over,49.5,-108
2026-09-17T04:56:55Z,2026-09-27T17:00:00Z,BUF,LAC,LAC@BUF,betrivers,totals,Under,49.5,-113
2026-09-17T04:56:55Z,2026-09-27T17:00:00Z,BUF,LAC,LAC@BUF,betus,spreads,BUF,-4.0,-110
2026-09-17T04:56:55Z,2026-09-27T17:00:00Z,BUF,LAC,LAC@BUF,betus,spreads,LAC,4.0,-110
2026-09-17T04:56:55Z,2026-09-27T17:00:00Z,BUF,LAC,LAC@BUF,betus,totals,Over,49.5,-110
2026-09-17T04:56:55Z,2026-09-27T17:00:00Z,BUF,LAC,LAC@BUF,betus,totals,Under,49.5,-110
2026-09-17T04:56:55Z,2026-09-27T17:00:00Z,BUF,LAC,LAC@BUF,draftkings,h2h,BUF,,-225
2026-09-17T04:56:55Z,2026-09-27T17:00:00Z,BUF,LAC,LAC@BUF,draftkings,h2h,LAC,,185
2026-09-17T04:56:55Z,2026-09-27T17:00:00Z,BUF,LAC,LAC@BUF,draftkings,spreads,BUF,-4.5,-110
2026-09-17T04:56:55Z,2026-09-27T17:00:00Z,BUF,LAC,LAC@BUF,draftkings,spreads,LAC,4.5,-110
2026-09-17T04:56:55Z,2026-09-27T17:00:00Z,BUF,LAC,LAC@BUF,draftkings,totals,Over,49.5,-110
2026-09-17T04:56:55Z,2026-09-27T17:00:00Z,BUF,LAC,LAC@BUF,draftkings,totals,Under,49.5,-110
2026-09-17T04:56:55Z,2026-09-27T17:00:00Z,BUF,LAC,LAC@BUF,fanduel,h2h,BUF,,-215
2026-09-17T04:56:55Z,2026-09-27T17:00:00Z,BUF,LAC,LAC@BUF,fanduel,h2h,LAC,,180
2026-09-17T04:56:55Z,2026-09-27T17:00:00Z,BUF,LAC,LAC@BUF,fanduel,spreads,BUF,-3.5,-120
2026-09-17T04:56:55Z,2026-09-27T17:00:00Z,BUF,LAC,LAC@BUF,fanduel,spreads,LAC,3.5,-102
2026-09-17T04:56:55Z,2026-09-27T17:00:00Z,BUF,LAC,LAC@BUF,fanduel,totals,Over,50.5,-115
2026-09-17T04:56:55Z,2026-09-27T17:00:00Z,BUF,LAC,LAC@BUF,fanduel,totals,Under,50.5,-105
2026-09-17T04:56:55Z,2026-09-27T17:00:00Z,BUF,LAC,LAC@BUF,lowvig,spreads,BUF,-4.0,-105
2026-09-17T04:56:55Z,2026-09-27T17:00:00Z,BUF,LAC,LAC@BUF,lowvig,spreads,LAC,4.0,-105
2026-09-17T04:56:55Z,2026-09-27T17:00:00Z,BUF,LAC,LAC@BUF,lowvig,totals,Over,49.5,-107
2026-09-17T04:56:55Z,2026-09-27T17:00:00Z,BUF,LAC,LAC@BUF,lowvig,totals,Under,49.5,-107
2026-09-17T04:56:55Z,2026-09-20T20:05:00Z,LAC,LV,LV@LAC,betmgm,h2h,LV,,240
2026-09-17T04:56:55Z,2026-09-20T20:05:00Z,LAC,LV,LV@LAC,betmgm,h2h,LAC,,-300
2026-09-17T04:56:55Z,2026-09-20T20:05:00Z,LAC,LV,LV@LAC,betmgm,spreads,LV,6.5,-105
2026-09-17T04:56:55Z,2026-09-20T20:05:00Z,LAC,LV,LV@LAC,betmgm,spreads,LAC,-6.5,-112
2026-09-17T04:56:55Z,2026-09-20T20:05:00Z,LAC,LV,LV@LAC,betmgm,totals,Over,43.5,-108
2026-09-17T04:56:55Z,2026-09-20T20:05:00Z,LAC,LV,LV@LAC,betmgm,totals,Under,43.5,-110
2026-09-17T04:56:55Z,2026-09-20T20:05:00Z,LAC,LV,LV@LAC,betonlineag,h2h,LV,,237
2026-09-17T04:56:55Z,2026-09-20T20:05:00Z,LAC,LV,LV@LAC,betonlineag,h2h,LAC,,-290
2026-09-17T04:56:55Z,2026-09-20T20:05:00Z,LAC,LV,LV@LAC,betonlineag,spreads,LV,6.5,-110
2026-09-17T04:56:55Z,2026-09-20T20:05:00Z,LAC,LV,LV@LAC,betonlineag,spreads,LAC,-6.5,-110
2026-09-17T04:56:55Z,2026-09-20T20:05:00Z,LAC,LV,LV@LAC,betonlineag,totals,Over,43.5,-105
2026-09-17T04:56:55Z,2026-09-20T20:05:00Z,LAC,LV,LV@LAC,betonlineag,totals,Under,43.5,-115
2026-09-17T04:56:55Z,2026-09-20T20:05:00Z,LAC,LV,LV@LAC,betrivers,h2h,LV,,245
2026-09-17T04:56:55Z,2026-09-20T20:05:00Z,LAC,LV,LV@LAC,betrivers,h2h,LAC,,-315
2026-09-17T04:56:55Z,2026-09-20T20:05:00Z,LAC,LV,LV@LAC,betrivers,spreads,LV,6.5,-104
2026-09-17T04:56:55Z,2026-09-20T20:05:00Z,LAC,LV,LV@LAC,betrivers,spreads,LAC,-6.5,-118
2026-09-17T04:56:55Z,2026-09-20T20:05:00Z,LAC,LV,LV@LAC,betrivers,totals,Over,43.5,-109
2026-09-17T04:56:55Z,2026-09-20T20:05:00Z,LAC,LV,LV@LAC,betrivers,totals,Under,43.5,-112
2026-09-17T04:56:55Z,2026-09-20T20:05:00Z,LAC,LV,LV@LAC,betus,h2h,LV,,240
2026-09-17T04:56:55Z,2026-09-20T20:05:00Z,LAC,LV,LV@LAC,betus,h2h,LAC,,-290
2026-09-17T04:56:55Z,2026-09-20T20:05:00Z,LAC,LV,LV@LAC,betus,spreads,LV,7.0,-120
2026-09-17T04:56:55Z,2026-09-20T20:05:00Z,LAC,LV,LV@LAC,betus,spreads,LAC,-7.0,100
2026-09-17T04:56:55Z,2026-09-20T20:05:00Z,LAC,LV,LV@LAC,betus,totals,Over,43.5,-105
2026-09-17T04:56:55Z,2026-09-20T20:05:00Z,LAC,LV,LV@LAC,betus,totals,Under,43.5,-115
2026-09-17T04:56:55Z,2026-09-20T20:05:00Z,LAC,LV,LV@LAC,bovada,h2h,LV,,250
2026-09-17T04:56:55Z,2026-09-20T20:05:00Z,LAC,LV,LV@LAC,bovada,h2h,LAC,,-300
2026-09-17T04:56:55Z,2026-09-20T20:05:00Z,LAC,LV,LV@LAC,bovada,spreads,LV,6.5,-110
2026-09-17T04:56:55Z,2026-09-20T20:05:00Z,LAC,LV,LV@LAC,bovada,spreads,LAC,-6.5,-110
2026-09-17T04:56:55Z,2026-09-20T20:05:00Z,LAC,LV,LV@LAC,bovada,totals,Over,43.5,-105
2026-09-17T04:56:55Z,2026-09-20T20:05:00Z,LAC,LV,LV@LAC,bovada,totals,Under,43.5,-115
2026-09-17T04:56:55Z,2026-09-20T20:05:00Z,LAC,LV,LV@LAC,draftkings,h2h,LV,,245
2026-09-17T04:56:55Z,2026-09-20T20:05:00Z,LAC,LV,LV@LAC,draftkings,h2h,LAC,,-305
2026-09-17T04:56:55Z,2026-09-20T20:05:00Z,LAC,LV,LV@LAC,draftkings,spreads,LV,6.5,-102
2026-09-17T04:56:55Z,2026-09-20T20:05:00Z,LAC,LV,LV@LAC,draftkings,spreads,LAC,-6.5,-118
2026-09-17T04:56:55Z,2026-09-20T20:05:00Z,LAC,LV,LV@LAC,draftkings,totals,Over,43.5,-110
2026-09-17T04:56:55Z,2026-09-20T20:05:00Z,LAC,LV,LV@LAC,draftkings,totals,Under,43.5,-110
2026-09-17T04:56:55Z,2026-09-20T20:05:00Z,LAC,LV,LV@LAC,fanduel,h2h,LV,,250
2026-09-17T04:56:55Z,2026-09-20T20:05:00Z,LAC,LV,LV@LAC,fanduel,h2h,LAC,,-310
2026-09-17T04:56:55Z,2026-09-20T20:05:00Z,LAC,LV,LV@LAC,fanduel,spreads,LV,6.5,-105
2026-09-17T04:56:55Z,2026-09-20T20:05:00Z,LAC,LV,LV@LAC,fanduel,spreads,LAC,-6.5,-115
2026-09-17T04:56:55Z,2026-09-20T20:05:00Z,LAC,LV,LV@LAC,fanduel,totals,Over,43.5,-110
2026-09-17T04:56:55Z,2026-09-20T20:05:00Z,LAC,LV,LV@LAC,fanduel,totals,Under,43.5,-110
2026-09-17T04:56:55Z,2026-09-20T20:05:00Z,LAC,LV,LV@LAC,lowvig,h2h,LV,,237
2026-09-17T04:56:55Z,2026-09-20T20:05:00Z,LAC,LV,LV@LAC,lowvig,h2h,LAC,,-290
2026-09-17T04:56:55Z,2026-09-20T20:05:00Z,LAC,LV,LV@LAC,lowvig,spreads,LV,6.5,-105
2026-09-17T04:56:55Z,2026-09-20T20:05:00Z,LAC,LV,LV@LAC,lowvig,spreads,LAC,-6.5,-105
2026-09-17T04:56:55Z,2026-09-20T20:05:00Z,LAC,LV,LV@LAC,lowvig,totals,Over,43.5,-102
2026-09-17T04:56:55Z,2026-09-20T20:05:00Z,LAC,LV,LV@LAC,lowvig,totals,Under,43.5,-113
2026-09-17T04:56:55Z,2026-09-20T20:05:00Z,LAC,LV,LV@LAC,mybookieag,h2h,LV,,230
2026-09-17T04:56:55Z,2026-09-20T20:05:00Z,LAC,LV,LV@LAC,mybookieag,h2h,LAC,,-310
2026-09-17T04:56:55Z,2026-09-20T20:05:00Z,LAC,LV,LV@LAC,mybookieag,spreads,LV,6.5,-110
2026-09-17T04:56:55Z,2026-09-20T20:05:00Z,LAC,LV,LV@LAC,mybookieag,spreads,LAC,-6.5,-110
2026-09-17T04:56:55Z,2026-09-20T20:05:00Z,LAC,LV,LV@LAC,mybookieag,totals,Over,43.5,-110
2026-09-17T04:56:55Z,2026-09-20T20:05:00Z,LAC,LV,LV@LAC,mybookieag,totals,Under,43.5,-110
2026-09-17T04:56:55Z,2026-09-27T20:25:00Z,NO,LV,LV@NO,betonlineag,spreads,LV,3.0,100
2026-09-17T04:56:55Z,2026-09-27T20:25:00Z,NO,LV,LV@NO,betonlineag,spreads,NO,-3.0,-120
2026-09-17T04:56:55Z,2026-09-27T20:25:00Z,NO,LV,LV@NO,betonlineag,totals,Over,44.5,-110
2026-09-17T04:56:55Z,2026-09-27T20:25:00Z,NO,LV,LV@NO,betonlineag,totals,Under,44.5,-110
2026-09-17T04:56:55Z,2026-09-27T20:25:00Z,NO,LV,LV@NO,betrivers,h2h,LV,,133
2026-09-17T04:56:55Z,2026-09-27T20:25:00Z,NO,LV,LV@NO,betrivers,h2h,NO,,-162
2026-09-17T04:56:55Z,2026-09-27T20:25:00Z,NO,LV,LV@NO,betrivers,spreads,LV,3.0,-113
2026-09-17T04:56:55Z,2026-09-27T20:25:00Z,NO,LV,LV@NO,betrivers,spreads,NO,-3.0,-108
2026-09-17T04:56:55Z,2026-09-27T20:25:00Z,NO,LV,LV@NO,betrivers,totals,Over,45.5,-108
2026-09-17T04:56:55Z,2026-09-27T20:25:00Z,NO,LV,LV@NO,betrivers,totals,Under,45.5,-113
2026-09-17T04:56:55Z,2026-09-27T20:25:00Z,NO,LV,LV@NO,betus,spreads,LV,3.0,-105
2026-09-17T04:56:55Z,2026-09-27T20:25:00Z,NO,LV,LV@NO,betus,spreads,NO,-3.0,-115
2026-09-17T04:56:55Z,2026-09-27T20:25:00Z,NO,LV,LV@NO,betus,totals,Over,44.5,-110
2026-09-17T04:56:55Z,2026-09-27T20:25:00Z,NO,LV,LV@NO,betus,totals,Under,44.5,-110
2026-09-17T04:56:55Z,2026-09-27T20:25:00Z,NO,LV,LV@NO,draftkings,h2h,LV,,140
2026-09-17T04:56:55Z,2026-09-27T20:25:00Z,NO,LV,LV@NO,draftkings,h2h,NO,,-166
2026-09-17T04:56:55Z,2026-09-27T20:25:00Z,NO,LV,LV@NO,draftkings,spreads,LV,3.0,-110
2026-09-17T04:56:55Z,2026-09-27T20:25:00Z,NO,LV,LV@NO,draftkings,spreads,NO,-3.0,-110
2026-09-17T04:56:55Z,2026-09-27T20:25:00Z,NO,LV,LV@NO,draftkings,totals,Over,45.5,-110
2026-09-17T04:56:55Z,2026-09-27T20:25:00Z,NO,LV,LV@NO,draftkings,totals,Under,45.5,-110
2026-09-17T04:56:55Z,2026-09-27T20:25:00Z,NO,LV,LV@NO,fanduel,h2h,LV,,146
2026-09-17T04:56:55Z,2026-09-27T20:25:00Z,NO,LV,LV@NO,fanduel,h2h,NO,,-174
2026-09-17T04:56:55Z,2026-09-27T20:25:00Z,NO,LV,LV@NO,fanduel,spreads,LV,3.0,-105
2026-09-17T04:56:55Z,2026-09-27T20:25:00Z,NO,LV,LV@NO,fanduel,spreads,NO,-3.0,-115
2026-09-17T04:56:55Z,2026-09-27T20:25:00Z,NO,LV,LV@NO,fanduel,totals,Over,44.5,-115
2026-09-17T04:56:55Z,2026-09-27T20:25:00Z,NO,LV,LV@NO,fanduel,totals,Under,44.5,-105
2026-09-17T04:56:55Z,2026-09-27T20:25:00Z,NO,LV,LV@NO,lowvig,spreads,LV,3.0,105
2026-09-17T04:56:55Z,2026-09-27T20:25:00Z,NO,LV,LV@NO,lowvig,spreads,NO,-3.0,-116
2026-09-17T04:56:55Z,2026-09-27T20:25:00Z,NO,LV,LV@NO,lowvig,totals,Over,44.5,-107
2026-09-17T04:56:55Z,2026-09-27T20:25:00Z,NO,LV,LV@NO,lowvig,totals,Under,44.5,-107
2026-09-17T04:56:55Z,2026-09-20T20:25:00Z,SF,MIA,MIA@SF,betmgm,h2h,MIA,,675
2026-09-17T04:56:55Z,2026-09-20T20:25:00Z,SF,MIA,MIA@SF,betmgm,h2h,SF,,-1000
2026-09-17T04:56:55Z,2026-09-20T20:25:00Z,SF,MIA,MIA@SF,betmgm,spreads,MIA,13.0,-110
2026-09-17T04:56:55Z,2026-09-20T20:25:00Z,SF,MIA,MIA@SF,betmgm,spreads,SF,-13.0,-120
2026-09-17T04:56:55Z,2026-09-20T20:25:00Z,SF,MIA,MIA@SF,betmgm,totals,Over,45.0,-108
2026-09-17T04:56:55Z,2026-09-20T20:25:00Z,SF,MIA,MIA@SF,betmgm,totals,Under,45.0,-110
2026-09-17T04:56:55Z,2026-09-20T20:25:00Z,SF,MIA,MIA@SF,betonlineag,h2h,MIA,,709
2026-09-17T04:56:55Z,2026-09-20T20:25:00Z,SF,MIA,MIA@SF,betonlineag,h2h,SF,,-1100
2026-09-17T04:56:55Z,2026-09-20T20:25:00Z,SF,MIA,MIA@SF,betonlineag,spreads,MIA,13.0,-105
2026-09-17T04:56:55Z,2026-09-20T20:25:00Z,SF,MIA,MIA@SF,betonlineag,spreads,SF,-13.0,-115
2026-09-17T04:56:55Z,2026-09-20T20:25:00Z,SF,MIA,MIA@SF,betonlineag,totals,Over,45.0,-105
2026-09-17T04:56:55Z,2026-09-20T20:25:00Z,SF,MIA,MIA@SF,betonlineag,totals,Under,45.0,-115
2026-09-17T04:56:55Z,2026-09-20T20:25:00Z,SF,MIA,MIA@SF,betrivers,h2h,MIA,,650
2026-09-17T04:56:55Z,2026-09-20T20:25:00Z,SF,MIA,MIA@SF,betrivers,h2h,SF,,-1115
2026-09-17T04:56:55Z,2026-09-20T20:25:00Z,SF,MIA,MIA@SF,betrivers,spreads,MIA,14.0,-115
2026-09-17T04:56:55Z,2026-09-20T20:25:00Z,SF,MIA,MIA@SF,betrivers,spreads,SF,-14.0,-106
2026-09-17T04:56:55Z,2026-09-20T20:25:00Z,SF,MIA,MIA@SF,betrivers,totals,Over,45.0,-109
2026-09-17T04:56:55Z,2026-09-20T20:25:00Z,SF,MIA,MIA@SF,betrivers,totals,Under,45.0,-112
2026-09-17T04:56:55Z,2026-09-20T20:25:00Z,SF,MIA,MIA@SF,betus,h2h,MIA,,700
2026-09-17T04:56:55Z,2026-09-20T20:25:00Z,SF,MIA,MIA@SF,betus,h2h,SF,,-1100
2026-09-17T04:56:55Z,2026-09-20T20:25:00Z,SF,MIA,MIA@SF,betus,spreads,MIA,13.0,-105
2026-09-17T04:56:55Z,2026-09-20T20:25:00Z,SF,MIA,MIA@SF,betus,spreads,SF,-13.0,-115
2026-09-17T04:56:55Z,2026-09-20T20:25:00Z,SF,MIA,MIA@SF,betus,totals,Over,45.5,-110
2026-09-17T04:56:55Z,2026-09-20T20:25:00Z,SF,MIA,MIA@SF,betus,totals,Under,45.5,-110
2026-09-17T04:56:55Z,2026-09-20T20:25:00Z,SF,MIA,MIA@SF,bovada,h2h,MIA,,650
2026-09-17T04:56:55Z,2026-09-20T20:25:00Z,SF,MIA,MIA@SF,bovada,h2h,SF,,-1100
2026-09-17T04:56:55Z,2026-09-20T20:25:00Z,SF,MIA,MIA@SF,bovada,spreads,MIA,13.0,-105
2026-09-17T04:56:55Z,2026-09-20T20:25:00Z,SF,MIA,MIA@SF,bovada,spreads,SF,-13.0,-115
2026-09-17T04:56:55Z,2026-09-20T20:25:00Z,SF,MIA,MIA@SF,bovada,totals,Over,45.0,-105
2026-09-17T04:56:55Z,2026-09-20T20:25:00Z,SF,MIA,MIA@SF,bovada,totals,Under,45.0,-115
2026-09-17T04:56:55Z,2026-09-20T20:25:00Z,SF,MIA,MIA@SF,draftkings,h2h,MIA,,625
2026-09-17T04:56:55Z,2026-09-20T20:25:00Z,SF,MIA,MIA@SF,draftkings,h2h,SF,,-950
2026-09-17T04:56:55Z,2026-09-20T20:25:00Z,SF,MIA,MIA@SF,draftkings,spreads,MIA,13.5,-115
2026-09-17T04:56:55Z,2026-09-20T20:25:00Z,SF,MIA,MIA@SF,draftkings,spreads,SF,-13.5,-105
2026-09-17T04:56:55Z,2026-09-20T20:25:00Z,SF,MIA,MIA@SF,draftkings,totals,Over,44.5,-115
2026-09-17T04:56:55Z,2026-09-20T20:25:00Z,SF,MIA,MIA@SF,draftkings,totals,Under,44.5,-105
2026-09-17T04:56:55Z,2026-09-20T20:25:00Z,SF,MIA,MIA@SF,fanduel,h2h,MIA,,640
2026-09-17T04:56:55Z,2026-09-20T20:25:00Z,SF,MIA,MIA@SF,fanduel,h2h,SF,,-950
2026-09-17T04:56:55Z,2026-09-20T20:25:00Z,SF,MIA,MIA@SF,fanduel,spreads,MIA,13.5,-118
2026-09-17T04:56:55Z,2026-09-20T20:25:00Z,SF,MIA,MIA@SF,fanduel,spreads,SF,-13.5,-104
2026-09-17T04:56:55Z,2026-09-20T20:25:00Z,SF,MIA,MIA@SF,fanduel,totals,Over,45.5,-110
2026-09-17T04:56:55Z,2026-09-20T20:25:00Z,SF,MIA,MIA@SF,fanduel,totals,Under,45.5,-110
2026-09-17T04:56:55Z,2026-09-20T20:25:00Z,SF,MIA,MIA@SF,lowvig,h2h,MIA,,709
2026-09-17T04:56:55Z,2026-09-20T20:25:00Z,SF,MIA,MIA@SF,lowvig,h2h,SF,,-1100
2026-09-17T04:56:55Z,2026-09-20T20:25:00Z,SF,MIA,MIA@SF,lowvig,spreads,MIA,13.0,-105
2026-09-17T04:56:55Z,2026-09-20T20:25:00Z,SF,MIA,MIA@SF,lowvig,spreads,SF,-13.0,-105
2026-09-17T04:56:55Z,2026-09-20T20:25:00Z,SF,MIA,MIA@SF,lowvig,totals,Over,45.0,-102
2026-09-17T04:56:55Z,2026-09-20T20:25:00Z,SF,MIA,MIA@SF,lowvig,totals,Under,45.0,-113
2026-09-17T04:56:55Z,2026-09-20T20:25:00Z,SF,MIA,MIA@SF,mybookieag,h2h,MIA,,580
2026-09-17T04:56:55Z,2026-09-20T20:25:00Z,SF,MIA,MIA@SF,mybookieag,h2h,SF,,-1099
2026-09-17T04:56:55Z,2026-09-20T20:25:00Z,SF,MIA,MIA@SF,mybookieag,spreads,MIA,13.0,-110
2026-09-17T04:56:55Z,2026-09-20T20:25:00Z,SF,MIA,MIA@SF,mybookieag,spreads,SF,-13.0,-110
2026-09-17T04:56:55Z,2026-09-20T20:25:00Z,SF,MIA,MIA@SF,mybookieag,totals,Over,45.0,-110
2026-09-17T04:56:55Z,2026-09-20T20:25:00Z,SF,MIA,MIA@SF,mybookieag,totals,Under,45.0,-110
2026-09-17T04:56:55Z,2026-09-20T17:00:00Z,CHI,MIN,MIN@CHI,betmgm,h2h,CHI,,-220
2026-09-17T04:56:55Z,2026-09-20T17:00:00Z,CHI,MIN,MIN@CHI,betmgm,h2h,MIN,,180
2026-09-17T04:56:55Z,2026-09-20T17:00:00Z,CHI,MIN,MIN@CHI,betmgm,spreads,CHI,-4.5,-108
2026-09-17T04:56:55Z,2026-09-20T17:00:00Z,CHI,MIN,MIN@CHI,betmgm,spreads,MIN,4.5,-110
2026-09-17T04:56:55Z,2026-09-20T17:00:00Z,CHI,MIN,MIN@CHI,betmgm,totals,Over,48.0,-110
2026-09-17T04:56:55Z,2026-09-20T17:00:00Z,CHI,MIN,MIN@CHI,betmgm,totals,Under,48.0,-108
2026-09-17T04:56:55Z,2026-09-20T17:00:00Z,CHI,MIN,MIN@CHI,betonlineag,h2h,CHI,,-215
2026-09-17T04:56:55Z,2026-09-20T17:00:00Z,CHI,MIN,MIN@CHI,betonlineag,h2h,MIN,,183
2026-09-17T04:56:55Z,2026-09-20T17:00:00Z,CHI,MIN,MIN@CHI,betonlineag,spreads,CHI,-4.5,-108
2026-09-17T04:56:55Z,2026-09-20T17:00:00Z,CHI,MIN,MIN@CHI,betonlineag,spreads,MIN,4.5,-112
2026-09-17T04:56:55Z,2026-09-20T17:00:00Z,CHI,MIN,MIN@CHI,betonlineag,totals,Over,48.0,-110
2026-09-17T04:56:55Z,2026-09-20T17:00:00Z,CHI,MIN,MIN@CHI,betonlineag,totals,Under,48.0,-110
2026-09-17T04:56:55Z,2026-09-20T17:00:00Z,CHI,MIN,MIN@CHI,betrivers,h2h,CHI,,-230
2026-09-17T04:56:55Z,2026-09-20T17:00:00Z,CHI,MIN,MIN@CHI,betrivers,h2h,MIN,,185
2026-09-17T04:56:55Z,2026-09-20T17:00:00Z,CHI,MIN,MIN@CHI,betrivers,spreads,CHI,-4.5,-113
2026-09-17T04:56:55Z,2026-09-20T17:00:00Z,CHI,MIN,MIN@CHI,betrivers,spreads,MIN,4.5,-108
2026-09-17T04:56:55Z,2026-09-20T17:00:00Z,CHI,MIN,MIN@CHI,betrivers,totals,Over,48.5,-109
2026-09-17T04:56:55Z,2026-09-20T17:00:00Z,CHI,MIN,MIN@CHI,betrivers,totals,Under,48.5,-112
2026-09-17T04:56:55Z,2026-09-20T17:00:00Z,CHI,MIN,MIN@CHI,betus,h2h,CHI,,-215
2026-09-17T04:56:55Z,2026-09-20T17:00:00Z,CHI,MIN,MIN@CHI,betus,h2h,MIN,,183
2026-09-17T04:56:55Z,2026-09-20T17:00:00Z,CHI,MIN,MIN@CHI,betus,spreads,CHI,-4.5,-110
2026-09-17T04:56:55Z,2026-09-20T17:00:00Z,CHI,MIN,MIN@CHI,betus,spreads,MIN,4.5,-110
2026-09-17T04:56:55Z,2026-09-20T17:00:00Z,CHI,MIN,MIN@CHI,betus,totals,Over,48.0,-110
2026-09-17T04:56:55Z,2026-09-20T17:00:00Z,CHI,MIN,MIN@CHI,betus,totals,Under,48.0,-110
2026-09-17T04:56:55Z,2026-09-20T17:00:00Z,CHI,MIN,MIN@CHI,bovada,h2h,CHI,,-220
2026-09-17T04:56:55Z,2026-09-20T17:00:00Z,CHI,MIN,MIN@CHI,bovada,h2h,MIN,,180
2026-09-17T04:56:55Z,2026-09-20T17:00:00Z,CHI,MIN,MIN@CHI,bovada,spreads,CHI,-4.0,-115
2026-09-17T04:56:55Z,2026-09-20T17:00:00Z,CHI,MIN,MIN@CHI,bovada,spreads,MIN,4.0,-105
2026-09-17T04:56:55Z,2026-09-20T17:00:00Z,CHI,MIN,MIN@CHI,bovada,totals,Over,48.0,-110
2026-09-17T04:56:55Z,2026-09-20T17:00:00Z,CHI,MIN,MIN@CHI,bovada,totals,Under,48.0,-110
2026-09-17T04:56:55Z,2026-09-20T17:00:00Z,CHI,MIN,MIN@CHI,draftkings,h2h,CHI,,-205
2026-09-17T04:56:55Z,2026-09-20T17:00:00Z,CHI,MIN,MIN@CHI,draftkings,h2h,MIN,,170
2026-09-17T04:56:55Z,2026-09-20T17:00:00Z,CHI,MIN,MIN@CHI,draftkings,spreads,CHI,-4.5,-108
2026-09-17T04:56:55Z,2026-09-20T17:00:00Z,CHI,MIN,MIN@CHI,draftkings,spreads,MIN,4.5,-112
2026-09-17T04:56:55Z,2026-09-20T17:00:00Z,CHI,MIN,MIN@CHI,draftkings,totals,Over,48.5,-110
2026-09-17T04:56:55Z,2026-09-20T17:00:00Z,CHI,MIN,MIN@CHI,draftkings,totals,Under,48.5,-110
2026-09-17T04:56:55Z,2026-09-20T17:00:00Z,CHI,MIN,MIN@CHI,fanduel,h2h,CHI,,-220
2026-09-17T04:56:55Z,2026-09-20T17:00:00Z,CHI,MIN,MIN@CHI,fanduel,h2h,MIN,,188
2026-09-17T04:56:55Z,2026-09-20T17:00:00Z,CHI,MIN,MIN@CHI,fanduel,spreads,CHI,-4.5,-110
2026-09-17T04:56:55Z,2026-09-20T17:00:00Z,CHI,MIN,MIN@CHI,fanduel,spreads,MIN,4.5,-110
2026-09-17T04:56:55Z,2026-09-20T17:00:00Z,CHI,MIN,MIN@CHI,fanduel,totals,Over,48.5,-105
2026-09-17T04:56:55Z,2026-09-20T17:00:00Z,CHI,MIN,MIN@CHI,fanduel,totals,Under,48.5,-115
2026-09-17T04:56:55Z,2026-09-20T17:00:00Z,CHI,MIN,MIN@CHI,lowvig,h2h,CHI,,-215
2026-09-17T04:56:55Z,2026-09-20T17:00:00Z,CHI,MIN,MIN@CHI,lowvig,h2h,MIN,,183
2026-09-17T04:56:55Z,2026-09-20T17:00:00Z,CHI,MIN,MIN@CHI,lowvig,spreads,CHI,-4.5,-103
2026-09-17T04:56:55Z,2026-09-20T17:00:00Z,CHI,MIN,MIN@CHI,lowvig,spreads,MIN,4.5,-107
2026-09-17T04:56:55Z,2026-09-20T17:00:00Z,CHI,MIN,MIN@CHI,lowvig,totals,Over,48.0,-107
2026-09-17T04:56:55Z,2026-09-20T17:00:00Z,CHI,MIN,MIN@CHI,lowvig,totals,Under,48.0,-107
2026-09-17T04:56:55Z,2026-09-20T17:00:00Z,CHI,MIN,MIN@CHI,mybookieag,h2h,CHI,,-228
2026-09-17T04:56:55Z,2026-09-20T17:00:00Z,CHI,MIN,MIN@CHI,mybookieag,h2h,MIN,,174
2026-09-17T04:56:55Z,2026-09-20T17:00:00Z,CHI,MIN,MIN@CHI,mybookieag,spreads,CHI,-5.0,-110
2026-09-17T04:56:55Z,2026-09-20T17:00:00Z,CHI,MIN,MIN@CHI,mybookieag,spreads,MIN,5.0,-110
2026-09-17T04:56:55Z,2026-09-20T17:00:00Z,CHI,MIN,MIN@CHI,mybookieag,totals,Over,48.0,-110
2026-09-17T04:56:55Z,2026-09-20T17:00:00Z,CHI,MIN,MIN@CHI,mybookieag,totals,Under,48.0,-110
2026-09-17T04:56:55Z,2026-09-27T20:05:00Z,TB,MIN,MIN@TB,betonlineag,spreads,MIN,1.0,-110
2026-09-17T04:56:55Z,2026-09-27T20:05:00Z,TB,MIN,MIN@TB,betonlineag,spreads,TB,-1.0,-110
2026-09-17T04:56:55Z,2026-09-27T20:05:00Z,TB,MIN,MIN@TB,betonlineag,totals,Over,46.5,-110
2026-09-17T04:56:55Z,2026-09-27T20:05:00Z,TB,MIN,MIN@TB,betonlineag,totals,Under,46.5,-110
2026-09-17T04:56:55Z,2026-09-27T20:05:00Z,TB,MIN,MIN@TB,betrivers,h2h,MIN,,100
2026-09-17T04:56:55Z,2026-09-27T20:05:00Z,TB,MIN,MIN@TB,betrivers,h2h,TB,,-121
2026-09-17T04:56:55Z,2026-09-27T20:05:00Z,TB,MIN,MIN@TB,betrivers,spreads,MIN,1.5,-113
2026-09-17T04:56:55Z,2026-09-27T20:05:00Z,TB,MIN,MIN@TB,betrivers,spreads,TB,-1.5,-108
2026-09-17T04:56:55Z,2026-09-27T20:05:00Z,TB,MIN,MIN@TB,betrivers,totals,Over,45.5,-112
2026-09-17T04:56:55Z,2026-09-27T20:05:00Z,TB,MIN,MIN@TB,betrivers,totals,Under,45.5,-109
2026-09-17T04:56:55Z,2026-09-27T20:05:00Z,TB,MIN,MIN@TB,betus,spreads,MIN,1.5,-110
2026-09-17T04:56:55Z,2026-09-27T20:05:00Z,TB,MIN,MIN@TB,betus,spreads,TB,-1.5,-110
2026-09-17T04:56:55Z,2026-09-27T20:05:00Z,TB,MIN,MIN@TB,betus,totals,Over,46.5,-110
2026-09-17T04:56:55Z,2026-09-27T20:05:00Z,TB,MIN,MIN@TB,betus,totals,Under,46.5,-110
2026-09-17T04:56:55Z,2026-09-27T20:05:00Z,TB,MIN,MIN@TB,draftkings,h2h,MIN,,105
2026-09-17T04:56:55Z,2026-09-27T20:05:00Z,TB,MIN,MIN@TB,draftkings,h2h,TB,,-125
2026-09-17T04:56:55Z,2026-09-27T20:05:00Z,TB,MIN,MIN@TB,draftkings,spreads,MIN,1.5,-110
2026-09-17T04:56:55Z,2026-09-27T20:05:00Z,TB,MIN,MIN@TB,draftkings,spreads,TB,-1.5,-110
2026-09-17T04:56:55Z,2026-09-27T20:05:00Z,TB,MIN,MIN@TB,draftkings,totals,Over,45.5,-110
2026-09-17T04:56:55Z,2026-09-27T20:05:00Z,TB,MIN,MIN@TB,draftkings,totals,Under,45.5,-110
2026-09-17T04:56:55Z,2026-09-27T20:05:00Z,TB,MIN,MIN@TB,fanduel,h2h,MIN,,-102
2026-09-17T04:56:55Z,2026-09-27T20:05:00Z,TB,MIN,MIN@TB,fanduel,h2h,TB,,-116
2026-09-17T04:56:55Z,2026-09-27T20:05:00Z,TB,MIN,MIN@TB,fanduel,spreads,MIN,1.5,-115
2026-09-17T04:56:55Z,2026-09-27T20:05:00Z,TB,MIN,MIN@TB,fanduel,spreads,TB,-1.5,-105
2026-09-17T04:56:55Z,2026-09-27T20:05:00Z,TB,MIN,MIN@TB,fanduel,totals,Over,46.5,-110
2026-09-17T04:56:55Z,2026-09-27T20:05:00Z,TB,MIN,MIN@TB,fanduel,totals,Under,46.5,-110
2026-09-17T04:56:55Z,2026-09-27T20:05:00Z,TB,MIN,MIN@TB,lowvig,spreads,MIN,1.0,-105
2026-09-17T04:56:55Z,2026-09-27T20:05:00Z,TB,MIN,MIN@TB,lowvig,spreads,TB,-1.0,-105
2026-09-17T04:56:55Z,2026-09-27T20:05:00Z,TB,MIN,MIN@TB,lowvig,totals,Over,46.5,-107
2026-09-17T04:56:55Z,2026-09-27T20:05:00Z,TB,MIN,MIN@TB,lowvig,totals,Under,46.5,-107
2026-09-17T04:56:55Z,2026-09-27T17:00:00Z,JAX,NE,NE@JAX,betonlineag,spreads,JAX,-2.5,-102
2026-09-17T04:56:55Z,2026-09-27T17:00:00Z,JAX,NE,NE@JAX,betonlineag,spreads,NE,2.5,-118
2026-09-17T04:56:55Z,2026-09-27T17:00:00Z,JAX,NE,NE@JAX,betonlineag,totals,Over,45.5,-110
2026-09-17T04:56:55Z,2026-09-27T17:00:00Z,JAX,NE,NE@JAX,betonlineag,totals,Under,45.5,-110
2026-09-17T04:56:55Z,2026-09-27T17:00:00Z,JAX,NE,NE@JAX,betrivers,h2h,JAX,,-132
2026-09-17T04:56:55Z,2026-09-27T17:00:00Z,JAX,NE,NE@JAX,betrivers,h2h,NE,,110
2026-09-17T04:56:55Z,2026-09-27T17:00:00Z,JAX,NE,NE@JAX,betrivers,spreads,JAX,-2.5,-109
2026-09-17T04:56:55Z,2026-09-27T17:00:00Z,JAX,NE,NE@JAX,betrivers,spreads,NE,2.5,-112
2026-09-17T04:56:55Z,2026-09-27T17:00:00Z,JAX,NE,NE@JAX,betrivers,totals,Over,46.0,-112
2026-09-17T04:56:55Z,2026-09-27T17:00:00Z,JAX,NE,NE@JAX,betrivers,totals,Under,46.0,-109
2026-09-17T04:56:55Z,2026-09-27T17:00:00Z,JAX,NE,NE@JAX,betus,spreads,JAX,-3.0,-110
2026-09-17T04:56:55Z,2026-09-27T17:00:00Z,JAX,NE,NE@JAX,betus,spreads,NE,3.0,-110
2026-09-17T04:56:55Z,2026-09-27T17:00:00Z,JAX,NE,NE@JAX,betus,totals,Over,45.5,-110
2026-09-17T04:56:55Z,2026-09-27T17:00:00Z,JAX,NE,NE@JAX,betus,totals,Under,45.5,-110
2026-09-17T04:56:55Z,2026-09-27T17:00:00Z,JAX,NE,NE@JAX,draftkings,h2h,JAX,,-135
2026-09-17T04:56:55Z,2026-09-27T17:00:00Z,JAX,NE,NE@JAX,draftkings,h2h,NE,,114
2026-09-17T04:56:55Z,2026-09-27T17:00:00Z,JAX,NE,NE@JAX,draftkings,spreads,JAX,-2.5,-110
2026-09-17T04:56:55Z,2026-09-27T17:00:00Z,JAX,NE,NE@JAX,draftkings,spreads,NE,2.5,-110
2026-09-17T04:56:55Z,2026-09-27T17:00:00Z,JAX,NE,NE@JAX,draftkings,totals,Over,45.5,-110
2026-09-17T04:56:55Z,2026-09-27T17:00:00Z,JAX,NE,NE@JAX,draftkings,totals,Under,45.5,-110
2026-09-17T04:56:55Z,2026-09-27T17:00:00Z,JAX,NE,NE@JAX,fanduel,h2h,JAX,,-132
2026-09-17T04:56:55Z,2026-09-27T17:00:00Z,JAX,NE,NE@JAX,fanduel,h2h,NE,,112
2026-09-17T04:56:55Z,2026-09-27T17:00:00Z,JAX,NE,NE@JAX,fanduel,spreads,JAX,-1.5,-115
2026-09-17T04:56:55Z,2026-09-27T17:00:00Z,JAX,NE,NE@JAX,fanduel,spreads,NE,1.5,-105
2026-09-17T04:56:55Z,2026-09-27T17:00:00Z,JAX,NE,NE@JAX,fanduel,totals,Over,46.5,-105
2026-09-17T04:56:55Z,2026-09-27T17:00:00Z,JAX,NE,NE@JAX,fanduel,totals,Under,46.5,-115
2026-09-17T04:56:55Z,2026-09-27T17:00:00Z,JAX,NE,NE@JAX,lowvig,spreads,JAX,-2.5,103
2026-09-17T04:56:55Z,2026-09-27T17:00:00Z,JAX,NE,NE@JAX,lowvig,spreads,NE,2.5,-114
2026-09-17T04:56:55Z,2026-09-27T17:00:00Z,JAX,NE,NE@JAX,lowvig,totals,Over,45.5,-107
2026-09-17T04:56:55Z,2026-09-27T17:00:00Z,JAX,NE,NE@JAX,lowvig,totals,Under,45.5,-107
2026-09-17T04:56:55Z,2026-09-20T17:00:00Z,BAL,NO,NO@BAL,betmgm,h2h,BAL,,-400
2026-09-17T04:56:55Z,2026-09-20T17:00:00Z,BAL,NO,NO@BAL,betmgm,h2h,NO,,320
2026-09-17T04:56:55Z,2026-09-20T17:00:00Z,BAL,NO,NO@BAL,betmgm,spreads,BAL,-8.5,-108
2026-09-17T04:56:55Z,2026-09-20T17:00:00Z,BAL,NO,NO@BAL,betmgm,spreads,NO,8.5,-110
2026-09-17T04:56:55Z,2026-09-20T17:00:00Z,BAL,NO,NO@BAL,betmgm,totals,Over,46.5,-110
2026-09-17T04:56:55Z,2026-09-20T17:00:00Z,BAL,NO,NO@BAL,betmgm,totals,Under,46.5,-108
2026-09-17T04:56:55Z,2026-09-20T17:00:00Z,BAL,NO,NO@BAL,betonlineag,h2h,BAL,,-415
2026-09-17T04:56:55Z,2026-09-20T17:00:00Z,BAL,NO,NO@BAL,betonlineag,h2h,NO,,327
2026-09-17T04:56:55Z,2026-09-20T17:00:00Z,BAL,NO,NO@BAL,betonlineag,spreads,BAL,-9.0,101
2026-09-17T04:56:55Z,2026-09-20T17:00:00Z,BAL,NO,NO@BAL,betonlineag,spreads,NO,9.0,-121
2026-09-17T04:56:55Z,2026-09-20T17:00:00Z,BAL,NO,NO@BAL,betonlineag,totals,Over,46.5,-112
2026-09-17T04:56:55Z,2026-09-20T17:00:00Z,BAL,NO,NO@BAL,betonlineag,totals,Under,46.5,-108
2026-09-17T04:56:55Z,2026-09-20T17:00:00Z,BAL,NO,NO@BAL,betrivers,h2h,BAL,,-435
2026-09-17T04:56:55Z,2026-09-20T17:00:00Z,BAL,NO,NO@BAL,betrivers,h2h,NO,,330
2026-09-17T04:56:55Z,2026-09-20T17:00:00Z,BAL,NO,NO@BAL,betrivers,spreads,BAL,-8.5,-107
2026-09-17T04:56:55Z,2026-09-20T17:00:00Z,BAL,NO,NO@BAL,betrivers,spreads,NO,8.5,-114
2026-09-17T04:56:55Z,2026-09-20T17:00:00Z,BAL,NO,NO@BAL,betrivers,totals,Over,47.0,-113
2026-09-17T04:56:55Z,2026-09-20T17:00:00Z,BAL,NO,NO@BAL,betrivers,totals,Under,47.0,-108
2026-09-17T04:56:55Z,2026-09-20T17:00:00Z,BAL,NO,NO@BAL,betus,h2h,BAL,,-415
2026-09-17T04:56:55Z,2026-09-20T17:00:00Z,BAL,NO,NO@BAL,betus,h2h,NO,,330
2026-09-17T04:56:55Z,2026-09-20T17:00:00Z,BAL,NO,NO@BAL,betus,spreads,BAL,-9.0,100
2026-09-17T04:56:55Z,2026-09-20T17:00:00Z,BAL,NO,NO@BAL,betus,spreads,NO,9.0,-120
2026-09-17T04:56:55Z,2026-09-20T17:00:00Z,BAL,NO,NO@BAL,betus,totals,Over,46.5,-110
2026-09-17T04:56:55Z,2026-09-20T17:00:00Z,BAL,NO,NO@BAL,betus,totals,Under,46.5,-110
2026-09-17T04:56:55Z,2026-09-20T17:00:00Z,BAL,NO,NO@BAL,bovada,h2h,BAL,,-415
2026-09-17T04:56:55Z,2026-09-20T17:00:00Z,BAL,NO,NO@BAL,bovada,h2h,NO,,310
2026-09-17T04:56:55Z,2026-09-20T17:00:00Z,BAL,NO,NO@BAL,bovada,spreads,BAL,-7.5,-125
2026-09-17T04:56:55Z,2026-09-20T17:00:00Z,BAL,NO,NO@BAL,bovada,spreads,NO,7.5,105
2026-09-17T04:56:55Z,2026-09-20T17:00:00Z,BAL,NO,NO@BAL,bovada,totals,Over,47.0,-110
2026-09-17T04:56:55Z,2026-09-20T17:00:00Z,BAL,NO,NO@BAL,bovada,totals,Under,47.0,-110
2026-09-17T04:56:55Z,2026-09-20T17:00:00Z,BAL,NO,NO@BAL,draftkings,h2h,BAL,,-380
2026-09-17T04:56:55Z,2026-09-20T17:00:00Z,BAL,NO,NO@BAL,draftkings,h2h,NO,,300
2026-09-17T04:56:55Z,2026-09-20T17:00:00Z,BAL,NO,NO@BAL,draftkings,spreads,BAL,-8.5,-105
2026-09-17T04:56:55Z,2026-09-20T17:00:00Z,BAL,NO,NO@BAL,draftkings,spreads,NO,8.5,-115
2026-09-17T04:56:55Z,2026-09-20T17:00:00Z,BAL,NO,NO@BAL,draftkings,totals,Over,46.5,-118
2026-09-17T04:56:55Z,2026-09-20T17:00:00Z,BAL,NO,NO@BAL,draftkings,totals,Under,46.5,-102
2026-09-17T04:56:55Z,2026-09-20T17:00:00Z,BAL,NO,NO@BAL,fanduel,h2h,BAL,,-405
2026-09-17T04:56:55Z,2026-09-20T17:00:00Z,BAL,NO,NO@BAL,fanduel,h2h,NO,,320
2026-09-17T04:56:55Z,2026-09-20T17:00:00Z,BAL,NO,NO@BAL,fanduel,spreads,BAL,-8.5,-105
2026-09-17T04:56:55Z,2026-09-20T17:00:00Z,BAL,NO,NO@BAL,fanduel,spreads,NO,8.5,-115
2026-09-17T04:56:55Z,2026-09-20T17:00:00Z,BAL,NO,NO@BAL,fanduel,totals,Over,46.5,-115
2026-09-17T04:56:55Z,2026-09-20T17:00:00Z,BAL,NO,NO@BAL,fanduel,totals,Under,46.5,-105
2026-09-17T04:56:55Z,2026-09-20T17:00:00Z,BAL,NO,NO@BAL,lowvig,h2h,BAL,,-415
2026-09-17T04:56:55Z,2026-09-20T17:00:00Z,BAL,NO,NO@BAL,lowvig,h2h,NO,,327
2026-09-17T04:56:55Z,2026-09-20T17:00:00Z,BAL,NO,NO@BAL,lowvig,spreads,BAL,-9.0,106
2026-09-17T04:56:55Z,2026-09-20T17:00:00Z,BAL,NO,NO@BAL,lowvig,spreads,NO,9.0,-117
2026-09-17T04:56:55Z,2026-09-20T17:00:00Z,BAL,NO,NO@BAL,lowvig,totals,Over,46.5,-109
2026-09-17T04:56:55Z,2026-09-20T17:00:00Z,BAL,NO,NO@BAL,lowvig,totals,Under,46.5,-105
2026-09-17T04:56:55Z,2026-09-20T17:00:00Z,BAL,NO,NO@BAL,mybookieag,h2h,BAL,,-420
2026-09-17T04:56:55Z,2026-09-20T17:00:00Z,BAL,NO,NO@BAL,mybookieag,h2h,NO,,295
2026-09-17T04:56:55Z,2026-09-20T17:00:00Z,BAL,NO,NO@BAL,mybookieag,spreads,BAL,-8.5,-110
2026-09-17T04:56:55Z,2026-09-20T17:00:00Z,BAL,NO,NO@BAL,mybookieag,spreads,NO,8.5,-110
2026-09-17T04:56:55Z,2026-09-20T17:00:00Z,BAL,NO,NO@BAL,mybookieag,totals,Over,47.0,-110
2026-09-17T04:56:55Z,2026-09-20T17:00:00Z,BAL,NO,NO@BAL,mybookieag,totals,Under,47.0,-110
2026-09-17T04:56:55Z,2026-09-22T00:15:00Z,LA,NYG,NYG@LA,betmgm,h2h,LA,,-350
2026-09-17T04:56:55Z,2026-09-22T00:15:00Z,LA,NYG,NYG@LA,betmgm,h2h,NYG,,290
2026-09-17T04:56:55Z,2026-09-22T00:15:00Z,LA,NYG,NYG@LA,betmgm,spreads,LA,-7.0,-112
2026-09-17T04:56:55Z,2026-09-22T00:15:00Z,LA,NYG,NYG@LA,betmgm,spreads,NYG,7.0,-105
2026-09-17T04:56:55Z,2026-09-22T00:15:00Z,LA,NYG,NYG@LA,betmgm,totals,Over,48.5,-110
2026-09-17T04:56:55Z,2026-09-22T00:15:00Z,LA,NYG,NYG@LA,betmgm,totals,Under,48.5,-108
2026-09-17T04:56:55Z,2026-09-22T00:15:00Z,LA,NYG,NYG@LA,betonlineag,h2h,LA,,-330
2026-09-17T04:56:55Z,2026-09-22T00:15:00Z,LA,NYG,NYG@LA,betonlineag,h2h,NYG,,267
2026-09-17T04:56:55Z,2026-09-22T00:15:00Z,LA,NYG,NYG@LA,betonlineag,spreads,LA,-7.0,-115
2026-09-17T04:56:55Z,2026-09-22T00:15:00Z,LA,NYG,NYG@LA,betonlineag,spreads,NYG,7.0,-105
2026-09-17T04:56:55Z,2026-09-22T00:15:00Z,LA,NYG,NYG@LA,betonlineag,totals,Over,48.0,-110
2026-09-17T04:56:55Z,2026-09-22T00:15:00Z,LA,NYG,NYG@LA,betonlineag,totals,Under,48.0,-110
2026-09-17T04:56:55Z,2026-09-22T00:15:00Z,LA,NYG,NYG@LA,betrivers,h2h,LA,,-360
2026-09-17T04:56:55Z,2026-09-22T00:15:00Z,LA,NYG,NYG@LA,betrivers,h2h,NYG,,270
2026-09-17T04:56:55Z,2026-09-22T00:15:00Z,LA,NYG,NYG@LA,betrivers,spreads,LA,-7.0,-112
2026-09-17T04:56:55Z,2026-09-22T00:15:00Z,LA,NYG,NYG@LA,betrivers,spreads,NYG,7.0,-109
2026-09-17T04:56:55Z,2026-09-22T00:15:00Z,LA,NYG,NYG@LA,betrivers,totals,Over,48.0,-113
2026-09-17T04:56:55Z,2026-09-22T00:15:00Z,LA,NYG,NYG@LA,betrivers,totals,Under,48.0,-108
2026-09-17T04:56:55Z,2026-09-22T00:15:00Z,LA,NYG,NYG@LA,betus,h2h,LA,,-330
2026-09-17T04:56:55Z,2026-09-22T00:15:00Z,LA,NYG,NYG@LA,betus,h2h,NYG,,270
2026-09-17T04:56:55Z,2026-09-22T00:15:00Z,LA,NYG,NYG@LA,betus,spreads,LA,-7.0,-115
2026-09-17T04:56:55Z,2026-09-22T00:15:00Z,LA,NYG,NYG@LA,betus,spreads,NYG,7.0,-105
2026-09-17T04:56:55Z,2026-09-22T00:15:00Z,LA,NYG,NYG@LA,betus,totals,Over,48.0,-110
2026-09-17T04:56:55Z,2026-09-22T00:15:00Z,LA,NYG,NYG@LA,betus,totals,Under,48.0,-110
2026-09-17T04:56:55Z,2026-09-22T00:15:00Z,LA,NYG,NYG@LA,bovada,h2h,LA,,-340
2026-09-17T04:56:55Z,2026-09-22T00:15:00Z,LA,NYG,NYG@LA,bovada,h2h,NYG,,270
2026-09-17T04:56:55Z,2026-09-22T00:15:00Z,LA,NYG,NYG@LA,bovada,spreads,LA,-7.0,-115
2026-09-17T04:56:55Z,2026-09-22T00:15:00Z,LA,NYG,NYG@LA,bovada,spreads,NYG,7.0,-105
2026-09-17T04:56:55Z,2026-09-22T00:15:00Z,LA,NYG,NYG@LA,bovada,totals,Over,48.0,-110
2026-09-17T04:56:55Z,2026-09-22T00:15:00Z,LA,NYG,NYG@LA,bovada,totals,Under,48.0,-110
2026-09-17T04:56:55Z,2026-09-22T00:15:00Z,LA,NYG,NYG@LA,draftkings,h2h,LA,,-355
2026-09-17T04:56:55Z,2026-09-22T00:15:00Z,LA,NYG,NYG@LA,draftkings,h2h,NYG,,280
2026-09-17T04:56:55Z,2026-09-22T00:15:00Z,LA,NYG,NYG@LA,draftkings,spreads,LA,-7.0,-115
2026-09-17T04:56:55Z,2026-09-22T00:15:00Z,LA,NYG,NYG@LA,draftkings,spreads,NYG,7.0,-105
2026-09-17T04:56:55Z,2026-09-22T00:15:00Z,LA,NYG,NYG@LA,draftkings,totals,Over,47.5,-115
2026-09-17T04:56:55Z,2026-09-22T00:15:00Z,LA,NYG,NYG@LA,draftkings,totals,Under,47.5,-105
2026-09-17T04:56:55Z,2026-09-22T00:15:00Z,LA,NYG,NYG@LA,fanduel,h2h,LA,,-375
2026-09-17T04:56:55Z,2026-09-22T00:15:00Z,LA,NYG,NYG@LA,fanduel,h2h,NYG,,300
2026-09-17T04:56:55Z,2026-09-22T00:15:00Z,LA,NYG,NYG@LA,fanduel,spreads,LA,-7.5,-102
2026-09-17T04:56:55Z,2026-09-22T00:15:00Z,LA,NYG,NYG@LA,fanduel,spreads,NYG,7.5,-120
2026-09-17T04:56:55Z,2026-09-22T00:15:00Z,LA,NYG,NYG@LA,fanduel,totals,Over,47.5,-118
2026-09-17T04:56:55Z,2026-09-22T00:15:00Z,LA,NYG,NYG@LA,fanduel,totals,Under,47.5,-104
2026-09-17T04:56:55Z,2026-09-22T00:15:00Z,LA,NYG,NYG@LA,lowvig,h2h,LA,,-330
2026-09-17T04:56:55Z,2026-09-22T00:15:00Z,LA,NYG,NYG@LA,lowvig,h2h,NYG,,267
2026-09-17T04:56:55Z,2026-09-22T00:15:00Z,LA,NYG,NYG@LA,lowvig,spreads,LA,-7.0,-108
2026-09-17T04:56:55Z,2026-09-22T00:15:00Z,LA,NYG,NYG@LA,lowvig,spreads,NYG,7.0,-102
2026-09-17T04:56:55Z,2026-09-22T00:15:00Z,LA,NYG,NYG@LA,lowvig,totals,Over,48.0,-107
2026-09-17T04:56:55Z,2026-09-22T00:15:00Z,LA,NYG,NYG@LA,lowvig,totals,Under,48.0,-107
2026-09-17T04:56:55Z,2026-09-22T00:15:00Z,LA,NYG,NYG@LA,mybookieag,h2h,LA,,-360
2026-09-17T04:56:55Z,2026-09-22T00:15:00Z,LA,NYG,NYG@LA,mybookieag,h2h,NYG,,260
2026-09-17T04:56:55Z,2026-09-22T00:15:00Z,LA,NYG,NYG@LA,mybookieag,spreads,LA,-7.0,-110
2026-09-17T04:56:55Z,2026-09-22T00:15:00Z,LA,NYG,NYG@LA,mybookieag,spreads,NYG,7.0,-110
2026-09-17T04:56:55Z,2026-09-22T00:15:00Z,LA,NYG,NYG@LA,mybookieag,totals,Over,48.5,-110
2026-09-17T04:56:55Z,2026-09-22T00:15:00Z,LA,NYG,NYG@LA,mybookieag,totals,Under,48.5,-110
2026-09-17T04:56:55Z,2026-09-27T17:00:00Z,DET,NYJ,NYJ@DET,betonlineag,spreads,DET,-7.0,100
2026-09-17T04:56:55Z,2026-09-27T17:00:00Z,DET,NYJ,NYJ@DET,betonlineag,spreads,NYJ,7.0,-120
2026-09-17T04:56:55Z,2026-09-27T17:00:00Z,DET,NYJ,NYJ@DET,betonlineag,totals,Over,48.0,-110
2026-09-17T04:56:55Z,2026-09-27T17:00:00Z,DET,NYJ,NYJ@DET,betonlineag,totals,Under,48.0,-110
2026-09-17T04:56:55Z,2026-09-27T17:00:00Z,DET,NYJ,NYJ@DET,betrivers,h2h,DET,,-400
2026-09-17T04:56:55Z,2026-09-27T17:00:00Z,DET,NYJ,NYJ@DET,betrivers,h2h,NYJ,,310
2026-09-17T04:56:55Z,2026-09-27T17:00:00Z,DET,NYJ,NYJ@DET,betrivers,spreads,DET,-7.5,-107
2026-09-17T04:56:55Z,2026-09-27T17:00:00Z,DET,NYJ,NYJ@DET,betrivers,spreads,NYJ,7.5,-114
2026-09-17T04:56:55Z,2026-09-27T17:00:00Z,DET,NYJ,NYJ@DET,betrivers,totals,Over,47.5,-110
2026-09-17T04:56:55Z,2026-09-27T17:00:00Z,DET,NYJ,NYJ@DET,betrivers,totals,Under,47.5,-110
2026-09-17T04:56:55Z,2026-09-27T17:00:00Z,DET,NYJ,NYJ@DET,betus,spreads,DET,-7.0,-110
2026-09-17T04:56:55Z,2026-09-27T17:00:00Z,DET,NYJ,NYJ@DET,betus,spreads,NYJ,7.0,-110
2026-09-17T04:56:55Z,2026-09-27T17:00:00Z,DET,NYJ,NYJ@DET,betus,totals,Over,48.0,-110
2026-09-17T04:56:55Z,2026-09-27T17:00:00Z,DET,NYJ,NYJ@DET,betus,totals,Under,48.0,-110
2026-09-17T04:56:55Z,2026-09-27T17:00:00Z,DET,NYJ,NYJ@DET,draftkings,h2h,DET,,-340
2026-09-17T04:56:55Z,2026-09-27T17:00:00Z,DET,NYJ,NYJ@DET,draftkings,h2h,NYJ,,270
2026-09-17T04:56:55Z,2026-09-27T17:00:00Z,DET,NYJ,NYJ@DET,draftkings,spreads,DET,-7.0,-110
2026-09-17T04:56:55Z,2026-09-27T17:00:00Z,DET,NYJ,NYJ@DET,draftkings,spreads,NYJ,7.0,-110
2026-09-17T04:56:55Z,2026-09-27T17:00:00Z,DET,NYJ,NYJ@DET,draftkings,totals,Over,48.5,-110
2026-09-17T04:56:55Z,2026-09-27T17:00:00Z,DET,NYJ,NYJ@DET,draftkings,totals,Under,48.5,-110
2026-09-17T04:56:55Z,2026-09-27T17:00:00Z,DET,NYJ,NYJ@DET,fanduel,h2h,DET,,-375
2026-09-17T04:56:55Z,2026-09-27T17:00:00Z,DET,NYJ,NYJ@DET,fanduel,h2h,NYJ,,300
2026-09-17T04:56:55Z,2026-09-27T17:00:00Z,DET,NYJ,NYJ@DET,fanduel,spreads,DET,-7.5,-102
2026-09-17T04:56:55Z,2026-09-27T17:00:00Z,DET,NYJ,NYJ@DET,fanduel,spreads,NYJ,7.5,-120
2026-09-17T04:56:55Z,2026-09-27T17:00:00Z,DET,NYJ,NYJ@DET,fanduel,totals,Over,47.5,-105
2026-09-17T04:56:55Z,2026-09-27T17:00:00Z,DET,NYJ,NYJ@DET,fanduel,totals,Under,47.5,-115
2026-09-17T04:56:55Z,2026-09-27T17:00:00Z,DET,NYJ,NYJ@DET,lowvig,spreads,DET,-7.0,105
2026-09-17T04:56:55Z,2026-09-27T17:00:00Z,DET,NYJ,NYJ@DET,lowvig,spreads,NYJ,7.0,-116
2026-09-17T04:56:55Z,2026-09-27T17:00:00Z,DET,NYJ,NYJ@DET,lowvig,totals,Over,48.0,-107
2026-09-17T04:56:55Z,2026-09-27T17:00:00Z,DET,NYJ,NYJ@DET,lowvig,totals,Under,48.0,-107
2026-09-17T04:56:55Z,2026-09-29T00:15:00Z,CHI,PHI,PHI@CHI,betonlineag,spreads,CHI,-1.5,-105
2026-09-17T04:56:55Z,2026-09-29T00:15:00Z,CHI,PHI,PHI@CHI,betonlineag,spreads,PHI,1.5,-115
2026-09-17T04:56:55Z,2026-09-29T00:15:00Z,CHI,PHI,PHI@CHI,betonlineag,totals,Over,47.5,-110
2026-09-17T04:56:55Z,2026-09-29T00:15:00Z,CHI,PHI,PHI@CHI,betonlineag,totals,Under,47.5,-110
2026-09-17T04:56:55Z,2026-09-29T00:15:00Z,CHI,PHI,PHI@CHI,betrivers,h2h,CHI,,-122
2026-09-17T04:56:55Z,2026-09-29T00:15:00Z,CHI,PHI,PHI@CHI,betrivers,h2h,PHI,,100
2026-09-17T04:56:55Z,2026-09-29T00:15:00Z,CHI,PHI,PHI@CHI,betrivers,spreads,CHI,-1.5,-108
2026-09-17T04:56:55Z,2026-09-29T00:15:00Z,CHI,PHI,PHI@CHI,betrivers,spreads,PHI,1.5,-113
2026-09-17T04:56:55Z,2026-09-29T00:15:00Z,CHI,PHI,PHI@CHI,betrivers,totals,Over,48.0,-108
2026-09-17T04:56:55Z,2026-09-29T00:15:00Z,CHI,PHI,PHI@CHI,betrivers,totals,Under,48.0,-113
2026-09-17T04:56:55Z,2026-09-29T00:15:00Z,CHI,PHI,PHI@CHI,betus,spreads,CHI,-1.5,-110
2026-09-17T04:56:55Z,2026-09-29T00:15:00Z,CHI,PHI,PHI@CHI,betus,spreads,PHI,1.5,-110
2026-09-17T04:56:55Z,2026-09-29T00:15:00Z,CHI,PHI,PHI@CHI,betus,totals,Over,47.5,-110
2026-09-17T04:56:55Z,2026-09-29T00:15:00Z,CHI,PHI,PHI@CHI,betus,totals,Under,47.5,-110
2026-09-17T04:56:55Z,2026-09-29T00:15:00Z,CHI,PHI,PHI@CHI,draftkings,h2h,CHI,,-118
2026-09-17T04:56:55Z,2026-09-29T00:15:00Z,CHI,PHI,PHI@CHI,draftkings,h2h,PHI,,-102
2026-09-17T04:56:55Z,2026-09-29T00:15:00Z,CHI,PHI,PHI@CHI,draftkings,spreads,CHI,-1.5,-105
2026-09-17T04:56:55Z,2026-09-29T00:15:00Z,CHI,PHI,PHI@CHI,draftkings,spreads,PHI,1.5,-115
2026-09-17T04:56:55Z,2026-09-29T00:15:00Z,CHI,PHI,PHI@CHI,draftkings,totals,Over,47.5,-110
2026-09-17T04:56:55Z,2026-09-29T00:15:00Z,CHI,PHI,PHI@CHI,draftkings,totals,Under,47.5,-110
2026-09-17T04:56:55Z,2026-09-29T00:15:00Z,CHI,PHI,PHI@CHI,fanduel,h2h,CHI,,-112
2026-09-17T04:56:55Z,2026-09-29T00:15:00Z,CHI,PHI,PHI@CHI,fanduel,h2h,PHI,,-104
2026-09-17T04:56:55Z,2026-09-29T00:15:00Z,CHI,PHI,PHI@CHI,fanduel,spreads,CHI,-1.5,-104
2026-09-17T04:56:55Z,2026-09-29T00:15:00Z,CHI,PHI,PHI@CHI,fanduel,spreads,PHI,1.5,-118
2026-09-17T04:56:55Z,2026-09-29T00:15:00Z,CHI,PHI,PHI@CHI,fanduel,totals,Over,48.5,-102
2026-09-17T04:56:55Z,2026-09-29T00:15:00Z,CHI,PHI,PHI@CHI,fanduel,totals,Under,48.5,-120
2026-09-17T04:56:55Z,2026-09-29T00:15:00Z,CHI,PHI,PHI@CHI,lowvig,spreads,CHI,-1.5,100
2026-09-17T04:56:55Z,2026-09-29T00:15:00Z,CHI,PHI,PHI@CHI,lowvig,spreads,PHI,1.5,-110
2026-09-17T04:56:55Z,2026-09-29T00:15:00Z,CHI,PHI,PHI@CHI,lowvig,totals,Over,47.5,-107
2026-09-17T04:56:55Z,2026-09-29T00:15:00Z,CHI,PHI,PHI@CHI,lowvig,totals,Under,47.5,-107
2026-09-17T04:56:55Z,2026-09-20T17:00:00Z,TEN,PHI,PHI@TEN,betmgm,h2h,PHI,,-325
2026-09-17T04:56:55Z,2026-09-20T17:00:00Z,TEN,PHI,PHI@TEN,betmgm,h2h,TEN,,270
2026-09-17T04:56:55Z,2026-09-20T17:00:00Z,TEN,PHI,PHI@TEN,betmgm,spreads,PHI,-7.0,-115
2026-09-17T04:56:55Z,2026-09-20T17:00:00Z,TEN,PHI,PHI@TEN,betmgm,spreads,TEN,7.0,-105
2026-09-17T04:56:55Z,2026-09-20T17:00:00Z,TEN,PHI,PHI@TEN,betmgm,totals,Over,39.5,-110
2026-09-17T04:56:55Z,2026-09-20T17:00:00Z,TEN,PHI,PHI@TEN,betmgm,totals,Under,39.5,-108
2026-09-17T04:56:55Z,2026-09-20T17:00:00Z,TEN,PHI,PHI@TEN,betonlineag,h2h,PHI,,-340
2026-09-17T04:56:55Z,2026-09-20T17:00:00Z,TEN,PHI,PHI@TEN,betonlineag,h2h,TEN,,274
2026-09-17T04:56:55Z,2026-09-20T17:00:00Z,TEN,PHI,PHI@TEN,betonlineag,spreads,PHI,-7.0,-113
2026-09-17T04:56:55Z,2026-09-20T17:00:00Z,TEN,PHI,PHI@TEN,betonlineag,spreads,TEN,7.0,-107
2026-09-17T04:56:55Z,2026-09-20T17:00:00Z,TEN,PHI,PHI@TEN,betonlineag,totals,Over,39.5,-110
2026-09-17T04:56:55Z,2026-09-20T17:00:00Z,TEN,PHI,PHI@TEN,betonlineag,totals,Under,39.5,-110
2026-09-17T04:56:55Z,2026-09-20T17:00:00Z,TEN,PHI,PHI@TEN,betrivers,h2h,PHI,,-345
2026-09-17T04:56:55Z,2026-09-20T17:00:00Z,TEN,PHI,PHI@TEN,betrivers,h2h,TEN,,265
2026-09-17T04:56:55Z,2026-09-20T17:00:00Z,TEN,PHI,PHI@TEN,betrivers,spreads,PHI,-7.0,-110
2026-09-17T04:56:55Z,2026-09-20T17:00:00Z,TEN,PHI,PHI@TEN,betrivers,spreads,TEN,7.0,-110
2026-09-17T04:56:55Z,2026-09-20T17:00:00Z,TEN,PHI,PHI@TEN,betrivers,totals,Over,39.5,-112
2026-09-17T04:56:55Z,2026-09-20T17:00:00Z,TEN,PHI,PHI@TEN,betrivers,totals,Under,39.5,-109
2026-09-17T04:56:55Z,2026-09-20T17:00:00Z,TEN,PHI,PHI@TEN,betus,h2h,PHI,,-340
2026-09-17T04:56:55Z,2026-09-20T17:00:00Z,TEN,PHI,PHI@TEN,betus,h2h,TEN,,275
2026-09-17T04:56:55Z,2026-09-20T17:00:00Z,TEN,PHI,PHI@TEN,betus,spreads,PHI,-7.0,-115
2026-09-17T04:56:55Z,2026-09-20T17:00:00Z,TEN,PHI,PHI@TEN,betus,spreads,TEN,7.0,-105
2026-09-17T04:56:55Z,2026-09-20T17:00:00Z,TEN,PHI,PHI@TEN,betus,totals,Over,39.5,-110
2026-09-17T04:56:55Z,2026-09-20T17:00:00Z,TEN,PHI,PHI@TEN,betus,totals,Under,39.5,-110
2026-09-17T04:56:55Z,2026-09-20T17:00:00Z,TEN,PHI,PHI@TEN,bovada,h2h,PHI,,-340
2026-09-17T04:56:55Z,2026-09-20T17:00:00Z,TEN,PHI,PHI@TEN,bovada,h2h,TEN,,270
2026-09-17T04:56:55Z,2026-09-20T17:00:00Z,TEN,PHI,PHI@TEN,bovada,spreads,PHI,-7.0,-115
2026-09-17T04:56:55Z,2026-09-20T17:00:00Z,TEN,PHI,PHI@TEN,bovada,spreads,TEN,7.0,-105
2026-09-17T04:56:55Z,2026-09-20T17:00:00Z,TEN,PHI,PHI@TEN,bovada,totals,Over,40.0,-110
2026-09-17T04:56:55Z,2026-09-20T17:00:00Z,TEN,PHI,PHI@TEN,bovada,totals,Under,40.0,-110
2026-09-17T04:56:55Z,2026-09-20T17:00:00Z,TEN,PHI,PHI@TEN,draftkings,h2h,PHI,,-325
2026-09-17T04:56:55Z,2026-09-20T17:00:00Z,TEN,PHI,PHI@TEN,draftkings,h2h,TEN,,260
2026-09-17T04:56:55Z,2026-09-20T17:00:00Z,TEN,PHI,PHI@TEN,draftkings,spreads,PHI,-7.0,-112
2026-09-17T04:56:55Z,2026-09-20T17:00:00Z,TEN,PHI,PHI@TEN,draftkings,spreads,TEN,7.0,-108
2026-09-17T04:56:55Z,2026-09-20T17:00:00Z,TEN,PHI,PHI@TEN,draftkings,totals,Over,39.5,-110
2026-09-17T04:56:55Z,2026-09-20T17:00:00Z,TEN,PHI,PHI@TEN,draftkings,totals,Under,39.5,-110
2026-09-17T04:56:55Z,2026-09-20T17:00:00Z,TEN,PHI,PHI@TEN,fanduel,h2h,PHI,,-350
2026-09-17T04:56:55Z,2026-09-20T17:00:00Z,TEN,PHI,PHI@TEN,fanduel,h2h,TEN,,280
2026-09-17T04:56:55Z,2026-09-20T17:00:00Z,TEN,PHI,PHI@TEN,fanduel,spreads,PHI,-7.0,-110
2026-09-17T04:56:55Z,2026-09-20T17:00:00Z,TEN,PHI,PHI@TEN,fanduel,spreads,TEN,7.0,-110
2026-09-17T04:56:55Z,2026-09-20T17:00:00Z,TEN,PHI,PHI@TEN,fanduel,totals,Over,39.5,-110
2026-09-17T04:56:55Z,2026-09-20T17:00:00Z,TEN,PHI,PHI@TEN,fanduel,totals,Under,39.5,-110
2026-09-17T04:56:55Z,2026-09-20T17:00:00Z,TEN,PHI,PHI@TEN,lowvig,h2h,PHI,,-340
2026-09-17T04:56:55Z,2026-09-20T17:00:00Z,TEN,PHI,PHI@TEN,lowvig,h2h,TEN,,274
2026-09-17T04:56:55Z,2026-09-20T17:00:00Z,TEN,PHI,PHI@TEN,lowvig,spreads,PHI,-7.0,-108
2026-09-17T04:56:55Z,2026-09-20T17:00:00Z,TEN,PHI,PHI@TEN,lowvig,spreads,TEN,7.0,-102
2026-09-17T04:56:55Z,2026-09-20T17:00:00Z,TEN,PHI,PHI@TEN,lowvig,totals,Over,39.5,-107
2026-09-17T04:56:55Z,2026-09-20T17:00:00Z,TEN,PHI,PHI@TEN,lowvig,totals,Under,39.5,-107
2026-09-17T04:56:55Z,2026-09-20T17:00:00Z,TEN,PHI,PHI@TEN,mybookieag,h2h,PHI,,-370
2026-09-17T04:56:55Z,2026-09-20T17:00:00Z,TEN,PHI,PHI@TEN,mybookieag,h2h,TEN,,270
2026-09-17T04:56:55Z,2026-09-20T17:00:00Z,TEN,PHI,PHI@TEN,mybookieag,spreads,PHI,-7.0,-110
2026-09-17T04:56:55Z,2026-09-20T17:00:00Z,TEN,PHI,PHI@TEN,mybookieag,spreads,TEN,7.0,-110
2026-09-17T04:56:55Z,2026-09-20T17:00:00Z,TEN,PHI,PHI@TEN,mybookieag,totals,Over,39.5,-110
2026-09-17T04:56:55Z,2026-09-20T17:00:00Z,TEN,PHI,PHI@TEN,mybookieag,totals,Under,39.5,-110
2026-09-17T04:56:55Z,2026-09-20T17:00:00Z,NE,PIT,PIT@NE,betmgm,h2h,NE,,-235
2026-09-17T04:56:55Z,2026-09-20T17:00:00Z,NE,PIT,PIT@NE,betmgm,h2h,PIT,,195
2026-09-17T04:56:55Z,2026-09-20T17:00:00Z,NE,PIT,PIT@NE,betmgm,spreads,NE,-5.0,-110
2026-09-17T04:56:55Z,2026-09-20T17:00:00Z,NE,PIT,PIT@NE,betmgm,spreads,PIT,5.0,-108
2026-09-17T04:56:55Z,2026-09-20T17:00:00Z,NE,PIT,PIT@NE,betmgm,totals,Over,41.5,-110
2026-09-17T04:56:55Z,2026-09-20T17:00:00Z,NE,PIT,PIT@NE,betmgm,totals,Under,41.5,-108
2026-09-17T04:56:55Z,2026-09-20T17:00:00Z,NE,PIT,PIT@NE,betonlineag,h2h,NE,,-235
2026-09-17T04:56:55Z,2026-09-20T17:00:00Z,NE,PIT,PIT@NE,betonlineag,h2h,PIT,,195
2026-09-17T04:56:55Z,2026-09-20T17:00:00Z,NE,PIT,PIT@NE,betonlineag,spreads,NE,-5.0,-110
2026-09-17T04:56:55Z,2026-09-20T17:00:00Z,NE,PIT,PIT@NE,betonlineag,spreads,PIT,5.0,-110
2026-09-17T04:56:55Z,2026-09-20T17:00:00Z,NE,PIT,PIT@NE,betonlineag,totals,Over,41.5,-110
2026-09-17T04:56:55Z,2026-09-20T17:00:00Z,NE,PIT,PIT@NE,betonlineag,totals,Under,41.5,-110
2026-09-17T04:56:55Z,2026-09-20T17:00:00Z,NE,PIT,PIT@NE,betrivers,h2h,NE,,-240
2026-09-17T04:56:55Z,2026-09-20T17:00:00Z,NE,PIT,PIT@NE,betrivers,h2h,PIT,,195
2026-09-17T04:56:55Z,2026-09-20T17:00:00Z,NE,PIT,PIT@NE,betrivers,spreads,NE,-5.0,-112
2026-09-17T04:56:55Z,2026-09-20T17:00:00Z,NE,PIT,PIT@NE,betrivers,spreads,PIT,5.0,-109
2026-09-17T04:56:55Z,2026-09-20T17:00:00Z,NE,PIT,PIT@NE,betrivers,totals,Over,41.5,-109
2026-09-17T04:56:55Z,2026-09-20T17:00:00Z,NE,PIT,PIT@NE,betrivers,totals,Under,41.5,-112
2026-09-17T04:56:55Z,2026-09-20T17:00:00Z,NE,PIT,PIT@NE,betus,h2h,NE,,-235
2026-09-17T04:56:55Z,2026-09-20T17:00:00Z,NE,PIT,PIT@NE,betus,h2h,PIT,,200
2026-09-17T04:56:55Z,2026-09-20T17:00:00Z,NE,PIT,PIT@NE,betus,spreads,NE,-5.0,-110
2026-09-17T04:56:55Z,2026-09-20T17:00:00Z,NE,PIT,PIT@NE,betus,spreads,PIT,5.0,-110
2026-09-17T04:56:55Z,2026-09-20T17:00:00Z,NE,PIT,PIT@NE,betus,totals,Over,41.5,-110
2026-09-17T04:56:55Z,2026-09-20T17:00:00Z,NE,PIT,PIT@NE,betus,totals,Under,41.5,-110
2026-09-17T04:56:55Z,2026-09-20T17:00:00Z,NE,PIT,PIT@NE,draftkings,h2h,NE,,-218
2026-09-17T04:56:55Z,2026-09-20T17:00:00Z,NE,PIT,PIT@NE,draftkings,h2h,PIT,,180
2026-09-17T04:56:55Z,2026-09-20T17:00:00Z,NE,PIT,PIT@NE,draftkings,spreads,NE,-5.5,-105
2026-09-17T04:56:55Z,2026-09-20T17:00:00Z,NE,PIT,PIT@NE,draftkings,spreads,PIT,5.5,-115
2026-09-17T04:56:55Z,2026-09-20T17:00:00Z,NE,PIT,PIT@NE,draftkings,totals,Over,41.5,-112
2026-09-17T04:56:55Z,2026-09-20T17:00:00Z,NE,PIT,PIT@NE,draftkings,totals,Under,41.5,-108
2026-09-17T04:56:55Z,2026-09-20T17:00:00Z,NE,PIT,PIT@NE,fanduel,h2h,NE,,-250
2026-09-17T04:56:55Z,2026-09-20T17:00:00Z,NE,PIT,PIT@NE,fanduel,h2h,PIT,,205
2026-09-17T04:56:55Z,2026-09-20T17:00:00Z,NE,PIT,PIT@NE,fanduel,spreads,NE,-4.5,-120
2026-09-17T04:56:55Z,2026-09-20T17:00:00Z,NE,PIT,PIT@NE,fanduel,spreads,PIT,4.5,-102
2026-09-17T04:56:55Z,2026-09-20T17:00:00Z,NE,PIT,PIT@NE,fanduel,totals,Over,41.5,-110
2026-09-17T04:56:55Z,2026-09-20T17:00:00Z,NE,PIT,PIT@NE,fanduel,totals,Under,41.5,-110
2026-09-17T04:56:55Z,2026-09-20T17:00:00Z,NE,PIT,PIT@NE,lowvig,h2h,NE,,-235
2026-09-17T04:56:55Z,2026-09-20T17:00:00Z,NE,PIT,PIT@NE,lowvig,h2h,PIT,,195
2026-09-17T04:56:55Z,2026-09-20T17:00:00Z,NE,PIT,PIT@NE,lowvig,spreads,NE,-5.0,-105
2026-09-17T04:56:55Z,2026-09-20T17:00:00Z,NE,PIT,PIT@NE,lowvig,spreads,PIT,5.0,-105
2026-09-17T04:56:55Z,2026-09-20T17:00:00Z,NE,PIT,PIT@NE,lowvig,totals,Over,41.5,-107
2026-09-17T04:56:55Z,2026-09-20T17:00:00Z,NE,PIT,PIT@NE,lowvig,totals,Under,41.5,-107
2026-09-17T04:56:55Z,2026-09-20T17:00:00Z,NE,PIT,PIT@NE,mybookieag,h2h,NE,,-238
2026-09-17T04:56:55Z,2026-09-20T17:00:00Z,NE,PIT,PIT@NE,mybookieag,h2h,PIT,,181
2026-09-17T04:56:55Z,2026-09-20T17:00:00Z,NE,PIT,PIT@NE,mybookieag,spreads,NE,-5.0,-110
2026-09-17T04:56:55Z,2026-09-20T17:00:00Z,NE,PIT,PIT@NE,mybookieag,spreads,PIT,5.0,-110
2026-09-17T04:56:55Z,2026-09-20T17:00:00Z,NE,PIT,PIT@NE,mybookieag,totals,Over,41.5,-110
2026-09-17T04:56:55Z,2026-09-20T17:00:00Z,NE,PIT,PIT@NE,mybookieag,totals,Under,41.5,-110
2026-09-17T04:56:55Z,2026-09-20T20:25:00Z,ARI,SEA,SEA@ARI,betmgm,h2h,ARI,,170
2026-09-17T04:56:55Z,2026-09-20T20:25:00Z,ARI,SEA,SEA@ARI,betmgm,h2h,SEA,,-210
2026-09-17T04:56:55Z,2026-09-20T20:25:00Z,ARI,SEA,SEA@ARI,betmgm,spreads,ARI,4.0,-110
2026-09-17T04:56:55Z,2026-09-20T20:25:00Z,ARI,SEA,SEA@ARI,betmgm,spreads,SEA,-4.0,-108
2026-09-17T04:56:55Z,2026-09-20T20:25:00Z,ARI,SEA,SEA@ARI,betmgm,totals,Over,41.0,-110
2026-09-17T04:56:55Z,2026-09-20T20:25:00Z,ARI,SEA,SEA@ARI,betmgm,totals,Under,41.0,-108
2026-09-17T04:56:55Z,2026-09-20T20:25:00Z,ARI,SEA,SEA@ARI,betonlineag,h2h,ARI,,173
2026-09-17T04:56:55Z,2026-09-20T20:25:00Z,ARI,SEA,SEA@ARI,betonlineag,h2h,SEA,,-198
2026-09-17T04:56:55Z,2026-09-20T20:25:00Z,ARI,SEA,SEA@ARI,betonlineag,spreads,ARI,4.0,-112
2026-09-17T04:56:55Z,2026-09-20T20:25:00Z,ARI,SEA,SEA@ARI,betonlineag,spreads,SEA,-4.0,-108
2026-09-17T04:56:55Z,2026-09-20T20:25:00Z,ARI,SEA,SEA@ARI,betonlineag,totals,Over,41.0,-113
2026-09-17T04:56:55Z,2026-09-20T20:25:00Z,ARI,SEA,SEA@ARI,betonlineag,totals,Under,41.0,-107
2026-09-17T04:56:55Z,2026-09-20T20:25:00Z,ARI,SEA,SEA@ARI,betrivers,h2h,ARI,,170
2026-09-17T04:56:55Z,2026-09-20T20:25:00Z,ARI,SEA,SEA@ARI,betrivers,h2h,SEA,,-210
2026-09-17T04:56:55Z,2026-09-20T20:25:00Z,ARI,SEA,SEA@ARI,betrivers,spreads,ARI,4.0,-110
2026-09-17T04:56:55Z,2026-09-20T20:25:00Z,ARI,SEA,SEA@ARI,betrivers,spreads,SEA,-4.0,-110
2026-09-17T04:56:55Z,2026-09-20T20:25:00Z,ARI,SEA,SEA@ARI,betrivers,totals,Over,41.0,-110
2026-09-17T04:56:55Z,2026-09-20T20:25:00Z,ARI,SEA,SEA@ARI,betrivers,totals,Under,41.0,-110
2026-09-17T04:56:55Z,2026-09-20T20:25:00Z,ARI,SEA,SEA@ARI,betus,h2h,ARI,,170
2026-09-17T04:56:55Z,2026-09-20T20:25:00Z,ARI,SEA,SEA@ARI,betus,h2h,SEA,,-200
2026-09-17T04:56:55Z,2026-09-20T20:25:00Z,ARI,SEA,SEA@ARI,betus,spreads,ARI,4.0,-110
2026-09-17T04:56:55Z,2026-09-20T20:25:00Z,ARI,SEA,SEA@ARI,betus,spreads,SEA,-4.0,-110
2026-09-17T04:56:55Z,2026-09-20T20:25:00Z,ARI,SEA,SEA@ARI,betus,totals,Over,41.0,-115
2026-09-17T04:56:55Z,2026-09-20T20:25:00Z,ARI,SEA,SEA@ARI,betus,totals,Under,41.0,-105
2026-09-17T04:56:55Z,2026-09-20T20:25:00Z,ARI,SEA,SEA@ARI,bovada,h2h,ARI,,170
2026-09-17T04:56:55Z,2026-09-20T20:25:00Z,ARI,SEA,SEA@ARI,bovada,h2h,SEA,,-200
2026-09-17T04:56:55Z,2026-09-20T20:25:00Z,ARI,SEA,SEA@ARI,bovada,spreads,ARI,3.5,-105
2026-09-17T04:56:55Z,2026-09-20T20:25:00Z,ARI,SEA,SEA@ARI,bovada,spreads,SEA,-3.5,-115
2026-09-17T04:56:55Z,2026-09-20T20:25:00Z,ARI,SEA,SEA@ARI,bovada,totals,Over,41.0,-110
2026-09-17T04:56:55Z,2026-09-20T20:25:00Z,ARI,SEA,SEA@ARI,bovada,totals,Under,41.0,-110
2026-09-17T04:56:55Z,2026-09-20T20:25:00Z,ARI,SEA,SEA@ARI,draftkings,h2h,ARI,,180
2026-09-17T04:56:55Z,2026-09-20T20:25:00Z,ARI,SEA,SEA@ARI,draftkings,h2h,SEA,,-218
2026-09-17T04:56:55Z,2026-09-20T20:25:00Z,ARI,SEA,SEA@ARI,draftkings,spreads,ARI,3.5,100
2026-09-17T04:56:55Z,2026-09-20T20:25:00Z,ARI,SEA,SEA@ARI,draftkings,spreads,SEA,-3.5,-120
2026-09-17T04:56:55Z,2026-09-20T20:25:00Z,ARI,SEA,SEA@ARI,draftkings,totals,Over,40.5,-118
2026-09-17T04:56:55Z,2026-09-20T20:25:00Z,ARI,SEA,SEA@ARI,draftkings,totals,Under,40.5,-102
2026-09-17T04:56:55Z,2026-09-20T20:25:00Z,ARI,SEA,SEA@ARI,fanduel,h2h,ARI,,166
2026-09-17T04:56:55Z,2026-09-20T20:25:00Z,ARI,SEA,SEA@ARI,fanduel,h2h,SEA,,-198
2026-09-17T04:56:55Z,2026-09-20T20:25:00Z,ARI,SEA,SEA@ARI,fanduel,spreads,ARI,4.5,-120
2026-09-17T04:56:55Z,2026-09-20T20:25:00Z,ARI,SEA,SEA@ARI,fanduel,spreads,SEA,-4.5,-102
2026-09-17T04:56:55Z,2026-09-20T20:25:00Z,ARI,SEA,SEA@ARI,fanduel,totals,Over,41.5,-102
2026-09-17T04:56:55Z,2026-09-20T20:25:00Z,ARI,SEA,SEA@ARI,fanduel,totals,Under,41.5,-120
2026-09-17T04:56:55Z,2026-09-20T20:25:00Z,ARI,SEA,SEA@ARI,lowvig,h2h,ARI,,173
2026-09-17T04:56:55Z,2026-09-20T20:25:00Z,ARI,SEA,SEA@ARI,lowvig,h2h,SEA,,-198
2026-09-17T04:56:55Z,2026-09-20T20:25:00Z,ARI,SEA,SEA@ARI,lowvig,spreads,ARI,4.0,-107
2026-09-17T04:56:55Z,2026-09-20T20:25:00Z,ARI,SEA,SEA@ARI,lowvig,spreads,SEA,-4.0,-103
2026-09-17T04:56:55Z,2026-09-20T20:25:00Z,ARI,SEA,SEA@ARI,lowvig,totals,Over,41.0,-110
2026-09-17T04:56:55Z,2026-09-20T20:25:00Z,ARI,SEA,SEA@ARI,lowvig,totals,Under,41.0,-104
2026-09-17T04:56:55Z,2026-09-20T20:25:00Z,ARI,SEA,SEA@ARI,mybookieag,h2h,ARI,,165
2026-09-17T04:56:55Z,2026-09-20T20:25:00Z,ARI,SEA,SEA@ARI,mybookieag,h2h,SEA,,-214
2026-09-17T04:56:55Z,2026-09-20T20:25:00Z,ARI,SEA,SEA@ARI,mybookieag,spreads,ARI,4.0,-110
2026-09-17T04:56:55Z,2026-09-20T20:25:00Z,ARI,SEA,SEA@ARI,mybookieag,spreads,SEA,-4.0,-110
2026-09-17T04:56:55Z,2026-09-20T20:25:00Z,ARI,SEA,SEA@ARI,mybookieag,totals,Over,41.0,-110
2026-09-17T04:56:55Z,2026-09-20T20:25:00Z,ARI,SEA,SEA@ARI,mybookieag,totals,Under,41.0,-110
2026-09-17T04:56:55Z,2026-09-27T17:00:00Z,WAS,SEA,SEA@WAS,betonlineag,spreads,SEA,-2.0,-110
2026-09-17T04:56:55Z,2026-09-27T17:00:00Z,WAS,SEA,SEA@WAS,betonlineag,spreads,WAS,2.0,-110
2026-09-17T04:56:55Z,2026-09-27T17:00:00Z,WAS,SEA,SEA@WAS,betonlineag,totals,Over,41.5,-110
2026-09-17T04:56:55Z,2026-09-27T17:00:00Z,WAS,SEA,SEA@WAS,betonlineag,totals,Under,41.5,-110
2026-09-17T04:56:55Z,2026-09-27T17:00:00Z,WAS,SEA,SEA@WAS,betrivers,h2h,SEA,,-136
2026-09-17T04:56:55Z,2026-09-27T17:00:00Z,WAS,SEA,SEA@WAS,betrivers,h2h,WAS,,112
2026-09-17T04:56:55Z,2026-09-27T17:00:00Z,WAS,SEA,SEA@WAS,betrivers,spreads,SEA,-2.5,-112
2026-09-17T04:56:55Z,2026-09-27T17:00:00Z,WAS,SEA,SEA@WAS,betrivers,spreads,WAS,2.5,-109
2026-09-17T04:56:55Z,2026-09-27T17:00:00Z,WAS,SEA,SEA@WAS,betrivers,totals,Over,42.0,-109
2026-09-17T04:56:55Z,2026-09-27T17:00:00Z,WAS,SEA,SEA@WAS,betrivers,totals,Under,42.0,-112
2026-09-17T04:56:55Z,2026-09-27T17:00:00Z,WAS,SEA,SEA@WAS,betus,spreads,SEA,-2.0,-110
2026-09-17T04:56:55Z,2026-09-27T17:00:00Z,WAS,SEA,SEA@WAS,betus,spreads,WAS,2.0,-110
2026-09-17T04:56:55Z,2026-09-27T17:00:00Z,WAS,SEA,SEA@WAS,betus,totals,Over,42.0,-110
2026-09-17T04:56:55Z,2026-09-27T17:00:00Z,WAS,SEA,SEA@WAS,betus,totals,Under,42.0,-110
2026-09-17T04:56:55Z,2026-09-27T17:00:00Z,WAS,SEA,SEA@WAS,draftkings,h2h,SEA,,-135
2026-09-17T04:56:55Z,2026-09-27T17:00:00Z,WAS,SEA,SEA@WAS,draftkings,h2h,WAS,,114
2026-09-17T04:56:55Z,2026-09-27T17:00:00Z,WAS,SEA,SEA@WAS,draftkings,spreads,SEA,-2.5,-110
2026-09-17T04:56:55Z,2026-09-27T17:00:00Z,WAS,SEA,SEA@WAS,draftkings,spreads,WAS,2.5,-110
2026-09-17T04:56:55Z,2026-09-27T17:00:00Z,WAS,SEA,SEA@WAS,draftkings,totals,Over,41.5,-110
2026-09-17T04:56:55Z,2026-09-27T17:00:00Z,WAS,SEA,SEA@WAS,draftkings,totals,Under,41.5,-110
2026-09-17T04:56:55Z,2026-09-27T17:00:00Z,WAS,SEA,SEA@WAS,fanduel,h2h,SEA,,-120
2026-09-17T04:56:55Z,2026-09-27T17:00:00Z,WAS,SEA,SEA@WAS,fanduel,h2h,WAS,,102
2026-09-17T04:56:55Z,2026-09-27T17:00:00Z,WAS,SEA,SEA@WAS,fanduel,spreads,SEA,-1.5,-110
2026-09-17T04:56:55Z,2026-09-27T17:00:00Z,WAS,SEA,SEA@WAS,fanduel,spreads,WAS,1.5,-110
2026-09-17T04:56:55Z,2026-09-27T17:00:00Z,WAS,SEA,SEA@WAS,fanduel,totals,Over,42.5,-105
2026-09-17T04:56:55Z,2026-09-27T17:00:00Z,WAS,SEA,SEA@WAS,fanduel,totals,Under,42.5,-115
2026-09-17T04:56:55Z,2026-09-27T17:00:00Z,WAS,SEA,SEA@WAS,lowvig,spreads,SEA,-2.0,-105
2026-09-17T04:56:55Z,2026-09-27T17:00:00Z,WAS,SEA,SEA@WAS,lowvig,spreads,WAS,2.0,-105
2026-09-17T04:56:55Z,2026-09-27T17:00:00Z,WAS,SEA,SEA@WAS,lowvig,totals,Over,41.5,-107
2026-09-17T04:56:55Z,2026-09-27T17:00:00Z,WAS,SEA,SEA@WAS,lowvig,totals,Under,41.5,-107
2026-09-17T04:56:55Z,2026-09-27T17:00:00Z,NYG,TEN,TEN@NYG,betonlineag,spreads,NYG,-5.5,-115
2026-09-17T04:56:55Z,2026-09-27T17:00:00Z,NYG,TEN,TEN@NYG,betonlineag,spreads,TEN,5.5,-105
2026-09-17T04:56:55Z,2026-09-27T17:00:00Z,NYG,TEN,TEN@NYG,betonlineag,totals,Over,43.0,-110
2026-09-17T04:56:55Z,2026-09-27T17:00:00Z,NYG,TEN,TEN@NYG,betonlineag,totals,Under,43.0,-110
2026-09-17T04:56:55Z,2026-09-27T17:00:00Z,NYG,TEN,TEN@NYG,betrivers,h2h,NYG,,-275
2026-09-17T04:56:55Z,2026-09-27T17:00:00Z,NYG,TEN,TEN@NYG,betrivers,h2h,TEN,,220
2026-09-17T04:56:55Z,2026-09-27T17:00:00Z,NYG,TEN,TEN@NYG,betrivers,spreads,NYG,-6.0,-110
2026-09-17T04:56:55Z,2026-09-27T17:00:00Z,NYG,TEN,TEN@NYG,betrivers,spreads,TEN,6.0,-110
2026-09-17T04:56:55Z,2026-09-27T17:00:00Z,NYG,TEN,TEN@NYG,betrivers,totals,Over,43.0,-108
2026-09-17T04:56:55Z,2026-09-27T17:00:00Z,NYG,TEN,TEN@NYG,betrivers,totals,Under,43.0,-113
2026-09-17T04:56:55Z,2026-09-27T17:00:00Z,NYG,TEN,TEN@NYG,betus,spreads,NYG,-5.5,-115
2026-09-17T04:56:55Z,2026-09-27T17:00:00Z,NYG,TEN,TEN@NYG,betus,spreads,TEN,5.5,-105
2026-09-17T04:56:55Z,2026-09-27T17:00:00Z,NYG,TEN,TEN@NYG,betus,totals,Over,43.0,-110
2026-09-17T04:56:55Z,2026-09-27T17:00:00Z,NYG,TEN,TEN@NYG,betus,totals,Under,43.0,-110
2026-09-17T04:56:55Z,2026-09-27T17:00:00Z,NYG,TEN,TEN@NYG,draftkings,h2h,NYG,,-250
2026-09-17T04:56:55Z,2026-09-27T17:00:00Z,NYG,TEN,TEN@NYG,draftkings,h2h,TEN,,205
2026-09-17T04:56:55Z,2026-09-27T17:00:00Z,NYG,TEN,TEN@NYG,draftkings,spreads,NYG,-5.5,-110
2026-09-17T04:56:55Z,2026-09-27T17:00:00Z,NYG,TEN,TEN@NYG,draftkings,spreads,TEN,5.5,-110
2026-09-17T04:56:55Z,2026-09-27T17:00:00Z,NYG,TEN,TEN@NYG,draftkings,totals,Over,43.5,-110
2026-09-17T04:56:55Z,2026-09-27T17:00:00Z,NYG,TEN,TEN@NYG,draftkings,totals,Under,43.5,-110
2026-09-17T04:56:55Z,2026-09-27T17:00:00Z,NYG,TEN,TEN@NYG,fanduel,h2h,NYG,,-275
2026-09-17T04:56:55Z,2026-09-27T17:00:00Z,NYG,TEN,TEN@NYG,fanduel,h2h,TEN,,225
2026-09-17T04:56:55Z,2026-09-27T17:00:00Z,NYG,TEN,TEN@NYG,fanduel,spreads,NYG,-5.5,-120
2026-09-17T04:56:55Z,2026-09-27T17:00:00Z,NYG,TEN,TEN@NYG,fanduel,spreads,TEN,5.5,-102
2026-09-17T04:56:55Z,2026-09-27T17:00:00Z,NYG,TEN,TEN@NYG,fanduel,totals,Over,42.5,-110
2026-09-17T04:56:55Z,2026-09-27T17:00:00Z,NYG,TEN,TEN@NYG,fanduel,totals,Under,42.5,-110
2026-09-17T04:56:55Z,2026-09-27T17:00:00Z,NYG,TEN,TEN@NYG,lowvig,spreads,NYG,-5.5,-110
2026-09-17T04:56:55Z,2026-09-27T17:00:00Z,NYG,TEN,TEN@NYG,lowvig,spreads,TEN,5.5,100
2026-09-17T04:56:55Z,2026-09-27T17:00:00Z,NYG,TEN,TEN@NYG,lowvig,totals,Over,43.0,-107
2026-09-17T04:56:55Z,2026-09-27T17:00:00Z,NYG,TEN,TEN@NYG,lowvig,totals,Under,43.0,-107
2026-09-17T04:56:55Z,2026-09-20T20:25:00Z,DAL,WAS,WAS@DAL,betmgm,h2h,DAL,,-210
2026-09-17T04:56:55Z,2026-09-20T20:25:00Z,DAL,WAS,WAS@DAL,betmgm,h2h,WAS,,175
2026-09-17T04:56:55Z,2026-09-20T20:25:00Z,DAL,WAS,WAS@DAL,betmgm,spreads,DAL,-4.0,-108
2026-09-17T04:56:55Z,2026-09-20T20:25:00Z,DAL,WAS,WAS@DAL,betmgm,spreads,WAS,4.0,-110
2026-09-17T04:56:55Z,2026-09-20T20:25:00Z,DAL,WAS,WAS@DAL,betmgm,totals,Over,50.5,-108
2026-09-17T04:56:55Z,2026-09-20T20:25:00Z,DAL,WAS,WAS@DAL,betmgm,totals,Under,50.5,-110
2026-09-17T04:56:55Z,2026-09-20T20:25:00Z,DAL,WAS,WAS@DAL,betonlineag,h2h,DAL,,-198
2026-09-17T04:56:55Z,2026-09-20T20:25:00Z,DAL,WAS,WAS@DAL,betonlineag,h2h,WAS,,173
2026-09-17T04:56:55Z,2026-09-20T20:25:00Z,DAL,WAS,WAS@DAL,betonlineag,spreads,DAL,-4.0,-110
2026-09-17T04:56:55Z,2026-09-20T20:25:00Z,DAL,WAS,WAS@DAL,betonlineag,spreads,WAS,4.0,-110
2026-09-17T04:56:55Z,2026-09-20T20:25:00Z,DAL,WAS,WAS@DAL,betonlineag,totals,Over,50.5,-107
2026-09-17T04:56:55Z,2026-09-20T20:25:00Z,DAL,WAS,WAS@DAL,betonlineag,totals,Under,50.5,-113
2026-09-17T04:56:55Z,2026-09-20T20:25:00Z,DAL,WAS,WAS@DAL,betrivers,h2h,DAL,,-200
2026-09-17T04:56:55Z,2026-09-20T20:25:00Z,DAL,WAS,WAS@DAL,betrivers,h2h,WAS,,165
2026-09-17T04:56:55Z,2026-09-20T20:25:00Z,DAL,WAS,WAS@DAL,betrivers,spreads,DAL,-4.0,-109
2026-09-17T04:56:55Z,2026-09-20T20:25:00Z,DAL,WAS,WAS@DAL,betrivers,spreads,WAS,4.0,-112
2026-09-17T04:56:55Z,2026-09-20T20:25:00Z,DAL,WAS,WAS@DAL,betrivers,totals,Over,50.5,-114
2026-09-17T04:56:55Z,2026-09-20T20:25:00Z,DAL,WAS,WAS@DAL,betrivers,totals,Under,50.5,-107
2026-09-17T04:56:55Z,2026-09-20T20:25:00Z,DAL,WAS,WAS@DAL,betus,h2h,DAL,,-205
2026-09-17T04:56:55Z,2026-09-20T20:25:00Z,DAL,WAS,WAS@DAL,betus,h2h,WAS,,175
2026-09-17T04:56:55Z,2026-09-20T20:25:00Z,DAL,WAS,WAS@DAL,betus,spreads,DAL,-4.0,-110
2026-09-17T04:56:55Z,2026-09-20T20:25:00Z,DAL,WAS,WAS@DAL,betus,spreads,WAS,4.0,-110
2026-09-17T04:56:55Z,2026-09-20T20:25:00Z,DAL,WAS,WAS@DAL,betus,totals,Over,50.5,-105
2026-09-17T04:56:55Z,2026-09-20T20:25:00Z,DAL,WAS,WAS@DAL,betus,totals,Under,50.5,-115
2026-09-17T04:56:55Z,2026-09-20T20:25:00Z,DAL,WAS,WAS@DAL,bovada,h2h,DAL,,-210
2026-09-17T04:56:55Z,2026-09-20T20:25:00Z,DAL,WAS,WAS@DAL,bovada,h2h,WAS,,175
2026-09-17T04:56:55Z,2026-09-20T20:25:00Z,DAL,WAS,WAS@DAL,bovada,spreads,DAL,-4.0,-110
2026-09-17T04:56:55Z,2026-09-20T20:25:00Z,DAL,WAS,WAS@DAL,bovada,spreads,WAS,4.0,-110
2026-09-17T04:56:55Z,2026-09-20T20:25:00Z,DAL,WAS,WAS@DAL,bovada,totals,Over,50.5,-105
2026-09-17T04:56:55Z,2026-09-20T20:25:00Z,DAL,WAS,WAS@DAL,bovada,totals,Under,50.5,-115
2026-09-17T04:56:55Z,2026-09-20T20:25:00Z,DAL,WAS,WAS@DAL,draftkings,h2h,DAL,,-218
2026-09-17T04:56:55Z,2026-09-20T20:25:00Z,DAL,WAS,WAS@DAL,draftkings,h2h,WAS,,180
2026-09-17T04:56:55Z,2026-09-20T20:25:00Z,DAL,WAS,WAS@DAL,draftkings,spreads,DAL,-4.5,-105
2026-09-17T04:56:55Z,2026-09-20T20:25:00Z,DAL,WAS,WAS@DAL,draftkings,spreads,WAS,4.5,-115
2026-09-17T04:56:55Z,2026-09-20T20:25:00Z,DAL,WAS,WAS@DAL,draftkings,totals,Over,50.5,-108
2026-09-17T04:56:55Z,2026-09-20T20:25:00Z,DAL,WAS,WAS@DAL,draftkings,totals,Under,50.5,-112
2026-09-17T04:56:55Z,2026-09-20T20:25:00Z,DAL,WAS,WAS@DAL,fanduel,h2h,DAL,,-210
2026-09-17T04:56:55Z,2026-09-20T20:25:00Z,DAL,WAS,WAS@DAL,fanduel,h2h,WAS,,176
2026-09-17T04:56:55Z,2026-09-20T20:25:00Z,DAL,WAS,WAS@DAL,fanduel,spreads,DAL,-3.5,-115
2026-09-17T04:56:55Z,2026-09-20T20:25:00Z,DAL,WAS,WAS@DAL,fanduel,spreads,WAS,3.5,-105
2026-09-17T04:56:55Z,2026-09-20T20:25:00Z,DAL,WAS,WAS@DAL,fanduel,totals,Over,50.5,-110
2026-09-17T04:56:55Z,2026-09-20T20:25:00Z,DAL,WAS,WAS@DAL,fanduel,totals,Under,50.5,-110
2026-09-17T04:56:55Z,2026-09-20T20:25:00Z,DAL,WAS,WAS@DAL,lowvig,h2h,DAL,,-198
2026-09-17T04:56:55Z,2026-09-20T20:25:00Z,DAL,WAS,WAS@DAL,lowvig,h2h,WAS,,173
2026-09-17T04:56:55Z,2026-09-20T20:25:00Z,DAL,WAS,WAS@DAL,lowvig,spreads,DAL,-4.0,-105
2026-09-17T04:56:55Z,2026-09-20T20:25:00Z,DAL,WAS,WAS@DAL,lowvig,spreads,WAS,4.0,-105
2026-09-17T04:56:55Z,2026-09-20T20:25:00Z,DAL,WAS,WAS@DAL,lowvig,totals,Over,50.5,-104
2026-09-17T04:56:55Z,2026-09-20T20:25:00Z,DAL,WAS,WAS@DAL,lowvig,totals,Under,50.5,-110
2026-09-17T04:56:55Z,2026-09-20T20:25:00Z,DAL,WAS,WAS@DAL,mybookieag,h2h,DAL,,-210
2026-09-17T04:56:55Z,2026-09-20T20:25:00Z,DAL,WAS,WAS@DAL,mybookieag,h2h,WAS,,161
2026-09-17T04:56:55Z,2026-09-20T20:25:00Z,DAL,WAS,WAS@DAL,mybookieag,spreads,DAL,-4.0,-110
2026-09-17T04:56:55Z,2026-09-20T20:25:00Z,DAL,WAS,WAS@DAL,mybookieag,spreads,WAS,4.0,-110
2026-09-17T04:56:55Z,2026-09-20T20:25:00Z,DAL,WAS,WAS@DAL,mybookieag,totals,Over,50.5,-110
2026-09-17T04:56:55Z,2026-09-20T20:25:00Z,DAL,WAS,WAS@DAL,mybookieag,totals,Under,50.5,-110
2026-09-18T17:43:07Z,2026-09-27T20:05:00Z,SF,ARI,ARI@SF,betonlineag,spreads,ARI,8.5,-110
2026-09-18T17:43:07Z,2026-09-27T20:05:00Z,SF,ARI,ARI@SF,betonlineag,spreads,SF,-8.5,-110
2026-09-18T17:43:07Z,2026-09-27T20:05:00Z,SF,ARI,ARI@SF,betonlineag,totals,Over,48.5,-110
2026-09-18T17:43:07Z,2026-09-27T20:05:00Z,SF,ARI,ARI@SF,betonlineag,totals,Under,48.5,-110
2026-09-18T17:43:07Z,2026-09-27T20:05:00Z,SF,ARI,ARI@SF,betrivers,h2h,ARI,,365
2026-09-18T17:43:07Z,2026-09-27T20:05:00Z,SF,ARI,ARI@SF,betrivers,h2h,SF,,-500
2026-09-18T17:43:07Z,2026-09-27T20:05:00Z,SF,ARI,ARI@SF,betrivers,spreads,ARI,8.5,-113
2026-09-18T17:43:07Z,2026-09-27T20:05:00Z,SF,ARI,ARI@SF,betrivers,spreads,SF,-8.5,-108
2026-09-18T17:43:07Z,2026-09-27T20:05:00Z,SF,ARI,ARI@SF,betrivers,totals,Over,47.5,-113
2026-09-18T17:43:07Z,2026-09-27T20:05:00Z,SF,ARI,ARI@SF,betrivers,totals,Under,47.5,-108
2026-09-18T17:43:07Z,2026-09-27T20:05:00Z,SF,ARI,ARI@SF,betus,spreads,ARI,8.5,-110
2026-09-18T17:43:07Z,2026-09-27T20:05:00Z,SF,ARI,ARI@SF,betus,spreads,SF,-8.5,-110
2026-09-18T17:43:07Z,2026-09-27T20:05:00Z,SF,ARI,ARI@SF,betus,totals,Over,48.5,-110
2026-09-18T17:43:07Z,2026-09-27T20:05:00Z,SF,ARI,ARI@SF,betus,totals,Under,48.5,-110
2026-09-18T17:43:07Z,2026-09-27T20:05:00Z,SF,ARI,ARI@SF,draftkings,h2h,ARI,,370
2026-09-18T17:43:07Z,2026-09-27T20:05:00Z,SF,ARI,ARI@SF,draftkings,h2h,SF,,-485
2026-09-18T17:43:07Z,2026-09-27T20:05:00Z,SF,ARI,ARI@SF,draftkings,spreads,ARI,8.5,-110
2026-09-18T17:43:07Z,2026-09-27T20:05:00Z,SF,ARI,ARI@SF,draftkings,spreads,SF,-8.5,-110
2026-09-18T17:43:07Z,2026-09-27T20:05:00Z,SF,ARI,ARI@SF,draftkings,totals,Over,47.5,-110
2026-09-18T17:43:07Z,2026-09-27T20:05:00Z,SF,ARI,ARI@SF,draftkings,totals,Under,47.5,-110
2026-09-18T17:43:07Z,2026-09-27T20:05:00Z,SF,ARI,ARI@SF,fanduel,h2h,ARI,,410
2026-09-18T17:43:07Z,2026-09-27T20:05:00Z,SF,ARI,ARI@SF,fanduel,h2h,SF,,-550
2026-09-18T17:43:07Z,2026-09-27T20:05:00Z,SF,ARI,ARI@SF,fanduel,spreads,ARI,8.5,-105
2026-09-18T17:43:07Z,2026-09-27T20:05:00Z,SF,ARI,ARI@SF,fanduel,spreads,SF,-8.5,-115
2026-09-18T17:43:07Z,2026-09-27T20:05:00Z,SF,ARI,ARI@SF,fanduel,totals,Over,48.5,-110
2026-09-18T17:43:07Z,2026-09-27T20:05:00Z,SF,ARI,ARI@SF,fanduel,totals,Under,48.5,-110
2026-09-18T17:43:07Z,2026-09-27T20:05:00Z,SF,ARI,ARI@SF,lowvig,spreads,ARI,8.5,-105
2026-09-18T17:43:07Z,2026-09-27T20:05:00Z,SF,ARI,ARI@SF,lowvig,spreads,SF,-8.5,-105
2026-09-18T17:43:07Z,2026-09-27T20:05:00Z,SF,ARI,ARI@SF,lowvig,totals,Over,48.5,-107
2026-09-18T17:43:07Z,2026-09-27T20:05:00Z,SF,ARI,ARI@SF,lowvig,totals,Under,48.5,-107
2026-09-18T17:43:07Z,2026-09-25T00:15:00Z,GB,ATL,ATL@GB,betrivers,h2h,ATL,,245
2026-09-18T17:43:07Z,2026-09-25T00:15:00Z,GB,ATL,ATL@GB,betrivers,h2h,GB,,-305
2026-09-18T17:43:07Z,2026-09-25T00:15:00Z,GB,ATL,ATL@GB,betrivers,spreads,ATL,6.5,-112
2026-09-18T17:43:07Z,2026-09-25T00:15:00Z,GB,ATL,ATL@GB,betrivers,spreads,GB,-6.5,-109
2026-09-18T17:43:07Z,2026-09-25T00:15:00Z,GB,ATL,ATL@GB,betrivers,totals,Over,45.5,-109
2026-09-18T17:43:07Z,2026-09-25T00:15:00Z,GB,ATL,ATL@GB,betrivers,totals,Under,45.5,-112
2026-09-18T17:43:07Z,2026-09-25T00:15:00Z,GB,ATL,ATL@GB,draftkings,h2h,ATL,,240
2026-09-18T17:43:07Z,2026-09-25T00:15:00Z,GB,ATL,ATL@GB,draftkings,h2h,GB,,-298
2026-09-18T17:43:07Z,2026-09-25T00:15:00Z,GB,ATL,ATL@GB,draftkings,spreads,ATL,6.5,-105
2026-09-18T17:43:07Z,2026-09-25T00:15:00Z,GB,ATL,ATL@GB,draftkings,spreads,GB,-6.5,-115
2026-09-18T17:43:07Z,2026-09-25T00:15:00Z,GB,ATL,ATL@GB,draftkings,totals,Over,46.5,-110
2026-09-18T17:43:07Z,2026-09-25T00:15:00Z,GB,ATL,ATL@GB,draftkings,totals,Under,46.5,-110
2026-09-18T17:43:07Z,2026-09-25T00:15:00Z,GB,ATL,ATL@GB,fanduel,h2h,ATL,,225
2026-09-18T17:43:07Z,2026-09-25T00:15:00Z,GB,ATL,ATL@GB,fanduel,h2h,GB,,-275
2026-09-18T17:43:07Z,2026-09-25T00:15:00Z,GB,ATL,ATL@GB,fanduel,spreads,ATL,5.5,-102
2026-09-18T17:43:07Z,2026-09-25T00:15:00Z,GB,ATL,ATL@GB,fanduel,spreads,GB,-5.5,-120
2026-09-18T17:43:07Z,2026-09-25T00:15:00Z,GB,ATL,ATL@GB,fanduel,totals,Over,45.5,-115
2026-09-18T17:43:07Z,2026-09-25T00:15:00Z,GB,ATL,ATL@GB,fanduel,totals,Under,45.5,-105
2026-09-18T17:43:07Z,2026-09-27T20:25:00Z,DAL,BAL,BAL@DAL,betonlineag,spreads,BAL,-3.0,-114
2026-09-18T17:43:07Z,2026-09-27T20:25:00Z,DAL,BAL,BAL@DAL,betonlineag,spreads,DAL,3.0,-106
2026-09-18T17:43:07Z,2026-09-27T20:25:00Z,DAL,BAL,BAL@DAL,betonlineag,totals,Over,52.0,-115
2026-09-18T17:43:07Z,2026-09-27T20:25:00Z,DAL,BAL,BAL@DAL,betonlineag,totals,Under,52.0,-105
2026-09-18T17:43:07Z,2026-09-27T20:25:00Z,DAL,BAL,BAL@DAL,betrivers,h2h,BAL,,-159
2026-09-18T17:43:07Z,2026-09-27T20:25:00Z,DAL,BAL,BAL@DAL,betrivers,h2h,DAL,,130
2026-09-18T17:43:07Z,2026-09-27T20:25:00Z,DAL,BAL,BAL@DAL,betrivers,spreads,BAL,-3.0,-105
2026-09-18T17:43:07Z,2026-09-27T20:25:00Z,DAL,BAL,BAL@DAL,betrivers,spreads,DAL,3.0,-117
2026-09-18T17:43:07Z,2026-09-27T20:25:00Z,DAL,BAL,BAL@DAL,betrivers,totals,Over,52.5,-110
2026-09-18T17:43:07Z,2026-09-27T20:25:00Z,DAL,BAL,BAL@DAL,betrivers,totals,Under,52.5,-110
2026-09-18T17:43:07Z,2026-09-27T20:25:00Z,DAL,BAL,BAL@DAL,betus,spreads,BAL,-3.0,-110
2026-09-18T17:43:07Z,2026-09-27T20:25:00Z,DAL,BAL,BAL@DAL,betus,spreads,DAL,3.0,-110
2026-09-18T17:43:07Z,2026-09-27T20:25:00Z,DAL,BAL,BAL@DAL,betus,totals,Over,53.0,-110
2026-09-18T17:43:07Z,2026-09-27T20:25:00Z,DAL,BAL,BAL@DAL,betus,totals,Under,53.0,-110
2026-09-18T17:43:07Z,2026-09-27T20:25:00Z,DAL,BAL,BAL@DAL,draftkings,h2h,BAL,,-155
2026-09-18T17:43:07Z,2026-09-27T20:25:00Z,DAL,BAL,BAL@DAL,draftkings,h2h,DAL,,130
2026-09-18T17:43:07Z,2026-09-27T20:25:00Z,DAL,BAL,BAL@DAL,draftkings,spreads,BAL,-3.0,-110
2026-09-18T17:43:07Z,2026-09-27T20:25:00Z,DAL,BAL,BAL@DAL,draftkings,spreads,DAL,3.0,-110
2026-09-18T17:43:07Z,2026-09-27T20:25:00Z,DAL,BAL,BAL@DAL,draftkings,totals,Over,52.5,-110
2026-09-18T17:43:07Z,2026-09-27T20:25:00Z,DAL,BAL,BAL@DAL,draftkings,totals,Under,52.5,-110
2026-09-18T17:43:07Z,2026-09-27T20:25:00Z,DAL,BAL,BAL@DAL,fanduel,h2h,BAL,,-176
2026-09-18T17:43:07Z,2026-09-27T20:25:00Z,DAL,BAL,BAL@DAL,fanduel,h2h,DAL,,148
2026-09-18T17:43:07Z,2026-09-27T20:25:00Z,DAL,BAL,BAL@DAL,fanduel,spreads,BAL,-3.5,-104
2026-09-18T17:43:07Z,2026-09-27T20:25:00Z,DAL,BAL,BAL@DAL,fanduel,spreads,DAL,3.5,-118
2026-09-18T17:43:07Z,2026-09-27T20:25:00Z,DAL,BAL,BAL@DAL,fanduel,totals,Over,52.5,-105
2026-09-18T17:43:07Z,2026-09-27T20:25:00Z,DAL,BAL,BAL@DAL,fanduel,totals,Under,52.5,-115
2026-09-18T17:43:07Z,2026-09-27T20:25:00Z,DAL,BAL,BAL@DAL,lowvig,spreads,BAL,-3.0,-109
2026-09-18T17:43:07Z,2026-09-27T20:25:00Z,DAL,BAL,BAL@DAL,lowvig,spreads,DAL,3.0,-101
2026-09-18T17:43:07Z,2026-09-27T20:25:00Z,DAL,BAL,BAL@DAL,lowvig,totals,Over,52.0,-113
2026-09-18T17:43:07Z,2026-09-27T20:25:00Z,DAL,BAL,BAL@DAL,lowvig,totals,Under,52.0,-102
2026-09-18T17:43:07Z,2026-09-20T17:00:00Z,ATL,CAR,CAR@ATL,betmgm,h2h,ATL,,125
2026-09-18T17:43:07Z,2026-09-20T17:00:00Z,ATL,CAR,CAR@ATL,betmgm,h2h,CAR,,-150
2026-09-18T17:43:07Z,2026-09-20T17:00:00Z,ATL,CAR,CAR@ATL,betmgm,spreads,ATL,3.0,-120
2026-09-18T17:43:07Z,2026-09-20T17:00:00Z,ATL,CAR,CAR@ATL,betmgm,spreads,CAR,-3.0,-108
2026-09-18T17:43:07Z,2026-09-20T17:00:00Z,ATL,CAR,CAR@ATL,betmgm,totals,Over,43.5,-108
2026-09-18T17:43:07Z,2026-09-20T17:00:00Z,ATL,CAR,CAR@ATL,betmgm,totals,Under,43.5,-110
2026-09-18T17:43:07Z,2026-09-20T17:00:00Z,ATL,CAR,CAR@ATL,betonlineag,h2h,ATL,,128
2026-09-18T17:43:07Z,2026-09-20T17:00:00Z,ATL,CAR,CAR@ATL,betonlineag,h2h,CAR,,-148
2026-09-18T17:43:07Z,2026-09-20T17:00:00Z,ATL,CAR,CAR@ATL,betonlineag,spreads,ATL,2.5,100
2026-09-18T17:43:07Z,2026-09-20T17:00:00Z,ATL,CAR,CAR@ATL,betonlineag,spreads,CAR,-2.5,-120
2026-09-18T17:43:07Z,2026-09-20T17:00:00Z,ATL,CAR,CAR@ATL,betonlineag,totals,Over,43.5,-110
2026-09-18T17:43:07Z,2026-09-20T17:00:00Z,ATL,CAR,CAR@ATL,betonlineag,totals,Under,43.5,-110
2026-09-18T17:43:07Z,2026-09-20T17:00:00Z,ATL,CAR,CAR@ATL,betrivers,h2h,ATL,,120
2026-09-18T17:43:07Z,2026-09-20T17:00:00Z,ATL,CAR,CAR@ATL,betrivers,h2h,CAR,,-143
2026-09-18T17:43:07Z,2026-09-20T17:00:00Z,ATL,CAR,CAR@ATL,betrivers,spreads,ATL,3.0,-118
2026-09-18T17:43:07Z,2026-09-20T17:00:00Z,ATL,CAR,CAR@ATL,betrivers,spreads,CAR,-3.0,-104
2026-09-18T17:43:07Z,2026-09-20T17:00:00Z,ATL,CAR,CAR@ATL,betrivers,totals,Over,43.5,-110
2026-09-18T17:43:07Z,2026-09-20T17:00:00Z,ATL,CAR,CAR@ATL,betrivers,totals,Under,43.5,-110
2026-09-18T17:43:07Z,2026-09-20T17:00:00Z,ATL,CAR,CAR@ATL,bovada,h2h,ATL,,130
2026-09-18T17:43:07Z,2026-09-20T17:00:00Z,ATL,CAR,CAR@ATL,bovada,h2h,CAR,,-150
2026-09-18T17:43:07Z,2026-09-20T17:00:00Z,ATL,CAR,CAR@ATL,bovada,spreads,ATL,2.5,100
2026-09-18T17:43:07Z,2026-09-20T17:00:00Z,ATL,CAR,CAR@ATL,bovada,spreads,CAR,-2.5,-120
2026-09-18T17:43:07Z,2026-09-20T17:00:00Z,ATL,CAR,CAR@ATL,bovada,totals,Over,43.5,-110
2026-09-18T17:43:07Z,2026-09-20T17:00:00Z,ATL,CAR,CAR@ATL,bovada,totals,Under,43.5,-110
2026-09-18T17:43:07Z,2026-09-20T17:00:00Z,ATL,CAR,CAR@ATL,draftkings,h2h,ATL,,124
2026-09-18T17:43:07Z,2026-09-20T17:00:00Z,ATL,CAR,CAR@ATL,draftkings,h2h,CAR,,-148
2026-09-18T17:43:07Z,2026-09-20T17:00:00Z,ATL,CAR,CAR@ATL,draftkings,spreads,ATL,2.5,100
2026-09-18T17:43:07Z,2026-09-20T17:00:00Z,ATL,CAR,CAR@ATL,draftkings,spreads,CAR,-2.5,-120
2026-09-18T17:43:07Z,2026-09-20T17:00:00Z,ATL,CAR,CAR@ATL,draftkings,totals,Over,43.5,-108
2026-09-18T17:43:07Z,2026-09-20T17:00:00Z,ATL,CAR,CAR@ATL,draftkings,totals,Under,43.5,-112
2026-09-18T17:43:07Z,2026-09-20T17:00:00Z,ATL,CAR,CAR@ATL,fanduel,h2h,ATL,,128
2026-09-18T17:43:07Z,2026-09-20T17:00:00Z,ATL,CAR,CAR@ATL,fanduel,h2h,CAR,,-152
2026-09-18T17:43:07Z,2026-09-20T17:00:00Z,ATL,CAR,CAR@ATL,fanduel,spreads,ATL,2.5,-105
2026-09-18T17:43:07Z,2026-09-20T17:00:00Z,ATL,CAR,CAR@ATL,fanduel,spreads,CAR,-2.5,-115
2026-09-18T17:43:07Z,2026-09-20T17:00:00Z,ATL,CAR,CAR@ATL,fanduel,totals,Over,43.5,-110
2026-09-18T17:43:07Z,2026-09-20T17:00:00Z,ATL,CAR,CAR@ATL,fanduel,totals,Under,43.5,-110
2026-09-18T17:43:07Z,2026-09-20T17:00:00Z,ATL,CAR,CAR@ATL,lowvig,h2h,ATL,,128
2026-09-18T17:43:07Z,2026-09-20T17:00:00Z,ATL,CAR,CAR@ATL,lowvig,h2h,CAR,,-148
2026-09-18T17:43:07Z,2026-09-20T17:00:00Z,ATL,CAR,CAR@ATL,lowvig,spreads,ATL,2.5,105
2026-09-18T17:43:07Z,2026-09-20T17:00:00Z,ATL,CAR,CAR@ATL,lowvig,spreads,CAR,-2.5,-116
2026-09-18T17:43:07Z,2026-09-20T17:00:00Z,ATL,CAR,CAR@ATL,lowvig,totals,Over,43.5,-107
2026-09-18T17:43:07Z,2026-09-20T17:00:00Z,ATL,CAR,CAR@ATL,lowvig,totals,Under,43.5,-107
2026-09-18T17:43:07Z,2026-09-27T17:00:00Z,CLE,CAR,CAR@CLE,betonlineag,spreads,CAR,-3.0,-105
2026-09-18T17:43:07Z,2026-09-27T17:00:00Z,CLE,CAR,CAR@CLE,betonlineag,spreads,CLE,3.0,-115
2026-09-18T17:43:07Z,2026-09-27T17:00:00Z,CLE,CAR,CAR@CLE,betonlineag,totals,Over,38.5,-115
2026-09-18T17:43:07Z,2026-09-27T17:00:00Z,CLE,CAR,CAR@CLE,betonlineag,totals,Under,38.5,-105
2026-09-18T17:43:07Z,2026-09-27T17:00:00Z,CLE,CAR,CAR@CLE,betrivers,h2h,CAR,,-150
2026-09-18T17:43:07Z,2026-09-27T17:00:00Z,CLE,CAR,CAR@CLE,betrivers,h2h,CLE,,123
2026-09-18T17:43:07Z,2026-09-27T17:00:00Z,CLE,CAR,CAR@CLE,betrivers,spreads,CAR,-3.0,-105
2026-09-18T17:43:07Z,2026-09-27T17:00:00Z,CLE,CAR,CAR@CLE,betrivers,spreads,CLE,3.0,-117
2026-09-18T17:43:07Z,2026-09-27T17:00:00Z,CLE,CAR,CAR@CLE,betrivers,totals,Over,39.5,-112
2026-09-18T17:43:07Z,2026-09-27T17:00:00Z,CLE,CAR,CAR@CLE,betrivers,totals,Under,39.5,-109
2026-09-18T17:43:07Z,2026-09-27T17:00:00Z,CLE,CAR,CAR@CLE,betus,spreads,CAR,-3.0,-110
2026-09-18T17:43:07Z,2026-09-27T17:00:00Z,CLE,CAR,CAR@CLE,betus,spreads,CLE,3.0,-110
2026-09-18T17:43:07Z,2026-09-27T17:00:00Z,CLE,CAR,CAR@CLE,betus,totals,Over,40.0,-110
2026-09-18T17:43:07Z,2026-09-27T17:00:00Z,CLE,CAR,CAR@CLE,betus,totals,Under,40.0,-110
2026-09-18T17:43:07Z,2026-09-27T17:00:00Z,CLE,CAR,CAR@CLE,draftkings,h2h,CAR,,-142
2026-09-18T17:43:07Z,2026-09-27T17:00:00Z,CLE,CAR,CAR@CLE,draftkings,h2h,CLE,,120
2026-09-18T17:43:07Z,2026-09-27T17:00:00Z,CLE,CAR,CAR@CLE,draftkings,spreads,CAR,-2.5,-115
2026-09-18T17:43:07Z,2026-09-27T17:00:00Z,CLE,CAR,CAR@CLE,draftkings,spreads,CLE,2.5,-105
2026-09-18T17:43:07Z,2026-09-27T17:00:00Z,CLE,CAR,CAR@CLE,draftkings,totals,Over,40.5,-110
2026-09-18T17:43:07Z,2026-09-27T17:00:00Z,CLE,CAR,CAR@CLE,draftkings,totals,Under,40.5,-110
2026-09-18T17:43:07Z,2026-09-27T17:00:00Z,CLE,CAR,CAR@CLE,fanduel,h2h,CAR,,-154
2026-09-18T17:43:07Z,2026-09-27T17:00:00Z,CLE,CAR,CAR@CLE,fanduel,h2h,CLE,,130
2026-09-18T17:43:07Z,2026-09-27T17:00:00Z,CLE,CAR,CAR@CLE,fanduel,spreads,CAR,-3.0,-108
2026-09-18T17:43:07Z,2026-09-27T17:00:00Z,CLE,CAR,CAR@CLE,fanduel,spreads,CLE,3.0,-112
2026-09-18T17:43:07Z,2026-09-27T17:00:00Z,CLE,CAR,CAR@CLE,fanduel,totals,Over,39.5,-105
2026-09-18T17:43:07Z,2026-09-27T17:00:00Z,CLE,CAR,CAR@CLE,fanduel,totals,Under,39.5,-115
2026-09-18T17:43:07Z,2026-09-27T17:00:00Z,CLE,CAR,CAR@CLE,lowvig,spreads,CAR,-3.0,100
2026-09-18T17:43:07Z,2026-09-27T17:00:00Z,CLE,CAR,CAR@CLE,lowvig,spreads,CLE,3.0,-110
2026-09-18T17:43:07Z,2026-09-27T17:00:00Z,CLE,CAR,CAR@CLE,lowvig,totals,Over,38.5,-113
2026-09-18T17:43:07Z,2026-09-27T17:00:00Z,CLE,CAR,CAR@CLE,lowvig,totals,Under,38.5,-102
2026-09-18T17:43:07Z,2026-09-20T17:00:00Z,HOU,CIN,CIN@HOU,betmgm,h2h,CIN,,120
2026-09-18T17:43:07Z,2026-09-20T17:00:00Z,HOU,CIN,CIN@HOU,betmgm,h2h,HOU,,-145
2026-09-18T17:43:07Z,2026-09-20T17:00:00Z,HOU,CIN,CIN@HOU,betmgm,spreads,CIN,2.5,-108
2026-09-18T17:43:07Z,2026-09-20T17:00:00Z,HOU,CIN,CIN@HOU,betmgm,spreads,HOU,-2.5,-110
2026-09-18T17:43:07Z,2026-09-20T17:00:00Z,HOU,CIN,CIN@HOU,betmgm,totals,Over,45.5,-110
2026-09-18T17:43:07Z,2026-09-20T17:00:00Z,HOU,CIN,CIN@HOU,betmgm,totals,Under,45.5,-108
2026-09-18T17:43:07Z,2026-09-20T17:00:00Z,HOU,CIN,CIN@HOU,betonlineag,h2h,CIN,,130
2026-09-18T17:43:07Z,2026-09-20T17:00:00Z,HOU,CIN,CIN@HOU,betonlineag,h2h,HOU,,-150
2026-09-18T17:43:07Z,2026-09-20T17:00:00Z,HOU,CIN,CIN@HOU,betonlineag,spreads,CIN,2.5,-105
2026-09-18T17:43:07Z,2026-09-20T17:00:00Z,HOU,CIN,CIN@HOU,betonlineag,spreads,HOU,-2.5,-115
2026-09-18T17:43:07Z,2026-09-20T17:00:00Z,HOU,CIN,CIN@HOU,betonlineag,totals,Over,45.5,-108
2026-09-18T17:43:07Z,2026-09-20T17:00:00Z,HOU,CIN,CIN@HOU,betonlineag,totals,Under,45.5,-112
2026-09-18T17:43:07Z,2026-09-20T17:00:00Z,HOU,CIN,CIN@HOU,betrivers,h2h,CIN,,120
2026-09-18T17:43:07Z,2026-09-20T17:00:00Z,HOU,CIN,CIN@HOU,betrivers,h2h,HOU,,-148
2026-09-18T17:43:07Z,2026-09-20T17:00:00Z,HOU,CIN,CIN@HOU,betrivers,spreads,CIN,2.5,-108
2026-09-18T17:43:07Z,2026-09-20T17:00:00Z,HOU,CIN,CIN@HOU,betrivers,spreads,HOU,-2.5,-113
2026-09-18T17:43:07Z,2026-09-20T17:00:00Z,HOU,CIN,CIN@HOU,betrivers,totals,Over,45.5,-110
2026-09-18T17:43:07Z,2026-09-20T17:00:00Z,HOU,CIN,CIN@HOU,betrivers,totals,Under,45.5,-110
2026-09-18T17:43:07Z,2026-09-20T17:00:00Z,HOU,CIN,CIN@HOU,betus,h2h,CIN,,129
2026-09-18T17:43:07Z,2026-09-20T17:00:00Z,HOU,CIN,CIN@HOU,betus,h2h,HOU,,-150
2026-09-18T17:43:07Z,2026-09-20T17:00:00Z,HOU,CIN,CIN@HOU,betus,spreads,CIN,2.0,100
2026-09-18T17:43:07Z,2026-09-20T17:00:00Z,HOU,CIN,CIN@HOU,betus,spreads,HOU,-2.0,-120
2026-09-18T17:43:07Z,2026-09-20T17:00:00Z,HOU,CIN,CIN@HOU,betus,totals,Over,45.5,-110
2026-09-18T17:43:07Z,2026-09-20T17:00:00Z,HOU,CIN,CIN@HOU,betus,totals,Under,45.5,-110
2026-09-18T17:43:07Z,2026-09-20T17:00:00Z,HOU,CIN,CIN@HOU,bovada,h2h,CIN,,130
2026-09-18T17:43:07Z,2026-09-20T17:00:00Z,HOU,CIN,CIN@HOU,bovada,h2h,HOU,,-150
2026-09-18T17:43:07Z,2026-09-20T17:00:00Z,HOU,CIN,CIN@HOU,bovada,spreads,CIN,2.5,-105
2026-09-18T17:43:07Z,2026-09-20T17:00:00Z,HOU,CIN,CIN@HOU,bovada,spreads,HOU,-2.5,-115
2026-09-18T17:43:07Z,2026-09-20T17:00:00Z,HOU,CIN,CIN@HOU,bovada,totals,Over,45.5,-115
2026-09-18T17:43:07Z,2026-09-20T17:00:00Z,HOU,CIN,CIN@HOU,bovada,totals,Under,45.5,-105
2026-09-18T17:43:07Z,2026-09-20T17:00:00Z,HOU,CIN,CIN@HOU,draftkings,h2h,CIN,,114
2026-09-18T17:43:07Z,2026-09-20T17:00:00Z,HOU,CIN,CIN@HOU,draftkings,h2h,HOU,,-135
2026-09-18T17:43:07Z,2026-09-20T17:00:00Z,HOU,CIN,CIN@HOU,draftkings,spreads,CIN,2.5,-102
2026-09-18T17:43:07Z,2026-09-20T17:00:00Z,HOU,CIN,CIN@HOU,draftkings,spreads,HOU,-2.5,-118
2026-09-18T17:43:07Z,2026-09-20T17:00:00Z,HOU,CIN,CIN@HOU,draftkings,totals,Over,45.5,-110
2026-09-18T17:43:07Z,2026-09-20T17:00:00Z,HOU,CIN,CIN@HOU,draftkings,totals,Under,45.5,-110
2026-09-18T17:43:07Z,2026-09-20T17:00:00Z,HOU,CIN,CIN@HOU,fanduel,h2h,CIN,,118
2026-09-18T17:43:07Z,2026-09-20T17:00:00Z,HOU,CIN,CIN@HOU,fanduel,h2h,HOU,,-136
2026-09-18T17:43:07Z,2026-09-20T17:00:00Z,HOU,CIN,CIN@HOU,fanduel,spreads,CIN,2.5,-115
2026-09-18T17:43:07Z,2026-09-20T17:00:00Z,HOU,CIN,CIN@HOU,fanduel,spreads,HOU,-2.5,-105
2026-09-18T17:43:07Z,2026-09-20T17:00:00Z,HOU,CIN,CIN@HOU,fanduel,totals,Over,45.5,-114
2026-09-18T17:43:07Z,2026-09-20T17:00:00Z,HOU,CIN,CIN@HOU,fanduel,totals,Under,45.5,-106
2026-09-18T17:43:07Z,2026-09-20T17:00:00Z,HOU,CIN,CIN@HOU,lowvig,h2h,CIN,,130
2026-09-18T17:43:07Z,2026-09-20T17:00:00Z,HOU,CIN,CIN@HOU,lowvig,h2h,HOU,,-150
2026-09-18T17:43:07Z,2026-09-20T17:00:00Z,HOU,CIN,CIN@HOU,lowvig,spreads,CIN,2.5,100
2026-09-18T17:43:07Z,2026-09-20T17:00:00Z,HOU,CIN,CIN@HOU,lowvig,spreads,HOU,-2.5,-110
2026-09-18T17:43:07Z,2026-09-20T17:00:00Z,HOU,CIN,CIN@HOU,lowvig,totals,Over,45.5,-105
2026-09-18T17:43:07Z,2026-09-20T17:00:00Z,HOU,CIN,CIN@HOU,lowvig,totals,Under,45.5,-109
2026-09-18T17:43:07Z,2026-09-27T17:00:00Z,PIT,CIN,CIN@PIT,betonlineag,spreads,CIN,-2.5,-110
2026-09-18T17:43:07Z,2026-09-27T17:00:00Z,PIT,CIN,CIN@PIT,betonlineag,spreads,PIT,2.5,-110
2026-09-18T17:43:07Z,2026-09-27T17:00:00Z,PIT,CIN,CIN@PIT,betonlineag,totals,Over,46.0,-110
2026-09-18T17:43:07Z,2026-09-27T17:00:00Z,PIT,CIN,CIN@PIT,betonlineag,totals,Under,46.0,-110
2026-09-18T17:43:07Z,2026-09-27T17:00:00Z,PIT,CIN,CIN@PIT,betrivers,h2h,CIN,,-137
2026-09-18T17:43:07Z,2026-09-27T17:00:00Z,PIT,CIN,CIN@PIT,betrivers,h2h,PIT,,114
2026-09-18T17:43:07Z,2026-09-27T17:00:00Z,PIT,CIN,CIN@PIT,betrivers,spreads,CIN,-2.5,-113
2026-09-18T17:43:07Z,2026-09-27T17:00:00Z,PIT,CIN,CIN@PIT,betrivers,spreads,PIT,2.5,-108
2026-09-18T17:43:07Z,2026-09-27T17:00:00Z,PIT,CIN,CIN@PIT,betrivers,totals,Over,46.0,-110
2026-09-18T17:43:07Z,2026-09-27T17:00:00Z,PIT,CIN,CIN@PIT,betrivers,totals,Under,46.0,-110
2026-09-18T17:43:07Z,2026-09-27T17:00:00Z,PIT,CIN,CIN@PIT,betus,spreads,CIN,-2.5,-110
2026-09-18T17:43:07Z,2026-09-27T17:00:00Z,PIT,CIN,CIN@PIT,betus,spreads,PIT,2.5,-110
2026-09-18T17:43:07Z,2026-09-27T17:00:00Z,PIT,CIN,CIN@PIT,betus,totals,Over,46.5,-110
2026-09-18T17:43:07Z,2026-09-27T17:00:00Z,PIT,CIN,CIN@PIT,betus,totals,Under,46.5,-110
2026-09-18T17:43:07Z,2026-09-27T17:00:00Z,PIT,CIN,CIN@PIT,draftkings,h2h,CIN,,-135
2026-09-18T17:43:07Z,2026-09-27T17:00:00Z,PIT,CIN,CIN@PIT,draftkings,h2h,PIT,,114
2026-09-18T17:43:07Z,2026-09-27T17:00:00Z,PIT,CIN,CIN@PIT,draftkings,spreads,CIN,-2.5,-110
2026-09-18T17:43:07Z,2026-09-27T17:00:00Z,PIT,CIN,CIN@PIT,draftkings,spreads,PIT,2.5,-110
2026-09-18T17:43:07Z,2026-09-27T17:00:00Z,PIT,CIN,CIN@PIT,draftkings,totals,Over,45.5,-110
2026-09-18T17:43:07Z,2026-09-27T17:00:00Z,PIT,CIN,CIN@PIT,draftkings,totals,Under,45.5,-110
2026-09-18T17:43:07Z,2026-09-27T17:00:00Z,PIT,CIN,CIN@PIT,fanduel,h2h,CIN,,-130
2026-09-18T17:43:07Z,2026-09-27T17:00:00Z,PIT,CIN,CIN@PIT,fanduel,h2h,PIT,,110
2026-09-18T17:43:07Z,2026-09-27T17:00:00Z,PIT,CIN,CIN@PIT,fanduel,spreads,CIN,-2.5,-106
2026-09-18T17:43:07Z,2026-09-27T17:00:00Z,PIT,CIN,CIN@PIT,fanduel,spreads,PIT,2.5,-114
2026-09-18T17:43:07Z,2026-09-27T17:00:00Z,PIT,CIN,CIN@PIT,fanduel,totals,Over,46.5,-105
2026-09-18T17:43:07Z,2026-09-27T17:00:00Z,PIT,CIN,CIN@PIT,fanduel,totals,Under,46.5,-115
2026-09-18T17:43:07Z,2026-09-27T17:00:00Z,PIT,CIN,CIN@PIT,lowvig,spreads,CIN,-2.5,-105
2026-09-18T17:43:07Z,2026-09-27T17:00:00Z,PIT,CIN,CIN@PIT,lowvig,spreads,PIT,2.5,-105
2026-09-18T17:43:07Z,2026-09-27T17:00:00Z,PIT,CIN,CIN@PIT,lowvig,totals,Over,46.0,-107
2026-09-18T17:43:07Z,2026-09-27T17:00:00Z,PIT,CIN,CIN@PIT,lowvig,totals,Under,46.0,-107
2026-09-18T17:43:07Z,2026-09-20T17:00:00Z,TB,CLE,CLE@TB,betmgm,h2h,CLE,,340
2026-09-18T17:43:07Z,2026-09-20T17:00:00Z,TB,CLE,CLE@TB,betmgm,h2h,TB,,-450
2026-09-18T17:43:07Z,2026-09-20T17:00:00Z,TB,CLE,CLE@TB,betmgm,spreads,CLE,8.5,-110
2026-09-18T17:43:07Z,2026-09-20T17:00:00Z,TB,CLE,CLE@TB,betmgm,spreads,TB,-8.5,-108
2026-09-18T17:43:07Z,2026-09-20T17:00:00Z,TB,CLE,CLE@TB,betmgm,totals,Over,41.5,-105
2026-09-18T17:43:07Z,2026-09-20T17:00:00Z,TB,CLE,CLE@TB,betmgm,totals,Under,41.5,-112
2026-09-18T17:43:07Z,2026-09-20T17:00:00Z,TB,CLE,CLE@TB,betonlineag,h2h,CLE,,330
2026-09-18T17:43:07Z,2026-09-20T17:00:00Z,TB,CLE,CLE@TB,betonlineag,h2h,TB,,-420
2026-09-18T17:43:07Z,2026-09-20T17:00:00Z,TB,CLE,CLE@TB,betonlineag,spreads,CLE,9.0,-123
2026-09-18T17:43:07Z,2026-09-20T17:00:00Z,TB,CLE,CLE@TB,betonlineag,spreads,TB,-9.0,103
2026-09-18T17:43:07Z,2026-09-20T17:00:00Z,TB,CLE,CLE@TB,betonlineag,totals,Over,41.5,-110
2026-09-18T17:43:07Z,2026-09-20T17:00:00Z,TB,CLE,CLE@TB,betonlineag,totals,Under,41.5,-110
2026-09-18T17:43:07Z,2026-09-20T17:00:00Z,TB,CLE,CLE@TB,betrivers,h2h,CLE,,330
2026-09-18T17:43:07Z,2026-09-20T17:00:00Z,TB,CLE,CLE@TB,betrivers,h2h,TB,,-455
2026-09-18T17:43:07Z,2026-09-20T17:00:00Z,TB,CLE,CLE@TB,betrivers,spreads,CLE,8.0,-108
2026-09-18T17:43:07Z,2026-09-20T17:00:00Z,TB,CLE,CLE@TB,betrivers,spreads,TB,-8.0,-113
2026-09-18T17:43:07Z,2026-09-20T17:00:00Z,TB,CLE,CLE@TB,betrivers,totals,Over,41.5,-109
2026-09-18T17:43:07Z,2026-09-20T17:00:00Z,TB,CLE,CLE@TB,betrivers,totals,Under,41.5,-112
2026-09-18T17:43:07Z,2026-09-20T17:00:00Z,TB,CLE,CLE@TB,betus,h2h,CLE,,330
2026-09-18T17:43:07Z,2026-09-20T17:00:00Z,TB,CLE,CLE@TB,betus,h2h,TB,,-420
2026-09-18T17:43:07Z,2026-09-20T17:00:00Z,TB,CLE,CLE@TB,betus,spreads,CLE,9.0,-120
2026-09-18T17:43:07Z,2026-09-20T17:00:00Z,TB,CLE,CLE@TB,betus,spreads,TB,-9.0,100
2026-09-18T17:43:07Z,2026-09-20T17:00:00Z,TB,CLE,CLE@TB,betus,totals,Over,41.5,-110
2026-09-18T17:43:07Z,2026-09-20T17:00:00Z,TB,CLE,CLE@TB,betus,totals,Under,41.5,-110
2026-09-18T17:43:07Z,2026-09-20T17:00:00Z,TB,CLE,CLE@TB,bovada,h2h,CLE,,325
2026-09-18T17:43:07Z,2026-09-20T17:00:00Z,TB,CLE,CLE@TB,bovada,h2h,TB,,-435
2026-09-18T17:43:07Z,2026-09-20T17:00:00Z,TB,CLE,CLE@TB,bovada,spreads,CLE,8.0,-110
2026-09-18T17:43:07Z,2026-09-20T17:00:00Z,TB,CLE,CLE@TB,bovada,spreads,TB,-8.0,-110
2026-09-18T17:43:07Z,2026-09-20T17:00:00Z,TB,CLE,CLE@TB,bovada,totals,Over,41.5,-110
2026-09-18T17:43:07Z,2026-09-20T17:00:00Z,TB,CLE,CLE@TB,bovada,totals,Under,41.5,-110
2026-09-18T17:43:07Z,2026-09-20T17:00:00Z,TB,CLE,CLE@TB,draftkings,h2h,CLE,,350
2026-09-18T17:43:07Z,2026-09-20T17:00:00Z,TB,CLE,CLE@TB,draftkings,h2h,TB,,-455
2026-09-18T17:43:07Z,2026-09-20T17:00:00Z,TB,CLE,CLE@TB,draftkings,spreads,CLE,8.5,-112
2026-09-18T17:43:07Z,2026-09-20T17:00:00Z,TB,CLE,CLE@TB,draftkings,spreads,TB,-8.5,-108
2026-09-18T17:43:07Z,2026-09-20T17:00:00Z,TB,CLE,CLE@TB,draftkings,totals,Over,41.5,-110
2026-09-18T17:43:07Z,2026-09-20T17:00:00Z,TB,CLE,CLE@TB,draftkings,totals,Under,41.5,-110
2026-09-18T17:43:07Z,2026-09-20T17:00:00Z,TB,CLE,CLE@TB,fanduel,h2h,CLE,,360
2026-09-18T17:43:07Z,2026-09-20T17:00:00Z,TB,CLE,CLE@TB,fanduel,h2h,TB,,-460
2026-09-18T17:43:07Z,2026-09-20T17:00:00Z,TB,CLE,CLE@TB,fanduel,spreads,CLE,8.5,-122
2026-09-18T17:43:07Z,2026-09-20T17:00:00Z,TB,CLE,CLE@TB,fanduel,spreads,TB,-8.5,100
2026-09-18T17:43:07Z,2026-09-20T17:00:00Z,TB,CLE,CLE@TB,fanduel,totals,Over,41.5,-102
2026-09-18T17:43:07Z,2026-09-20T17:00:00Z,TB,CLE,CLE@TB,fanduel,totals,Under,41.5,-120
2026-09-18T17:43:07Z,2026-09-20T17:00:00Z,TB,CLE,CLE@TB,lowvig,h2h,CLE,,330
2026-09-18T17:43:07Z,2026-09-20T17:00:00Z,TB,CLE,CLE@TB,lowvig,h2h,TB,,-420
2026-09-18T17:43:07Z,2026-09-20T17:00:00Z,TB,CLE,CLE@TB,lowvig,spreads,CLE,9.0,-119
2026-09-18T17:43:07Z,2026-09-20T17:00:00Z,TB,CLE,CLE@TB,lowvig,spreads,TB,-9.0,108
2026-09-18T17:43:07Z,2026-09-20T17:00:00Z,TB,CLE,CLE@TB,lowvig,totals,Over,41.5,-107
2026-09-18T17:43:07Z,2026-09-20T17:00:00Z,TB,CLE,CLE@TB,lowvig,totals,Under,41.5,-107
2026-09-18T17:43:07Z,2026-09-20T17:00:00Z,NYJ,GB,GB@NYJ,betmgm,h2h,GB,,-190
2026-09-18T17:43:07Z,2026-09-20T17:00:00Z,NYJ,GB,GB@NYJ,betmgm,h2h,NYJ,,155
2026-09-18T17:43:07Z,2026-09-20T17:00:00Z,NYJ,GB,GB@NYJ,betmgm,spreads,GB,-3.5,-105
2026-09-18T17:43:07Z,2026-09-20T17:00:00Z,NYJ,GB,GB@NYJ,betmgm,spreads,NYJ,3.5,-112
2026-09-18T17:43:07Z,2026-09-20T17:00:00Z,NYJ,GB,GB@NYJ,betmgm,totals,Over,44.5,-108
2026-09-18T17:43:07Z,2026-09-20T17:00:00Z,NYJ,GB,GB@NYJ,betmgm,totals,Under,44.5,-110
2026-09-18T17:43:07Z,2026-09-20T17:00:00Z,NYJ,GB,GB@NYJ,betonlineag,h2h,GB,,-173
2026-09-18T17:43:07Z,2026-09-20T17:00:00Z,NYJ,GB,GB@NYJ,betonlineag,h2h,NYJ,,152
2026-09-18T17:43:07Z,2026-09-20T17:00:00Z,NYJ,GB,GB@NYJ,betonlineag,spreads,GB,-3.0,-115
2026-09-18T17:43:07Z,2026-09-20T17:00:00Z,NYJ,GB,GB@NYJ,betonlineag,spreads,NYJ,3.0,-105
2026-09-18T17:43:07Z,2026-09-20T17:00:00Z,NYJ,GB,GB@NYJ,betonlineag,totals,Over,44.5,-110
2026-09-18T17:43:07Z,2026-09-20T17:00:00Z,NYJ,GB,GB@NYJ,betonlineag,totals,Under,44.5,-110
2026-09-18T17:43:07Z,2026-09-20T17:00:00Z,NYJ,GB,GB@NYJ,betrivers,h2h,GB,,-200
2026-09-18T17:43:07Z,2026-09-20T17:00:00Z,NYJ,GB,GB@NYJ,betrivers,h2h,NYJ,,163
2026-09-18T17:43:07Z,2026-09-20T17:00:00Z,NYJ,GB,GB@NYJ,betrivers,spreads,GB,-3.5,-110
2026-09-18T17:43:07Z,2026-09-20T17:00:00Z,NYJ,GB,GB@NYJ,betrivers,spreads,NYJ,3.5,-110
2026-09-18T17:43:07Z,2026-09-20T17:00:00Z,NYJ,GB,GB@NYJ,betrivers,totals,Over,44.0,-114
2026-09-18T17:43:07Z,2026-09-20T17:00:00Z,NYJ,GB,GB@NYJ,betrivers,totals,Under,44.0,-107
2026-09-18T17:43:07Z,2026-09-20T17:00:00Z,NYJ,GB,GB@NYJ,betus,h2h,GB,,-175
2026-09-18T17:43:07Z,2026-09-20T17:00:00Z,NYJ,GB,GB@NYJ,betus,h2h,NYJ,,150
2026-09-18T17:43:07Z,2026-09-20T17:00:00Z,NYJ,GB,GB@NYJ,betus,spreads,GB,-3.0,-115
2026-09-18T17:43:07Z,2026-09-20T17:00:00Z,NYJ,GB,GB@NYJ,betus,spreads,NYJ,3.0,-105
2026-09-18T17:43:07Z,2026-09-20T17:00:00Z,NYJ,GB,GB@NYJ,betus,totals,Over,44.0,-110
2026-09-18T17:43:07Z,2026-09-20T17:00:00Z,NYJ,GB,GB@NYJ,betus,totals,Under,44.0,-110
2026-09-18T17:43:07Z,2026-09-20T17:00:00Z,NYJ,GB,GB@NYJ,bovada,h2h,GB,,-175
2026-09-18T17:43:07Z,2026-09-20T17:00:00Z,NYJ,GB,GB@NYJ,bovada,h2h,NYJ,,150
2026-09-18T17:43:07Z,2026-09-20T17:00:00Z,NYJ,GB,GB@NYJ,bovada,spreads,GB,-3.0,-115
2026-09-18T17:43:07Z,2026-09-20T17:00:00Z,NYJ,GB,GB@NYJ,bovada,spreads,NYJ,3.0,-105
2026-09-18T17:43:07Z,2026-09-20T17:00:00Z,NYJ,GB,GB@NYJ,bovada,totals,Over,44.5,-110
2026-09-18T17:43:07Z,2026-09-20T17:00:00Z,NYJ,GB,GB@NYJ,bovada,totals,Under,44.5,-110
2026-09-18T17:43:07Z,2026-09-20T17:00:00Z,NYJ,GB,GB@NYJ,draftkings,h2h,GB,,-198
2026-09-18T17:43:07Z,2026-09-20T17:00:00Z,NYJ,GB,GB@NYJ,draftkings,h2h,NYJ,,164
2026-09-18T17:43:07Z,2026-09-20T17:00:00Z,NYJ,GB,GB@NYJ,draftkings,spreads,GB,-3.5,-115
2026-09-18T17:43:07Z,2026-09-20T17:00:00Z,NYJ,GB,GB@NYJ,draftkings,spreads,NYJ,3.5,-105
2026-09-18T17:43:07Z,2026-09-20T17:00:00Z,NYJ,GB,GB@NYJ,draftkings,totals,Over,44.5,-110
2026-09-18T17:43:07Z,2026-09-20T17:00:00Z,NYJ,GB,GB@NYJ,draftkings,totals,Under,44.5,-110
2026-09-18T17:43:07Z,2026-09-20T17:00:00Z,NYJ,GB,GB@NYJ,fanduel,h2h,GB,,-194
2026-09-18T17:43:07Z,2026-09-20T17:00:00Z,NYJ,GB,GB@NYJ,fanduel,h2h,NYJ,,162
2026-09-18T17:43:07Z,2026-09-20T17:00:00Z,NYJ,GB,GB@NYJ,fanduel,spreads,GB,-3.5,-112
2026-09-18T17:43:07Z,2026-09-20T17:00:00Z,NYJ,GB,GB@NYJ,fanduel,spreads,NYJ,3.5,-108
2026-09-18T17:43:07Z,2026-09-20T17:00:00Z,NYJ,GB,GB@NYJ,fanduel,totals,Over,44.5,-110
2026-09-18T17:43:07Z,2026-09-20T17:00:00Z,NYJ,GB,GB@NYJ,fanduel,totals,Under,44.5,-110
2026-09-18T17:43:07Z,2026-09-20T17:00:00Z,NYJ,GB,GB@NYJ,lowvig,h2h,GB,,-173
2026-09-18T17:43:07Z,2026-09-20T17:00:00Z,NYJ,GB,GB@NYJ,lowvig,h2h,NYJ,,152
2026-09-18T17:43:07Z,2026-09-20T17:00:00Z,NYJ,GB,GB@NYJ,lowvig,spreads,GB,-3.0,-115
2026-09-18T17:43:07Z,2026-09-20T17:00:00Z,NYJ,GB,GB@NYJ,lowvig,spreads,NYJ,3.0,104
2026-09-18T17:43:07Z,2026-09-20T17:00:00Z,NYJ,GB,GB@NYJ,lowvig,totals,Over,44.5,-107
2026-09-18T17:43:07Z,2026-09-20T17:00:00Z,NYJ,GB,GB@NYJ,lowvig,totals,Under,44.5,-107
2026-09-18T17:43:07Z,2026-09-27T17:00:00Z,IND,HOU,HOU@IND,betonlineag,spreads,HOU,-2.5,-115
2026-09-18T17:43:07Z,2026-09-27T17:00:00Z,IND,HOU,HOU@IND,betonlineag,spreads,IND,2.5,-105
2026-09-18T17:43:07Z,2026-09-27T17:00:00Z,IND,HOU,HOU@IND,betonlineag,totals,Over,44.5,-110
2026-09-18T17:43:07Z,2026-09-27T17:00:00Z,IND,HOU,HOU@IND,betonlineag,totals,Under,44.5,-110
2026-09-18T17:43:07Z,2026-09-27T17:00:00Z,IND,HOU,HOU@IND,betrivers,h2h,HOU,,-143
2026-09-18T17:43:07Z,2026-09-27T17:00:00Z,IND,HOU,HOU@IND,betrivers,h2h,IND,,118
2026-09-18T17:43:07Z,2026-09-27T17:00:00Z,IND,HOU,HOU@IND,betrivers,spreads,HOU,-2.5,-113
2026-09-18T17:43:07Z,2026-09-27T17:00:00Z,IND,HOU,HOU@IND,betrivers,spreads,IND,2.5,-108
2026-09-18T17:43:07Z,2026-09-27T17:00:00Z,IND,HOU,HOU@IND,betrivers,totals,Over,44.5,-112
2026-09-18T17:43:07Z,2026-09-27T17:00:00Z,IND,HOU,HOU@IND,betrivers,totals,Under,44.5,-109
2026-09-18T17:43:07Z,2026-09-27T17:00:00Z,IND,HOU,HOU@IND,betus,spreads,HOU,-2.5,-115
2026-09-18T17:43:07Z,2026-09-27T17:00:00Z,IND,HOU,HOU@IND,betus,spreads,IND,2.5,-105
2026-09-18T17:43:07Z,2026-09-27T17:00:00Z,IND,HOU,HOU@IND,betus,totals,Over,44.5,-110
2026-09-18T17:43:07Z,2026-09-27T17:00:00Z,IND,HOU,HOU@IND,betus,totals,Under,44.5,-110
2026-09-18T17:43:07Z,2026-09-27T17:00:00Z,IND,HOU,HOU@IND,draftkings,h2h,HOU,,-135
2026-09-18T17:43:07Z,2026-09-27T17:00:00Z,IND,HOU,HOU@IND,draftkings,h2h,IND,,114
2026-09-18T17:43:07Z,2026-09-27T17:00:00Z,IND,HOU,HOU@IND,draftkings,spreads,HOU,-2.5,-110
2026-09-18T17:43:07Z,2026-09-27T17:00:00Z,IND,HOU,HOU@IND,draftkings,spreads,IND,2.5,-110
2026-09-18T17:43:07Z,2026-09-27T17:00:00Z,IND,HOU,HOU@IND,draftkings,totals,Over,45.5,-110
2026-09-18T17:43:07Z,2026-09-27T17:00:00Z,IND,HOU,HOU@IND,draftkings,totals,Under,45.5,-110
2026-09-18T17:43:07Z,2026-09-27T17:00:00Z,IND,HOU,HOU@IND,fanduel,h2h,HOU,,-144
2026-09-18T17:43:07Z,2026-09-27T17:00:00Z,IND,HOU,HOU@IND,fanduel,h2h,IND,,122
2026-09-18T17:43:07Z,2026-09-27T17:00:00Z,IND,HOU,HOU@IND,fanduel,spreads,HOU,-2.5,-115
2026-09-18T17:43:07Z,2026-09-27T17:00:00Z,IND,HOU,HOU@IND,fanduel,spreads,IND,2.5,-105
2026-09-18T17:43:07Z,2026-09-27T17:00:00Z,IND,HOU,HOU@IND,fanduel,totals,Over,44.5,-110
2026-09-18T17:43:07Z,2026-09-27T17:00:00Z,IND,HOU,HOU@IND,fanduel,totals,Under,44.5,-110
2026-09-18T17:43:07Z,2026-09-27T17:00:00Z,IND,HOU,HOU@IND,lowvig,spreads,HOU,-2.5,-110
2026-09-18T17:43:07Z,2026-09-27T17:00:00Z,IND,HOU,HOU@IND,lowvig,spreads,IND,2.5,100
2026-09-18T17:43:07Z,2026-09-27T17:00:00Z,IND,HOU,HOU@IND,lowvig,totals,Over,44.5,-107
2026-09-18T17:43:07Z,2026-09-27T17:00:00Z,IND,HOU,HOU@IND,lowvig,totals,Under,44.5,-107
2026-09-18T17:43:07Z,2026-09-21T00:20:00Z,KC,IND,IND@KC,betmgm,h2h,IND,,240
2026-09-18T17:43:07Z,2026-09-21T00:20:00Z,KC,IND,IND@KC,betmgm,h2h,KC,,-300
2026-09-18T17:43:07Z,2026-09-21T00:20:00Z,KC,IND,IND@KC,betmgm,totals,Over,46.5,-108
2026-09-18T17:43:07Z,2026-09-21T00:20:00Z,KC,IND,IND@KC,betmgm,totals,Under,46.5,-110
2026-09-18T17:43:07Z,2026-09-21T00:20:00Z,KC,IND,IND@KC,betonlineag,h2h,IND,,245
2026-09-18T17:43:07Z,2026-09-21T00:20:00Z,KC,IND,IND@KC,betonlineag,h2h,KC,,-300
2026-09-18T17:43:07Z,2026-09-21T00:20:00Z,KC,IND,IND@KC,betonlineag,spreads,IND,6.5,-104
2026-09-18T17:43:07Z,2026-09-21T00:20:00Z,KC,IND,IND@KC,betonlineag,spreads,KC,-6.5,-116
2026-09-18T17:43:07Z,2026-09-21T00:20:00Z,KC,IND,IND@KC,betonlineag,totals,Over,46.5,-105
2026-09-18T17:43:07Z,2026-09-21T00:20:00Z,KC,IND,IND@KC,betonlineag,totals,Under,46.5,-115
2026-09-18T17:43:07Z,2026-09-21T00:20:00Z,KC,IND,IND@KC,betrivers,h2h,IND,,260
2026-09-18T17:43:07Z,2026-09-21T00:20:00Z,KC,IND,IND@KC,betrivers,h2h,KC,,-335
2026-09-18T17:43:07Z,2026-09-21T00:20:00Z,KC,IND,IND@KC,betrivers,spreads,IND,6.5,-105
2026-09-18T17:43:07Z,2026-09-21T00:20:00Z,KC,IND,IND@KC,betrivers,spreads,KC,-6.5,-117
2026-09-18T17:43:07Z,2026-09-21T00:20:00Z,KC,IND,IND@KC,betrivers,totals,Over,47.0,-106
2026-09-18T17:43:07Z,2026-09-21T00:20:00Z,KC,IND,IND@KC,betrivers,totals,Under,47.0,-115
2026-09-18T17:43:07Z,2026-09-21T00:20:00Z,KC,IND,IND@KC,betus,h2h,IND,,250
2026-09-18T17:43:07Z,2026-09-21T00:20:00Z,KC,IND,IND@KC,betus,h2h,KC,,-300
2026-09-18T17:43:07Z,2026-09-21T00:20:00Z,KC,IND,IND@KC,betus,spreads,IND,6.5,-105
2026-09-18T17:43:07Z,2026-09-21T00:20:00Z,KC,IND,IND@KC,betus,spreads,KC,-6.5,-115
2026-09-18T17:43:07Z,2026-09-21T00:20:00Z,KC,IND,IND@KC,betus,totals,Over,46.5,-105
2026-09-18T17:43:07Z,2026-09-21T00:20:00Z,KC,IND,IND@KC,betus,totals,Under,46.5,-115
2026-09-18T17:43:07Z,2026-09-21T00:20:00Z,KC,IND,IND@KC,bovada,h2h,IND,,265
2026-09-18T17:43:07Z,2026-09-21T00:20:00Z,KC,IND,IND@KC,bovada,h2h,KC,,-330
2026-09-18T17:43:07Z,2026-09-21T00:20:00Z,KC,IND,IND@KC,bovada,spreads,IND,6.5,-105
2026-09-18T17:43:07Z,2026-09-21T00:20:00Z,KC,IND,IND@KC,bovada,spreads,KC,-6.5,-115
2026-09-18T17:43:07Z,2026-09-21T00:20:00Z,KC,IND,IND@KC,bovada,totals,Over,46.5,-110
2026-09-18T17:43:07Z,2026-09-21T00:20:00Z,KC,IND,IND@KC,bovada,totals,Under,46.5,-110
2026-09-18T17:43:07Z,2026-09-21T00:20:00Z,KC,IND,IND@KC,draftkings,h2h,IND,,235
2026-09-18T17:43:07Z,2026-09-21T00:20:00Z,KC,IND,IND@KC,draftkings,h2h,KC,,-290
2026-09-18T17:43:07Z,2026-09-21T00:20:00Z,KC,IND,IND@KC,draftkings,spreads,IND,6.5,-105
2026-09-18T17:43:07Z,2026-09-21T00:20:00Z,KC,IND,IND@KC,draftkings,spreads,KC,-6.5,-115
2026-09-18T17:43:07Z,2026-09-21T00:20:00Z,KC,IND,IND@KC,draftkings,totals,Over,46.5,-110
2026-09-18T17:43:07Z,2026-09-21T00:20:00Z,KC,IND,IND@KC,draftkings,totals,Under,46.5,-110
2026-09-18T17:43:07Z,2026-09-21T00:20:00Z,KC,IND,IND@KC,fanduel,h2h,IND,,260
2026-09-18T17:43:07Z,2026-09-21T00:20:00Z,KC,IND,IND@KC,fanduel,h2h,KC,,-320
2026-09-18T17:43:07Z,2026-09-21T00:20:00Z,KC,IND,IND@KC,fanduel,spreads,IND,6.5,-108
2026-09-18T17:43:07Z,2026-09-21T00:20:00Z,KC,IND,IND@KC,fanduel,spreads,KC,-6.5,-112
2026-09-18T17:43:07Z,2026-09-21T00:20:00Z,KC,IND,IND@KC,fanduel,totals,Over,46.5,-110
2026-09-18T17:43:07Z,2026-09-21T00:20:00Z,KC,IND,IND@KC,fanduel,totals,Under,46.5,-110
2026-09-18T17:43:07Z,2026-09-21T00:20:00Z,KC,IND,IND@KC,lowvig,h2h,IND,,245
2026-09-18T17:43:07Z,2026-09-21T00:20:00Z,KC,IND,IND@KC,lowvig,h2h,KC,,-300
2026-09-18T17:43:07Z,2026-09-21T00:20:00Z,KC,IND,IND@KC,lowvig,spreads,IND,6.5,-101
2026-09-18T17:43:07Z,2026-09-21T00:20:00Z,KC,IND,IND@KC,lowvig,spreads,KC,-6.5,-109
2026-09-18T17:43:07Z,2026-09-21T00:20:00Z,KC,IND,IND@KC,lowvig,totals,Over,46.5,-102
2026-09-18T17:43:07Z,2026-09-21T00:20:00Z,KC,IND,IND@KC,lowvig,totals,Under,46.5,-113
2026-09-18T17:43:07Z,2026-09-20T20:05:00Z,DEN,JAX,JAX@DEN,betmgm,h2h,DEN,,-145
2026-09-18T17:43:07Z,2026-09-20T20:05:00Z,DEN,JAX,JAX@DEN,betmgm,h2h,JAX,,125
2026-09-18T17:43:07Z,2026-09-20T20:05:00Z,DEN,JAX,JAX@DEN,betmgm,spreads,DEN,-2.5,-118
2026-09-18T17:43:07Z,2026-09-20T20:05:00Z,DEN,JAX,JAX@DEN,betmgm,spreads,JAX,2.5,-102
2026-09-18T17:43:07Z,2026-09-20T20:05:00Z,DEN,JAX,JAX@DEN,betmgm,totals,Over,45.5,-108
2026-09-18T17:43:07Z,2026-09-20T20:05:00Z,DEN,JAX,JAX@DEN,betmgm,totals,Under,45.5,-110
2026-09-18T17:43:07Z,2026-09-20T20:05:00Z,DEN,JAX,JAX@DEN,betonlineag,h2h,DEN,,-153
2026-09-18T17:43:07Z,2026-09-20T20:05:00Z,DEN,JAX,JAX@DEN,betonlineag,h2h,JAX,,133
2026-09-18T17:43:07Z,2026-09-20T20:05:00Z,DEN,JAX,JAX@DEN,betonlineag,spreads,DEN,-2.5,-119
2026-09-18T17:43:07Z,2026-09-20T20:05:00Z,DEN,JAX,JAX@DEN,betonlineag,spreads,JAX,2.5,-101
2026-09-18T17:43:07Z,2026-09-20T20:05:00Z,DEN,JAX,JAX@DEN,betonlineag,totals,Over,45.5,-110
2026-09-18T17:43:07Z,2026-09-20T20:05:00Z,DEN,JAX,JAX@DEN,betonlineag,totals,Under,45.5,-110
2026-09-18T17:43:07Z,2026-09-20T20:05:00Z,DEN,JAX,JAX@DEN,betrivers,h2h,DEN,,-155
2026-09-18T17:43:07Z,2026-09-20T20:05:00Z,DEN,JAX,JAX@DEN,betrivers,h2h,JAX,,130
2026-09-18T17:43:07Z,2026-09-20T20:05:00Z,DEN,JAX,JAX@DEN,betrivers,spreads,DEN,-3.0,-106
2026-09-18T17:43:07Z,2026-09-20T20:05:00Z,DEN,JAX,JAX@DEN,betrivers,spreads,JAX,3.0,-115
2026-09-18T17:43:07Z,2026-09-20T20:05:00Z,DEN,JAX,JAX@DEN,betrivers,totals,Over,45.0,-113
2026-09-18T17:43:07Z,2026-09-20T20:05:00Z,DEN,JAX,JAX@DEN,betrivers,totals,Under,45.0,-108
2026-09-18T17:43:07Z,2026-09-20T20:05:00Z,DEN,JAX,JAX@DEN,betus,h2h,DEN,,-155
2026-09-18T17:43:07Z,2026-09-20T20:05:00Z,DEN,JAX,JAX@DEN,betus,h2h,JAX,,134
2026-09-18T17:43:07Z,2026-09-20T20:05:00Z,DEN,JAX,JAX@DEN,betus,spreads,DEN,-2.0,-120
2026-09-18T17:43:07Z,2026-09-20T20:05:00Z,DEN,JAX,JAX@DEN,betus,spreads,JAX,2.0,100
2026-09-18T17:43:07Z,2026-09-20T20:05:00Z,DEN,JAX,JAX@DEN,betus,totals,Over,45.5,-110
2026-09-18T17:43:07Z,2026-09-20T20:05:00Z,DEN,JAX,JAX@DEN,betus,totals,Under,45.5,-110
2026-09-18T17:43:07Z,2026-09-20T20:05:00Z,DEN,JAX,JAX@DEN,bovada,h2h,DEN,,-160
2026-09-18T17:43:07Z,2026-09-20T20:05:00Z,DEN,JAX,JAX@DEN,bovada,h2h,JAX,,135
2026-09-18T17:43:07Z,2026-09-20T20:05:00Z,DEN,JAX,JAX@DEN,bovada,spreads,DEN,-3.0,100
2026-09-18T17:43:07Z,2026-09-20T20:05:00Z,DEN,JAX,JAX@DEN,bovada,spreads,JAX,3.0,-120
2026-09-18T17:43:07Z,2026-09-20T20:05:00Z,DEN,JAX,JAX@DEN,bovada,totals,Over,45.5,-110
2026-09-18T17:43:07Z,2026-09-20T20:05:00Z,DEN,JAX,JAX@DEN,bovada,totals,Under,45.5,-110
2026-09-18T17:43:07Z,2026-09-20T20:05:00Z,DEN,JAX,JAX@DEN,draftkings,h2h,DEN,,-148
2026-09-18T17:43:07Z,2026-09-20T20:05:00Z,DEN,JAX,JAX@DEN,draftkings,h2h,JAX,,124
2026-09-18T17:43:07Z,2026-09-20T20:05:00Z,DEN,JAX,JAX@DEN,draftkings,spreads,DEN,-2.5,-118
2026-09-18T17:43:07Z,2026-09-20T20:05:00Z,DEN,JAX,JAX@DEN,draftkings,spreads,JAX,2.5,-102
2026-09-18T17:43:07Z,2026-09-20T20:05:00Z,DEN,JAX,JAX@DEN,draftkings,totals,Over,45.5,-108
2026-09-18T17:43:07Z,2026-09-20T20:05:00Z,DEN,JAX,JAX@DEN,draftkings,totals,Under,45.5,-112
2026-09-18T17:43:07Z,2026-09-20T20:05:00Z,DEN,JAX,JAX@DEN,fanduel,h2h,DEN,,-148
2026-09-18T17:43:07Z,2026-09-20T20:05:00Z,DEN,JAX,JAX@DEN,fanduel,h2h,JAX,,126
2026-09-18T17:43:07Z,2026-09-20T20:05:00Z,DEN,JAX,JAX@DEN,fanduel,spreads,DEN,-2.5,-120
2026-09-18T17:43:07Z,2026-09-20T20:05:00Z,DEN,JAX,JAX@DEN,fanduel,spreads,JAX,2.5,-102
2026-09-18T17:43:07Z,2026-09-20T20:05:00Z,DEN,JAX,JAX@DEN,fanduel,totals,Over,45.5,-105
2026-09-18T17:43:07Z,2026-09-20T20:05:00Z,DEN,JAX,JAX@DEN,fanduel,totals,Under,45.5,-115
2026-09-18T17:43:07Z,2026-09-20T20:05:00Z,DEN,JAX,JAX@DEN,lowvig,h2h,DEN,,-153
2026-09-18T17:43:07Z,2026-09-20T20:05:00Z,DEN,JAX,JAX@DEN,lowvig,h2h,JAX,,133
2026-09-18T17:43:07Z,2026-09-20T20:05:00Z,DEN,JAX,JAX@DEN,lowvig,spreads,DEN,-2.5,-116
2026-09-18T17:43:07Z,2026-09-20T20:05:00Z,DEN,JAX,JAX@DEN,lowvig,spreads,JAX,2.5,105
2026-09-18T17:43:07Z,2026-09-20T20:05:00Z,DEN,JAX,JAX@DEN,lowvig,totals,Over,45.5,-107
2026-09-18T17:43:07Z,2026-09-20T20:05:00Z,DEN,JAX,JAX@DEN,lowvig,totals,Under,45.5,-107
2026-09-18T17:43:07Z,2026-09-27T17:00:00Z,MIA,KC,KC@MIA,betonlineag,spreads,KC,-8.5,-110
2026-09-18T17:43:07Z,2026-09-27T17:00:00Z,MIA,KC,KC@MIA,betonlineag,spreads,MIA,8.5,-110
2026-09-18T17:43:07Z,2026-09-27T17:00:00Z,MIA,KC,KC@MIA,betonlineag,totals,Over,44.5,-110
2026-09-18T17:43:07Z,2026-09-27T17:00:00Z,MIA,KC,KC@MIA,betonlineag,totals,Under,44.5,-110
2026-09-18T17:43:07Z,2026-09-27T17:00:00Z,MIA,KC,KC@MIA,betrivers,h2h,KC,,-480
2026-09-18T17:43:07Z,2026-09-27T17:00:00Z,MIA,KC,KC@MIA,betrivers,h2h,MIA,,350
2026-09-18T17:43:07Z,2026-09-27T17:00:00Z,MIA,KC,KC@MIA,betrivers,spreads,KC,-8.5,-109
2026-09-18T17:43:07Z,2026-09-27T17:00:00Z,MIA,KC,KC@MIA,betrivers,spreads,MIA,8.5,-112
2026-09-18T17:43:07Z,2026-09-27T17:00:00Z,MIA,KC,KC@MIA,betrivers,totals,Over,44.5,-109
2026-09-18T17:43:07Z,2026-09-27T17:00:00Z,MIA,KC,KC@MIA,betrivers,totals,Under,44.5,-112
2026-09-18T17:43:07Z,2026-09-27T17:00:00Z,MIA,KC,KC@MIA,betus,spreads,KC,-8.5,-110
2026-09-18T17:43:07Z,2026-09-27T17:00:00Z,MIA,KC,KC@MIA,betus,spreads,MIA,8.5,-110
2026-09-18T17:43:07Z,2026-09-27T17:00:00Z,MIA,KC,KC@MIA,betus,totals,Over,44.5,-110
2026-09-18T17:43:07Z,2026-09-27T17:00:00Z,MIA,KC,KC@MIA,betus,totals,Under,44.5,-110
2026-09-18T17:43:07Z,2026-09-27T17:00:00Z,MIA,KC,KC@MIA,draftkings,h2h,KC,,-455
2026-09-18T17:43:07Z,2026-09-27T17:00:00Z,MIA,KC,KC@MIA,draftkings,h2h,MIA,,350
2026-09-18T17:43:07Z,2026-09-27T17:00:00Z,MIA,KC,KC@MIA,draftkings,spreads,KC,-8.5,-110
2026-09-18T17:43:07Z,2026-09-27T17:00:00Z,MIA,KC,KC@MIA,draftkings,spreads,MIA,8.5,-110
2026-09-18T17:43:07Z,2026-09-27T17:00:00Z,MIA,KC,KC@MIA,draftkings,totals,Over,44.5,-110
2026-09-18T17:43:07Z,2026-09-27T17:00:00Z,MIA,KC,KC@MIA,draftkings,totals,Under,44.5,-110
2026-09-18T17:43:07Z,2026-09-27T17:00:00Z,MIA,KC,KC@MIA,fanduel,h2h,KC,,-590
2026-09-18T17:43:07Z,2026-09-27T17:00:00Z,MIA,KC,KC@MIA,fanduel,h2h,MIA,,430
2026-09-18T17:43:07Z,2026-09-27T17:00:00Z,MIA,KC,KC@MIA,fanduel,spreads,KC,-8.5,-115
2026-09-18T17:43:07Z,2026-09-27T17:00:00Z,MIA,KC,KC@MIA,fanduel,spreads,MIA,8.5,-105
2026-09-18T17:43:07Z,2026-09-27T17:00:00Z,MIA,KC,KC@MIA,fanduel,totals,Over,44.5,-110
2026-09-18T17:43:07Z,2026-09-27T17:00:00Z,MIA,KC,KC@MIA,fanduel,totals,Under,44.5,-110
2026-09-18T17:43:07Z,2026-09-27T17:00:00Z,MIA,KC,KC@MIA,lowvig,spreads,KC,-8.5,-105
2026-09-18T17:43:07Z,2026-09-27T17:00:00Z,MIA,KC,KC@MIA,lowvig,spreads,MIA,8.5,-105
2026-09-18T17:43:07Z,2026-09-27T17:00:00Z,MIA,KC,KC@MIA,lowvig,totals,Over,44.5,-107
2026-09-18T17:43:07Z,2026-09-27T17:00:00Z,MIA,KC,KC@MIA,lowvig,totals,Under,44.5,-107
2026-09-18T17:43:07Z,2026-09-28T00:20:00Z,DEN,LA,LA@DEN,betonlineag,spreads,DEN,2.5,-115
2026-09-18T17:43:07Z,2026-09-28T00:20:00Z,DEN,LA,LA@DEN,betonlineag,spreads,LA,-2.5,-105
2026-09-18T17:43:07Z,2026-09-28T00:20:00Z,DEN,LA,LA@DEN,betonlineag,totals,Over,45.5,-110
2026-09-18T17:43:07Z,2026-09-28T00:20:00Z,DEN,LA,LA@DEN,betonlineag,totals,Under,45.5,-110
2026-09-18T17:43:07Z,2026-09-28T00:20:00Z,DEN,LA,LA@DEN,betrivers,h2h,DEN,,108
2026-09-18T17:43:07Z,2026-09-28T00:20:00Z,DEN,LA,LA@DEN,betrivers,h2h,LA,,-132
2026-09-18T17:43:07Z,2026-09-28T00:20:00Z,DEN,LA,LA@DEN,betrivers,spreads,DEN,2.5,-113
2026-09-18T17:43:07Z,2026-09-28T00:20:00Z,DEN,LA,LA@DEN,betrivers,spreads,LA,-2.5,-108
2026-09-18T17:43:07Z,2026-09-28T00:20:00Z,DEN,LA,LA@DEN,betrivers,totals,Over,46.5,-110
2026-09-18T17:43:07Z,2026-09-28T00:20:00Z,DEN,LA,LA@DEN,betrivers,totals,Under,46.5,-110
2026-09-18T17:43:07Z,2026-09-28T00:20:00Z,DEN,LA,LA@DEN,betus,spreads,DEN,2.5,-115
2026-09-18T17:43:07Z,2026-09-28T00:20:00Z,DEN,LA,LA@DEN,betus,spreads,LA,-2.5,-105
2026-09-18T17:43:07Z,2026-09-28T00:20:00Z,DEN,LA,LA@DEN,betus,totals,Over,45.5,-110
2026-09-18T17:43:07Z,2026-09-28T00:20:00Z,DEN,LA,LA@DEN,betus,totals,Under,45.5,-110
2026-09-18T17:43:07Z,2026-09-28T00:20:00Z,DEN,LA,LA@DEN,draftkings,h2h,DEN,,114
2026-09-18T17:43:07Z,2026-09-28T00:20:00Z,DEN,LA,LA@DEN,draftkings,h2h,LA,,-135
2026-09-18T17:43:07Z,2026-09-28T00:20:00Z,DEN,LA,LA@DEN,draftkings,spreads,DEN,2.5,-110
2026-09-18T17:43:07Z,2026-09-28T00:20:00Z,DEN,LA,LA@DEN,draftkings,spreads,LA,-2.5,-110
2026-09-18T17:43:07Z,2026-09-28T00:20:00Z,DEN,LA,LA@DEN,draftkings,totals,Over,46.5,-110
2026-09-18T17:43:07Z,2026-09-28T00:20:00Z,DEN,LA,LA@DEN,draftkings,totals,Under,46.5,-110
2026-09-18T17:43:07Z,2026-09-28T00:20:00Z,DEN,LA,LA@DEN,fanduel,h2h,DEN,,112
2026-09-18T17:43:07Z,2026-09-28T00:20:00Z,DEN,LA,LA@DEN,fanduel,h2h,LA,,-132
2026-09-18T17:43:07Z,2026-09-28T00:20:00Z,DEN,LA,LA@DEN,fanduel,spreads,DEN,2.5,-112
2026-09-18T17:43:07Z,2026-09-28T00:20:00Z,DEN,LA,LA@DEN,fanduel,spreads,LA,-2.5,-108
2026-09-18T17:43:07Z,2026-09-28T00:20:00Z,DEN,LA,LA@DEN,fanduel,totals,Over,46.5,-105
2026-09-18T17:43:07Z,2026-09-28T00:20:00Z,DEN,LA,LA@DEN,fanduel,totals,Under,46.5,-115
2026-09-18T17:43:07Z,2026-09-28T00:20:00Z,DEN,LA,LA@DEN,lowvig,spreads,DEN,2.5,-110
2026-09-18T17:43:07Z,2026-09-28T00:20:00Z,DEN,LA,LA@DEN,lowvig,spreads,LA,-2.5,100
2026-09-18T17:43:07Z,2026-09-28T00:20:00Z,DEN,LA,LA@DEN,lowvig,totals,Over,45.5,-107
2026-09-18T17:43:07Z,2026-09-28T00:20:00Z,DEN,LA,LA@DEN,lowvig,totals,Under,45.5,-107
2026-09-18T17:43:07Z,2026-09-20T20:05:00Z,LAC,LV,LV@LAC,betmgm,h2h,LV,,250
2026-09-18T17:43:07Z,2026-09-20T20:05:00Z,LAC,LV,LV@LAC,betmgm,h2h,LAC,,-300
2026-09-18T17:43:07Z,2026-09-20T20:05:00Z,LAC,LV,LV@LAC,betmgm,spreads,LV,6.5,-105
2026-09-18T17:43:07Z,2026-09-20T20:05:00Z,LAC,LV,LV@LAC,betmgm,spreads,LAC,-6.5,-115
2026-09-18T17:43:07Z,2026-09-20T20:05:00Z,LAC,LV,LV@LAC,betmgm,totals,Over,43.5,-108
2026-09-18T17:43:07Z,2026-09-20T20:05:00Z,LAC,LV,LV@LAC,betmgm,totals,Under,43.5,-110
2026-09-18T17:43:07Z,2026-09-20T20:05:00Z,LAC,LV,LV@LAC,betonlineag,h2h,LV,,243
2026-09-18T17:43:07Z,2026-09-20T20:05:00Z,LAC,LV,LV@LAC,betonlineag,h2h,LAC,,-297
2026-09-18T17:43:07Z,2026-09-20T20:05:00Z,LAC,LV,LV@LAC,betonlineag,spreads,LV,6.5,-105
2026-09-18T17:43:07Z,2026-09-20T20:05:00Z,LAC,LV,LV@LAC,betonlineag,spreads,LAC,-6.5,-115
2026-09-18T17:43:07Z,2026-09-20T20:05:00Z,LAC,LV,LV@LAC,betonlineag,totals,Over,43.5,-108
2026-09-18T17:43:07Z,2026-09-20T20:05:00Z,LAC,LV,LV@LAC,betonlineag,totals,Under,43.5,-112
2026-09-18T17:43:07Z,2026-09-20T20:05:00Z,LAC,LV,LV@LAC,betrivers,h2h,LV,,245
2026-09-18T17:43:07Z,2026-09-20T20:05:00Z,LAC,LV,LV@LAC,betrivers,h2h,LAC,,-315
2026-09-18T17:43:07Z,2026-09-20T20:05:00Z,LAC,LV,LV@LAC,betrivers,spreads,LV,6.5,-104
2026-09-18T17:43:07Z,2026-09-20T20:05:00Z,LAC,LV,LV@LAC,betrivers,spreads,LAC,-6.5,-118
2026-09-18T17:43:07Z,2026-09-20T20:05:00Z,LAC,LV,LV@LAC,betrivers,totals,Over,43.5,-109
2026-09-18T17:43:07Z,2026-09-20T20:05:00Z,LAC,LV,LV@LAC,betrivers,totals,Under,43.5,-112
2026-09-18T17:43:07Z,2026-09-20T20:05:00Z,LAC,LV,LV@LAC,betus,h2h,LV,,245
2026-09-18T17:43:07Z,2026-09-20T20:05:00Z,LAC,LV,LV@LAC,betus,h2h,LAC,,-295
2026-09-18T17:43:07Z,2026-09-20T20:05:00Z,LAC,LV,LV@LAC,betus,spreads,LV,7.0,-120
2026-09-18T17:43:07Z,2026-09-20T20:05:00Z,LAC,LV,LV@LAC,betus,spreads,LAC,-7.0,100
2026-09-18T17:43:07Z,2026-09-20T20:05:00Z,LAC,LV,LV@LAC,betus,totals,Over,43.5,-110
2026-09-18T17:43:07Z,2026-09-20T20:05:00Z,LAC,LV,LV@LAC,betus,totals,Under,43.5,-110
2026-09-18T17:43:07Z,2026-09-20T20:05:00Z,LAC,LV,LV@LAC,bovada,h2h,LV,,250
2026-09-18T17:43:07Z,2026-09-20T20:05:00Z,LAC,LV,LV@LAC,bovada,h2h,LAC,,-300
2026-09-18T17:43:07Z,2026-09-20T20:05:00Z,LAC,LV,LV@LAC,bovada,spreads,LV,6.5,-110
2026-09-18T17:43:07Z,2026-09-20T20:05:00Z,LAC,LV,LV@LAC,bovada,spreads,LAC,-6.5,-110
2026-09-18T17:43:07Z,2026-09-20T20:05:00Z,LAC,LV,LV@LAC,bovada,totals,Over,43.5,-110
2026-09-18T17:43:07Z,2026-09-20T20:05:00Z,LAC,LV,LV@LAC,bovada,totals,Under,43.5,-110
2026-09-18T17:43:07Z,2026-09-20T20:05:00Z,LAC,LV,LV@LAC,draftkings,h2h,LV,,250
2026-09-18T17:43:07Z,2026-09-20T20:05:00Z,LAC,LV,LV@LAC,draftkings,h2h,LAC,,-310
2026-09-18T17:43:07Z,2026-09-20T20:05:00Z,LAC,LV,LV@LAC,draftkings,spreads,LV,6.5,-102
2026-09-18T17:43:07Z,2026-09-20T20:05:00Z,LAC,LV,LV@LAC,draftkings,spreads,LAC,-6.5,-118
2026-09-18T17:43:07Z,2026-09-20T20:05:00Z,LAC,LV,LV@LAC,draftkings,totals,Over,43.5,-110
2026-09-18T17:43:07Z,2026-09-20T20:05:00Z,LAC,LV,LV@LAC,draftkings,totals,Under,43.5,-110
2026-09-18T17:43:07Z,2026-09-20T20:05:00Z,LAC,LV,LV@LAC,fanduel,h2h,LV,,250
2026-09-18T17:43:07Z,2026-09-20T20:05:00Z,LAC,LV,LV@LAC,fanduel,h2h,LAC,,-310
2026-09-18T17:43:07Z,2026-09-20T20:05:00Z,LAC,LV,LV@LAC,fanduel,spreads,LV,6.5,-105
2026-09-18T17:43:07Z,2026-09-20T20:05:00Z,LAC,LV,LV@LAC,fanduel,spreads,LAC,-6.5,-115
2026-09-18T17:43:07Z,2026-09-20T20:05:00Z,LAC,LV,LV@LAC,fanduel,totals,Over,43.5,-110
2026-09-18T17:43:07Z,2026-09-20T20:05:00Z,LAC,LV,LV@LAC,fanduel,totals,Under,43.5,-110
2026-09-18T17:43:07Z,2026-09-20T20:05:00Z,LAC,LV,LV@LAC,lowvig,h2h,LV,,243
2026-09-18T17:43:07Z,2026-09-20T20:05:00Z,LAC,LV,LV@LAC,lowvig,h2h,LAC,,-297
2026-09-18T17:43:07Z,2026-09-20T20:05:00Z,LAC,LV,LV@LAC,lowvig,spreads,LV,6.5,-102
2026-09-18T17:43:07Z,2026-09-20T20:05:00Z,LAC,LV,LV@LAC,lowvig,spreads,LAC,-6.5,-108
2026-09-18T17:43:07Z,2026-09-20T20:05:00Z,LAC,LV,LV@LAC,lowvig,totals,Over,43.5,-105
2026-09-18T17:43:07Z,2026-09-20T20:05:00Z,LAC,LV,LV@LAC,lowvig,totals,Under,43.5,-109
2026-09-18T17:43:07Z,2026-09-27T20:25:00Z,NO,LV,LV@NO,betonlineag,spreads,LV,3.0,100
2026-09-18T17:43:07Z,2026-09-27T20:25:00Z,NO,LV,LV@NO,betonlineag,spreads,NO,-3.0,-120
2026-09-18T17:43:07Z,2026-09-27T20:25:00Z,NO,LV,LV@NO,betonlineag,totals,Over,44.5,-110
2026-09-18T17:43:07Z,2026-09-27T20:25:00Z,NO,LV,LV@NO,betonlineag,totals,Under,44.5,-110
2026-09-18T17:43:07Z,2026-09-27T20:25:00Z,NO,LV,LV@NO,betrivers,h2h,LV,,133
2026-09-18T17:43:07Z,2026-09-27T20:25:00Z,NO,LV,LV@NO,betrivers,h2h,NO,,-162
2026-09-18T17:43:07Z,2026-09-27T20:25:00Z,NO,LV,LV@NO,betrivers,spreads,LV,3.0,-113
2026-09-18T17:43:07Z,2026-09-27T20:25:00Z,NO,LV,LV@NO,betrivers,spreads,NO,-3.0,-108
2026-09-18T17:43:07Z,2026-09-27T20:25:00Z,NO,LV,LV@NO,betrivers,totals,Over,45.5,-108
2026-09-18T17:43:07Z,2026-09-27T20:25:00Z,NO,LV,LV@NO,betrivers,totals,Under,45.5,-113
2026-09-18T17:43:07Z,2026-09-27T20:25:00Z,NO,LV,LV@NO,betus,spreads,LV,3.0,-105
2026-09-18T17:43:07Z,2026-09-27T20:25:00Z,NO,LV,LV@NO,betus,spreads,NO,-3.0,-115
2026-09-18T17:43:07Z,2026-09-27T20:25:00Z,NO,LV,LV@NO,betus,totals,Over,44.5,-110
2026-09-18T17:43:07Z,2026-09-27T20:25:00Z,NO,LV,LV@NO,betus,totals,Under,44.5,-110
2026-09-18T17:43:07Z,2026-09-27T20:25:00Z,NO,LV,LV@NO,draftkings,h2h,LV,,136
2026-09-18T17:43:07Z,2026-09-27T20:25:00Z,NO,LV,LV@NO,draftkings,h2h,NO,,-162
2026-09-18T17:43:07Z,2026-09-27T20:25:00Z,NO,LV,LV@NO,draftkings,spreads,LV,3.0,-110
2026-09-18T17:43:07Z,2026-09-27T20:25:00Z,NO,LV,LV@NO,draftkings,spreads,NO,-3.0,-110
2026-09-18T17:43:07Z,2026-09-27T20:25:00Z,NO,LV,LV@NO,draftkings,totals,Over,45.5,-110
2026-09-18T17:43:07Z,2026-09-27T20:25:00Z,NO,LV,LV@NO,draftkings,totals,Under,45.5,-110
2026-09-18T17:43:07Z,2026-09-27T20:25:00Z,NO,LV,LV@NO,fanduel,h2h,LV,,146
2026-09-18T17:43:07Z,2026-09-27T20:25:00Z,NO,LV,LV@NO,fanduel,h2h,NO,,-174
2026-09-18T17:43:07Z,2026-09-27T20:25:00Z,NO,LV,LV@NO,fanduel,spreads,LV,3.0,-105
2026-09-18T17:43:07Z,2026-09-27T20:25:00Z,NO,LV,LV@NO,fanduel,spreads,NO,-3.0,-115
2026-09-18T17:43:07Z,2026-09-27T20:25:00Z,NO,LV,LV@NO,fanduel,totals,Over,44.5,-115
2026-09-18T17:43:07Z,2026-09-27T20:25:00Z,NO,LV,LV@NO,fanduel,totals,Under,44.5,-105
2026-09-18T17:43:07Z,2026-09-27T20:25:00Z,NO,LV,LV@NO,lowvig,spreads,LV,3.0,105
2026-09-18T17:43:07Z,2026-09-27T20:25:00Z,NO,LV,LV@NO,lowvig,spreads,NO,-3.0,-116
2026-09-18T17:43:07Z,2026-09-27T20:25:00Z,NO,LV,LV@NO,lowvig,totals,Over,44.5,-107
2026-09-18T17:43:07Z,2026-09-27T20:25:00Z,NO,LV,LV@NO,lowvig,totals,Under,44.5,-107
2026-09-18T17:43:07Z,2026-09-20T20:25:00Z,SF,MIA,MIA@SF,betmgm,h2h,MIA,,650
2026-09-18T17:43:07Z,2026-09-20T20:25:00Z,SF,MIA,MIA@SF,betmgm,h2h,SF,,-900
2026-09-18T17:43:07Z,2026-09-20T20:25:00Z,SF,MIA,MIA@SF,betmgm,spreads,MIA,13.5,-108
2026-09-18T17:43:07Z,2026-09-20T20:25:00Z,SF,MIA,MIA@SF,betmgm,spreads,SF,-13.5,-110
2026-09-18T17:43:07Z,2026-09-20T20:25:00Z,SF,MIA,MIA@SF,betmgm,totals,Over,45.0,-110
2026-09-18T17:43:07Z,2026-09-20T20:25:00Z,SF,MIA,MIA@SF,betmgm,totals,Under,45.0,-118
2026-09-18T17:43:07Z,2026-09-20T20:25:00Z,SF,MIA,MIA@SF,betonlineag,h2h,MIA,,686
2026-09-18T17:43:07Z,2026-09-20T20:25:00Z,SF,MIA,MIA@SF,betonlineag,h2h,SF,,-1050
2026-09-18T17:43:07Z,2026-09-20T20:25:00Z,SF,MIA,MIA@SF,betonlineag,spreads,MIA,13.0,-105
2026-09-18T17:43:07Z,2026-09-20T20:25:00Z,SF,MIA,MIA@SF,betonlineag,spreads,SF,-13.0,-115
2026-09-18T17:43:07Z,2026-09-20T20:25:00Z,SF,MIA,MIA@SF,betonlineag,totals,Over,45.0,-105
2026-09-18T17:43:07Z,2026-09-20T20:25:00Z,SF,MIA,MIA@SF,betonlineag,totals,Under,45.0,-115
2026-09-18T17:43:07Z,2026-09-20T20:25:00Z,SF,MIA,MIA@SF,betrivers,h2h,MIA,,600
2026-09-18T17:43:07Z,2026-09-20T20:25:00Z,SF,MIA,MIA@SF,betrivers,h2h,SF,,-1000
2026-09-18T17:43:07Z,2026-09-20T20:25:00Z,SF,MIA,MIA@SF,betrivers,spreads,MIA,13.5,-109
2026-09-18T17:43:07Z,2026-09-20T20:25:00Z,SF,MIA,MIA@SF,betrivers,spreads,SF,-13.5,-112
2026-09-18T17:43:07Z,2026-09-20T20:25:00Z,SF,MIA,MIA@SF,betrivers,totals,Over,45.5,-109
2026-09-18T17:43:07Z,2026-09-20T20:25:00Z,SF,MIA,MIA@SF,betrivers,totals,Under,45.5,-112
2026-09-18T17:43:07Z,2026-09-20T20:25:00Z,SF,MIA,MIA@SF,betus,h2h,MIA,,680
2026-09-18T17:43:07Z,2026-09-20T20:25:00Z,SF,MIA,MIA@SF,betus,h2h,SF,,-1050
2026-09-18T17:43:07Z,2026-09-20T20:25:00Z,SF,MIA,MIA@SF,betus,spreads,MIA,13.0,-105
2026-09-18T17:43:07Z,2026-09-20T20:25:00Z,SF,MIA,MIA@SF,betus,spreads,SF,-13.0,-115
2026-09-18T17:43:07Z,2026-09-20T20:25:00Z,SF,MIA,MIA@SF,betus,totals,Over,45.0,-105
2026-09-18T17:43:07Z,2026-09-20T20:25:00Z,SF,MIA,MIA@SF,betus,totals,Under,45.0,-115
2026-09-18T17:43:07Z,2026-09-20T20:25:00Z,SF,MIA,MIA@SF,bovada,h2h,MIA,,650
2026-09-18T17:43:07Z,2026-09-20T20:25:00Z,SF,MIA,MIA@SF,bovada,h2h,SF,,-1100
2026-09-18T17:43:07Z,2026-09-20T20:25:00Z,SF,MIA,MIA@SF,bovada,spreads,MIA,13.0,-110
2026-09-18T17:43:07Z,2026-09-20T20:25:00Z,SF,MIA,MIA@SF,bovada,spreads,SF,-13.0,-110
2026-09-18T17:43:07Z,2026-09-20T20:25:00Z,SF,MIA,MIA@SF,bovada,totals,Over,45.0,-110
2026-09-18T17:43:07Z,2026-09-20T20:25:00Z,SF,MIA,MIA@SF,bovada,totals,Under,45.0,-110
2026-09-18T17:43:07Z,2026-09-20T20:25:00Z,SF,MIA,MIA@SF,draftkings,h2h,MIA,,600
2026-09-18T17:43:07Z,2026-09-20T20:25:00Z,SF,MIA,MIA@SF,draftkings,h2h,SF,,-900
2026-09-18T17:43:07Z,2026-09-20T20:25:00Z,SF,MIA,MIA@SF,draftkings,spreads,MIA,12.5,-105
2026-09-18T17:43:07Z,2026-09-20T20:25:00Z,SF,MIA,MIA@SF,draftkings,spreads,SF,-12.5,-115
2026-09-18T17:43:07Z,2026-09-20T20:25:00Z,SF,MIA,MIA@SF,draftkings,totals,Over,44.5,-115
2026-09-18T17:43:07Z,2026-09-20T20:25:00Z,SF,MIA,MIA@SF,draftkings,totals,Under,44.5,-105
2026-09-18T17:43:07Z,2026-09-20T20:25:00Z,SF,MIA,MIA@SF,fanduel,h2h,MIA,,640
2026-09-18T17:43:07Z,2026-09-20T20:25:00Z,SF,MIA,MIA@SF,fanduel,h2h,SF,,-950
2026-09-18T17:43:07Z,2026-09-20T20:25:00Z,SF,MIA,MIA@SF,fanduel,spreads,MIA,13.5,-115
2026-09-18T17:43:07Z,2026-09-20T20:25:00Z,SF,MIA,MIA@SF,fanduel,spreads,SF,-13.5,-105
2026-09-18T17:43:07Z,2026-09-20T20:25:00Z,SF,MIA,MIA@SF,fanduel,totals,Over,45.5,-102
2026-09-18T17:43:07Z,2026-09-20T20:25:00Z,SF,MIA,MIA@SF,fanduel,totals,Under,45.5,-120
2026-09-18T17:43:07Z,2026-09-20T20:25:00Z,SF,MIA,MIA@SF,lowvig,h2h,MIA,,686
2026-09-18T17:43:07Z,2026-09-20T20:25:00Z,SF,MIA,MIA@SF,lowvig,h2h,SF,,-1050
2026-09-18T17:43:07Z,2026-09-20T20:25:00Z,SF,MIA,MIA@SF,lowvig,spreads,MIA,13.0,-105
2026-09-18T17:43:07Z,2026-09-20T20:25:00Z,SF,MIA,MIA@SF,lowvig,spreads,SF,-13.0,-105
2026-09-18T17:43:07Z,2026-09-20T20:25:00Z,SF,MIA,MIA@SF,lowvig,totals,Over,45.0,-102
2026-09-18T17:43:07Z,2026-09-20T20:25:00Z,SF,MIA,MIA@SF,lowvig,totals,Under,45.0,-113
2026-09-18T17:43:07Z,2026-09-20T17:00:00Z,CHI,MIN,MIN@CHI,betmgm,h2h,CHI,,-210
2026-09-18T17:43:07Z,2026-09-20T17:00:00Z,CHI,MIN,MIN@CHI,betmgm,h2h,MIN,,175
2026-09-18T17:43:07Z,2026-09-20T17:00:00Z,CHI,MIN,MIN@CHI,betmgm,spreads,CHI,-4.5,-108
2026-09-18T17:43:07Z,2026-09-20T17:00:00Z,CHI,MIN,MIN@CHI,betmgm,spreads,MIN,4.5,-110
2026-09-18T17:43:07Z,2026-09-20T17:00:00Z,CHI,MIN,MIN@CHI,betmgm,totals,Over,48.0,-108
2026-09-18T17:43:07Z,2026-09-20T17:00:00Z,CHI,MIN,MIN@CHI,betmgm,totals,Under,48.0,-110
2026-09-18T17:43:07Z,2026-09-20T17:00:00Z,CHI,MIN,MIN@CHI,betonlineag,h2h,CHI,,-215
2026-09-18T17:43:07Z,2026-09-20T17:00:00Z,CHI,MIN,MIN@CHI,betonlineag,h2h,MIN,,183
2026-09-18T17:43:07Z,2026-09-20T17:00:00Z,CHI,MIN,MIN@CHI,betonlineag,spreads,CHI,-4.5,-110
2026-09-18T17:43:07Z,2026-09-20T17:00:00Z,CHI,MIN,MIN@CHI,betonlineag,spreads,MIN,4.5,-110
2026-09-18T17:43:07Z,2026-09-20T17:00:00Z,CHI,MIN,MIN@CHI,betonlineag,totals,Over,48.0,-116
2026-09-18T17:43:07Z,2026-09-20T17:00:00Z,CHI,MIN,MIN@CHI,betonlineag,totals,Under,48.0,-104
2026-09-18T17:43:07Z,2026-09-20T17:00:00Z,CHI,MIN,MIN@CHI,betrivers,h2h,CHI,,-230
2026-09-18T17:43:07Z,2026-09-20T17:00:00Z,CHI,MIN,MIN@CHI,betrivers,h2h,MIN,,185
2026-09-18T17:43:07Z,2026-09-20T17:00:00Z,CHI,MIN,MIN@CHI,betrivers,spreads,CHI,-4.5,-110
2026-09-18T17:43:07Z,2026-09-20T17:00:00Z,CHI,MIN,MIN@CHI,betrivers,spreads,MIN,4.5,-110
2026-09-18T17:43:07Z,2026-09-20T17:00:00Z,CHI,MIN,MIN@CHI,betrivers,totals,Over,48.5,-109
2026-09-18T17:43:07Z,2026-09-20T17:00:00Z,CHI,MIN,MIN@CHI,betrivers,totals,Under,48.5,-112
2026-09-18T17:43:07Z,2026-09-20T17:00:00Z,CHI,MIN,MIN@CHI,betus,h2h,CHI,,-215
2026-09-18T17:43:07Z,2026-09-20T17:00:00Z,CHI,MIN,MIN@CHI,betus,h2h,MIN,,183
2026-09-18T17:43:07Z,2026-09-20T17:00:00Z,CHI,MIN,MIN@CHI,betus,spreads,CHI,-4.5,-110
2026-09-18T17:43:07Z,2026-09-20T17:00:00Z,CHI,MIN,MIN@CHI,betus,spreads,MIN,4.5,-110
2026-09-18T17:43:07Z,2026-09-20T17:00:00Z,CHI,MIN,MIN@CHI,betus,totals,Over,48.0,-110
2026-09-18T17:43:07Z,2026-09-20T17:00:00Z,CHI,MIN,MIN@CHI,betus,totals,Under,48.0,-110
2026-09-18T17:43:07Z,2026-09-20T17:00:00Z,CHI,MIN,MIN@CHI,bovada,h2h,CHI,,-220
2026-09-18T17:43:07Z,2026-09-20T17:00:00Z,CHI,MIN,MIN@CHI,bovada,h2h,MIN,,180
2026-09-18T17:43:07Z,2026-09-20T17:00:00Z,CHI,MIN,MIN@CHI,bovada,spreads,CHI,-4.0,-110
2026-09-18T17:43:07Z,2026-09-20T17:00:00Z,CHI,MIN,MIN@CHI,bovada,spreads,MIN,4.0,-110
2026-09-18T17:43:07Z,2026-09-20T17:00:00Z,CHI,MIN,MIN@CHI,bovada,totals,Over,48.0,-110
2026-09-18T17:43:07Z,2026-09-20T17:00:00Z,CHI,MIN,MIN@CHI,bovada,totals,Under,48.0,-110
2026-09-18T17:43:07Z,2026-09-20T17:00:00Z,CHI,MIN,MIN@CHI,draftkings,h2h,CHI,,-205
2026-09-18T17:43:07Z,2026-09-20T17:00:00Z,CHI,MIN,MIN@CHI,draftkings,h2h,MIN,,170
2026-09-18T17:43:07Z,2026-09-20T17:00:00Z,CHI,MIN,MIN@CHI,draftkings,spreads,CHI,-4.5,-110
2026-09-18T17:43:07Z,2026-09-20T17:00:00Z,CHI,MIN,MIN@CHI,draftkings,spreads,MIN,4.5,-110
2026-09-18T17:43:07Z,2026-09-20T17:00:00Z,CHI,MIN,MIN@CHI,draftkings,totals,Over,47.5,-115
2026-09-18T17:43:07Z,2026-09-20T17:00:00Z,CHI,MIN,MIN@CHI,draftkings,totals,Under,47.5,-105
2026-09-18T17:43:07Z,2026-09-20T17:00:00Z,CHI,MIN,MIN@CHI,fanduel,h2h,CHI,,-200
2026-09-18T17:43:07Z,2026-09-20T17:00:00Z,CHI,MIN,MIN@CHI,fanduel,h2h,MIN,,168
2026-09-18T17:43:07Z,2026-09-20T17:00:00Z,CHI,MIN,MIN@CHI,fanduel,spreads,CHI,-4.5,-105
2026-09-18T17:43:07Z,2026-09-20T17:00:00Z,CHI,MIN,MIN@CHI,fanduel,spreads,MIN,4.5,-115
2026-09-18T17:43:07Z,2026-09-20T17:00:00Z,CHI,MIN,MIN@CHI,fanduel,totals,Over,48.5,-105
2026-09-18T17:43:07Z,2026-09-20T17:00:00Z,CHI,MIN,MIN@CHI,fanduel,totals,Under,48.5,-115
2026-09-18T17:43:07Z,2026-09-20T17:00:00Z,CHI,MIN,MIN@CHI,lowvig,h2h,CHI,,-215
2026-09-18T17:43:07Z,2026-09-20T17:00:00Z,CHI,MIN,MIN@CHI,lowvig,h2h,MIN,,183
2026-09-18T17:43:07Z,2026-09-20T17:00:00Z,CHI,MIN,MIN@CHI,lowvig,spreads,CHI,-4.5,-103
2026-09-18T17:43:07Z,2026-09-20T17:00:00Z,CHI,MIN,MIN@CHI,lowvig,spreads,MIN,4.5,-107
2026-09-18T17:43:07Z,2026-09-20T17:00:00Z,CHI,MIN,MIN@CHI,lowvig,totals,Over,48.0,-114
2026-09-18T17:43:07Z,2026-09-20T17:00:00Z,CHI,MIN,MIN@CHI,lowvig,totals,Under,48.0,-101
2026-09-18T17:43:07Z,2026-09-27T20:05:00Z,TB,MIN,MIN@TB,betonlineag,spreads,MIN,1.0,-110
2026-09-18T17:43:07Z,2026-09-27T20:05:00Z,TB,MIN,MIN@TB,betonlineag,spreads,TB,-1.0,-110
2026-09-18T17:43:07Z,2026-09-27T20:05:00Z,TB,MIN,MIN@TB,betonlineag,totals,Over,46.0,-110
2026-09-18T17:43:07Z,2026-09-27T20:05:00Z,TB,MIN,MIN@TB,betonlineag,totals,Under,46.0,-110
2026-09-18T17:43:07Z,2026-09-27T20:05:00Z,TB,MIN,MIN@TB,betrivers,h2h,MIN,,100
2026-09-18T17:43:07Z,2026-09-27T20:05:00Z,TB,MIN,MIN@TB,betrivers,h2h,TB,,-121
2026-09-18T17:43:07Z,2026-09-27T20:05:00Z,TB,MIN,MIN@TB,betrivers,spreads,MIN,1.5,-113
2026-09-18T17:43:07Z,2026-09-27T20:05:00Z,TB,MIN,MIN@TB,betrivers,spreads,TB,-1.5,-108
2026-09-18T17:43:07Z,2026-09-27T20:05:00Z,TB,MIN,MIN@TB,betrivers,totals,Over,45.5,-112
2026-09-18T17:43:07Z,2026-09-27T20:05:00Z,TB,MIN,MIN@TB,betrivers,totals,Under,45.5,-109
2026-09-18T17:43:07Z,2026-09-27T20:05:00Z,TB,MIN,MIN@TB,betus,spreads,MIN,1.5,-110
2026-09-18T17:43:07Z,2026-09-27T20:05:00Z,TB,MIN,MIN@TB,betus,spreads,TB,-1.5,-110
2026-09-18T17:43:07Z,2026-09-27T20:05:00Z,TB,MIN,MIN@TB,betus,totals,Over,46.0,-110
2026-09-18T17:43:07Z,2026-09-27T20:05:00Z,TB,MIN,MIN@TB,betus,totals,Under,46.0,-110
2026-09-18T17:43:07Z,2026-09-27T20:05:00Z,TB,MIN,MIN@TB,draftkings,h2h,MIN,,105
2026-09-18T17:43:07Z,2026-09-27T20:05:00Z,TB,MIN,MIN@TB,draftkings,h2h,TB,,-125
2026-09-18T17:43:07Z,2026-09-27T20:05:00Z,TB,MIN,MIN@TB,draftkings,spreads,MIN,1.5,-110
2026-09-18T17:43:07Z,2026-09-27T20:05:00Z,TB,MIN,MIN@TB,draftkings,spreads,TB,-1.5,-110
2026-09-18T17:43:07Z,2026-09-27T20:05:00Z,TB,MIN,MIN@TB,draftkings,totals,Over,45.5,-110
2026-09-18T17:43:07Z,2026-09-27T20:05:00Z,TB,MIN,MIN@TB,draftkings,totals,Under,45.5,-110
2026-09-18T17:43:07Z,2026-09-27T20:05:00Z,TB,MIN,MIN@TB,fanduel,h2h,MIN,,-102
2026-09-18T17:43:07Z,2026-09-27T20:05:00Z,TB,MIN,MIN@TB,fanduel,h2h,TB,,-116
2026-09-18T17:43:07Z,2026-09-27T20:05:00Z,TB,MIN,MIN@TB,fanduel,spreads,MIN,1.5,-115
2026-09-18T17:43:07Z,2026-09-27T20:05:00Z,TB,MIN,MIN@TB,fanduel,spreads,TB,-1.5,-105
2026-09-18T17:43:07Z,2026-09-27T20:05:00Z,TB,MIN,MIN@TB,fanduel,totals,Over,46.5,-110
2026-09-18T17:43:07Z,2026-09-27T20:05:00Z,TB,MIN,MIN@TB,fanduel,totals,Under,46.5,-110
2026-09-18T17:43:07Z,2026-09-27T20:05:00Z,TB,MIN,MIN@TB,lowvig,spreads,MIN,1.0,-105
2026-09-18T17:43:07Z,2026-09-27T20:05:00Z,TB,MIN,MIN@TB,lowvig,spreads,TB,-1.0,-105
2026-09-18T17:43:07Z,2026-09-27T20:05:00Z,TB,MIN,MIN@TB,lowvig,totals,Over,46.0,-107
2026-09-18T17:43:07Z,2026-09-27T20:05:00Z,TB,MIN,MIN@TB,lowvig,totals,Under,46.0,-107
2026-09-18T17:43:07Z,2026-09-27T17:00:00Z,JAX,NE,NE@JAX,betonlineag,spreads,JAX,-2.5,-105
2026-09-18T17:43:07Z,2026-09-27T17:00:00Z,JAX,NE,NE@JAX,betonlineag,spreads,NE,2.5,-115
2026-09-18T17:43:07Z,2026-09-27T17:00:00Z,JAX,NE,NE@JAX,betonlineag,totals,Over,45.5,-110
2026-09-18T17:43:07Z,2026-09-27T17:00:00Z,JAX,NE,NE@JAX,betonlineag,totals,Under,45.5,-110
2026-09-18T17:43:07Z,2026-09-27T17:00:00Z,JAX,NE,NE@JAX,betrivers,h2h,JAX,,-132
2026-09-18T17:43:07Z,2026-09-27T17:00:00Z,JAX,NE,NE@JAX,betrivers,h2h,NE,,110
2026-09-18T17:43:07Z,2026-09-27T17:00:00Z,JAX,NE,NE@JAX,betrivers,spreads,JAX,-2.5,-109
2026-09-18T17:43:07Z,2026-09-27T17:00:00Z,JAX,NE,NE@JAX,betrivers,spreads,NE,2.5,-112
2026-09-18T17:43:07Z,2026-09-27T17:00:00Z,JAX,NE,NE@JAX,betrivers,totals,Over,46.0,-112
2026-09-18T17:43:07Z,2026-09-27T17:00:00Z,JAX,NE,NE@JAX,betrivers,totals,Under,46.0,-109
2026-09-18T17:43:07Z,2026-09-27T17:00:00Z,JAX,NE,NE@JAX,betus,spreads,JAX,-2.5,-110
2026-09-18T17:43:07Z,2026-09-27T17:00:00Z,JAX,NE,NE@JAX,betus,spreads,NE,2.5,-110
2026-09-18T17:43:07Z,2026-09-27T17:00:00Z,JAX,NE,NE@JAX,betus,totals,Over,45.5,-110
2026-09-18T17:43:07Z,2026-09-27T17:00:00Z,JAX,NE,NE@JAX,betus,totals,Under,45.5,-110
2026-09-18T17:43:07Z,2026-09-27T17:00:00Z,JAX,NE,NE@JAX,draftkings,h2h,JAX,,-135
2026-09-18T17:43:07Z,2026-09-27T17:00:00Z,JAX,NE,NE@JAX,draftkings,h2h,NE,,114
2026-09-18T17:43:07Z,2026-09-27T17:00:00Z,JAX,NE,NE@JAX,draftkings,spreads,JAX,-2.5,-110
2026-09-18T17:43:07Z,2026-09-27T17:00:00Z,JAX,NE,NE@JAX,draftkings,spreads,NE,2.5,-110
2026-09-18T17:43:07Z,2026-09-27T17:00:00Z,JAX,NE,NE@JAX,draftkings,totals,Over,45.5,-110
2026-09-18T17:43:07Z,2026-09-27T17:00:00Z,JAX,NE,NE@JAX,draftkings,totals,Under,45.5,-110
2026-09-18T17:43:07Z,2026-09-27T17:00:00Z,JAX,NE,NE@JAX,fanduel,h2h,JAX,,-132
2026-09-18T17:43:07Z,2026-09-27T17:00:00Z,JAX,NE,NE@JAX,fanduel,h2h,NE,,112
2026-09-18T17:43:07Z,2026-09-27T17:00:00Z,JAX,NE,NE@JAX,fanduel,spreads,JAX,-1.5,-115
2026-09-18T17:43:07Z,2026-09-27T17:00:00Z,JAX,NE,NE@JAX,fanduel,spreads,NE,1.5,-105
2026-09-18T17:43:07Z,2026-09-27T17:00:00Z,JAX,NE,NE@JAX,fanduel,totals,Over,46.5,-105
2026-09-18T17:43:07Z,2026-09-27T17:00:00Z,JAX,NE,NE@JAX,fanduel,totals,Under,46.5,-115
2026-09-18T17:43:07Z,2026-09-27T17:00:00Z,JAX,NE,NE@JAX,lowvig,spreads,JAX,-2.5,100
2026-09-18T17:43:07Z,2026-09-27T17:00:00Z,JAX,NE,NE@JAX,lowvig,spreads,NE,2.5,-110
2026-09-18T17:43:07Z,2026-09-27T17:00:00Z,JAX,NE,NE@JAX,lowvig,totals,Over,45.5,-107
2026-09-18T17:43:07Z,2026-09-27T17:00:00Z,JAX,NE,NE@JAX,lowvig,totals,Under,45.5,-107
2026-09-18T17:43:07Z,2026-09-20T17:00:00Z,BAL,NO,NO@BAL,betmgm,h2h,BAL,,-425
2026-09-18T17:43:07Z,2026-09-20T17:00:00Z,BAL,NO,NO@BAL,betmgm,h2h,NO,,320
2026-09-18T17:43:07Z,2026-09-20T17:00:00Z,BAL,NO,NO@BAL,betmgm,spreads,BAL,-8.5,-108
2026-09-18T17:43:07Z,2026-09-20T17:00:00Z,BAL,NO,NO@BAL,betmgm,spreads,NO,8.5,-110
2026-09-18T17:43:07Z,2026-09-20T17:00:00Z,BAL,NO,NO@BAL,betmgm,totals,Over,46.0,-110
2026-09-18T17:43:07Z,2026-09-20T17:00:00Z,BAL,NO,NO@BAL,betmgm,totals,Under,46.0,-108
2026-09-18T17:43:07Z,2026-09-20T17:00:00Z,BAL,NO,NO@BAL,betonlineag,h2h,BAL,,-410
2026-09-18T17:43:07Z,2026-09-20T17:00:00Z,BAL,NO,NO@BAL,betonlineag,h2h,NO,,324
2026-09-18T17:43:07Z,2026-09-20T17:00:00Z,BAL,NO,NO@BAL,betonlineag,spreads,BAL,-9.0,101
2026-09-18T17:43:07Z,2026-09-20T17:00:00Z,BAL,NO,NO@BAL,betonlineag,spreads,NO,9.0,-121
2026-09-18T17:43:07Z,2026-09-20T17:00:00Z,BAL,NO,NO@BAL,betonlineag,totals,Over,46.0,-110
2026-09-18T17:43:07Z,2026-09-20T17:00:00Z,BAL,NO,NO@BAL,betonlineag,totals,Under,46.0,-110
2026-09-18T17:43:07Z,2026-09-20T17:00:00Z,BAL,NO,NO@BAL,betrivers,h2h,BAL,,-435
2026-09-18T17:43:07Z,2026-09-20T17:00:00Z,BAL,NO,NO@BAL,betrivers,h2h,NO,,325
2026-09-18T17:43:07Z,2026-09-20T17:00:00Z,BAL,NO,NO@BAL,betrivers,spreads,BAL,-8.5,-108
2026-09-18T17:43:07Z,2026-09-20T17:00:00Z,BAL,NO,NO@BAL,betrivers,spreads,NO,8.5,-113
2026-09-18T17:43:07Z,2026-09-20T17:00:00Z,BAL,NO,NO@BAL,betrivers,totals,Over,46.5,-108
2026-09-18T17:43:07Z,2026-09-20T17:00:00Z,BAL,NO,NO@BAL,betrivers,totals,Under,46.5,-113
2026-09-18T17:43:07Z,2026-09-20T17:00:00Z,BAL,NO,NO@BAL,betus,h2h,BAL,,-410
2026-09-18T17:43:07Z,2026-09-20T17:00:00Z,BAL,NO,NO@BAL,betus,h2h,NO,,325
2026-09-18T17:43:07Z,2026-09-20T17:00:00Z,BAL,NO,NO@BAL,betus,spreads,BAL,-9.0,100
2026-09-18T17:43:07Z,2026-09-20T17:00:00Z,BAL,NO,NO@BAL,betus,spreads,NO,9.0,-120
2026-09-18T17:43:07Z,2026-09-20T17:00:00Z,BAL,NO,NO@BAL,betus,totals,Over,46.0,-110
2026-09-18T17:43:07Z,2026-09-20T17:00:00Z,BAL,NO,NO@BAL,betus,totals,Under,46.0,-110
2026-09-18T17:43:07Z,2026-09-20T17:00:00Z,BAL,NO,NO@BAL,bovada,h2h,BAL,,-435
2026-09-18T17:43:07Z,2026-09-20T17:00:00Z,BAL,NO,NO@BAL,bovada,h2h,NO,,325
2026-09-18T17:43:07Z,2026-09-20T17:00:00Z,BAL,NO,NO@BAL,bovada,spreads,BAL,-8.0,-110
2026-09-18T17:43:07Z,2026-09-20T17:00:00Z,BAL,NO,NO@BAL,bovada,spreads,NO,8.0,-110
2026-09-18T17:43:07Z,2026-09-20T17:00:00Z,BAL,NO,NO@BAL,bovada,totals,Over,46.5,-105
2026-09-18T17:43:07Z,2026-09-20T17:00:00Z,BAL,NO,NO@BAL,bovada,totals,Under,46.5,-115
2026-09-18T17:43:07Z,2026-09-20T17:00:00Z,BAL,NO,NO@BAL,draftkings,h2h,BAL,,-410
2026-09-18T17:43:07Z,2026-09-20T17:00:00Z,BAL,NO,NO@BAL,draftkings,h2h,NO,,320
2026-09-18T17:43:07Z,2026-09-20T17:00:00Z,BAL,NO,NO@BAL,draftkings,spreads,BAL,-8.5,-108
2026-09-18T17:43:07Z,2026-09-20T17:00:00Z,BAL,NO,NO@BAL,draftkings,spreads,NO,8.5,-112
2026-09-18T17:43:07Z,2026-09-20T17:00:00Z,BAL,NO,NO@BAL,draftkings,totals,Over,46.5,-110
2026-09-18T17:43:07Z,2026-09-20T17:00:00Z,BAL,NO,NO@BAL,draftkings,totals,Under,46.5,-110
2026-09-18T17:43:07Z,2026-09-20T17:00:00Z,BAL,NO,NO@BAL,fanduel,h2h,BAL,,-430
2026-09-18T17:43:07Z,2026-09-20T17:00:00Z,BAL,NO,NO@BAL,fanduel,h2h,NO,,340
2026-09-18T17:43:07Z,2026-09-20T17:00:00Z,BAL,NO,NO@BAL,fanduel,spreads,BAL,-8.5,-105
2026-09-18T17:43:07Z,2026-09-20T17:00:00Z,BAL,NO,NO@BAL,fanduel,spreads,NO,8.5,-115
2026-09-18T17:43:07Z,2026-09-20T17:00:00Z,BAL,NO,NO@BAL,fanduel,totals,Over,46.5,-104
2026-09-18T17:43:07Z,2026-09-20T17:00:00Z,BAL,NO,NO@BAL,fanduel,totals,Under,46.5,-118
2026-09-18T17:43:07Z,2026-09-20T17:00:00Z,BAL,NO,NO@BAL,lowvig,h2h,BAL,,-410
2026-09-18T17:43:07Z,2026-09-20T17:00:00Z,BAL,NO,NO@BAL,lowvig,h2h,NO,,324
2026-09-18T17:43:07Z,2026-09-20T17:00:00Z,BAL,NO,NO@BAL,lowvig,spreads,BAL,-9.0,106
2026-09-18T17:43:07Z,2026-09-20T17:00:00Z,BAL,NO,NO@BAL,lowvig,spreads,NO,9.0,-117
2026-09-18T17:43:07Z,2026-09-20T17:00:00Z,BAL,NO,NO@BAL,lowvig,totals,Over,46.0,-107
2026-09-18T17:43:07Z,2026-09-20T17:00:00Z,BAL,NO,NO@BAL,lowvig,totals,Under,46.0,-107
2026-09-18T17:43:07Z,2026-09-22T00:15:00Z,LA,NYG,NYG@LA,betmgm,h2h,LA,,-325
2026-09-18T17:43:07Z,2026-09-22T00:15:00Z,LA,NYG,NYG@LA,betmgm,h2h,NYG,,270
2026-09-18T17:43:07Z,2026-09-22T00:15:00Z,LA,NYG,NYG@LA,betmgm,spreads,LA,-7.0,-115
2026-09-18T17:43:07Z,2026-09-22T00:15:00Z,LA,NYG,NYG@LA,betmgm,spreads,NYG,7.0,-105
2026-09-18T17:43:07Z,2026-09-22T00:15:00Z,LA,NYG,NYG@LA,betmgm,totals,Over,48.0,-108
2026-09-18T17:43:07Z,2026-09-22T00:15:00Z,LA,NYG,NYG@LA,betmgm,totals,Under,48.0,-110
2026-09-18T17:43:07Z,2026-09-22T00:15:00Z,LA,NYG,NYG@LA,betonlineag,h2h,LA,,-335
2026-09-18T17:43:07Z,2026-09-22T00:15:00Z,LA,NYG,NYG@LA,betonlineag,h2h,NYG,,270
2026-09-18T17:43:07Z,2026-09-22T00:15:00Z,LA,NYG,NYG@LA,betonlineag,spreads,LA,-7.0,-115
2026-09-18T17:43:07Z,2026-09-22T00:15:00Z,LA,NYG,NYG@LA,betonlineag,spreads,NYG,7.0,-105
2026-09-18T17:43:07Z,2026-09-22T00:15:00Z,LA,NYG,NYG@LA,betonlineag,totals,Over,48.0,-110
2026-09-18T17:43:07Z,2026-09-22T00:15:00Z,LA,NYG,NYG@LA,betonlineag,totals,Under,48.0,-110
2026-09-18T17:43:07Z,2026-09-22T00:15:00Z,LA,NYG,NYG@LA,betrivers,h2h,LA,,-360
2026-09-18T17:43:07Z,2026-09-22T00:15:00Z,LA,NYG,NYG@LA,betrivers,h2h,NYG,,270
2026-09-18T17:43:07Z,2026-09-22T00:15:00Z,LA,NYG,NYG@LA,betrivers,spreads,LA,-7.0,-112
2026-09-18T17:43:07Z,2026-09-22T00:15:00Z,LA,NYG,NYG@LA,betrivers,spreads,NYG,7.0,-109
2026-09-18T17:43:07Z,2026-09-22T00:15:00Z,LA,NYG,NYG@LA,betrivers,totals,Over,48.0,-113
2026-09-18T17:43:07Z,2026-09-22T00:15:00Z,LA,NYG,NYG@LA,betrivers,totals,Under,48.0,-108
2026-09-18T17:43:07Z,2026-09-22T00:15:00Z,LA,NYG,NYG@LA,betus,h2h,LA,,-335
2026-09-18T17:43:07Z,2026-09-22T00:15:00Z,LA,NYG,NYG@LA,betus,h2h,NYG,,272
2026-09-18T17:43:07Z,2026-09-22T00:15:00Z,LA,NYG,NYG@LA,betus,spreads,LA,-7.0,-115
2026-09-18T17:43:07Z,2026-09-22T00:15:00Z,LA,NYG,NYG@LA,betus,spreads,NYG,7.0,-105
2026-09-18T17:43:07Z,2026-09-22T00:15:00Z,LA,NYG,NYG@LA,betus,totals,Over,48.0,-110
2026-09-18T17:43:07Z,2026-09-22T00:15:00Z,LA,NYG,NYG@LA,betus,totals,Under,48.0,-110
2026-09-18T17:43:07Z,2026-09-22T00:15:00Z,LA,NYG,NYG@LA,bovada,h2h,LA,,-350
2026-09-18T17:43:07Z,2026-09-22T00:15:00Z,LA,NYG,NYG@LA,bovada,h2h,NYG,,275
2026-09-18T17:43:07Z,2026-09-22T00:15:00Z,LA,NYG,NYG@LA,bovada,spreads,LA,-7.0,-115
2026-09-18T17:43:07Z,2026-09-22T00:15:00Z,LA,NYG,NYG@LA,bovada,spreads,NYG,7.0,-105
2026-09-18T17:43:07Z,2026-09-22T00:15:00Z,LA,NYG,NYG@LA,bovada,totals,Over,48.0,-110
2026-09-18T17:43:07Z,2026-09-22T00:15:00Z,LA,NYG,NYG@LA,bovada,totals,Under,48.0,-110
2026-09-18T17:43:07Z,2026-09-22T00:15:00Z,LA,NYG,NYG@LA,draftkings,h2h,LA,,-375
2026-09-18T17:43:07Z,2026-09-22T00:15:00Z,LA,NYG,NYG@LA,draftkings,h2h,NYG,,295
2026-09-18T17:43:07Z,2026-09-22T00:15:00Z,LA,NYG,NYG@LA,draftkings,spreads,LA,-7.0,-118
2026-09-18T17:43:07Z,2026-09-22T00:15:00Z,LA,NYG,NYG@LA,draftkings,spreads,NYG,7.0,-102
2026-09-18T17:43:07Z,2026-09-22T00:15:00Z,LA,NYG,NYG@LA,draftkings,totals,Over,48.5,-105
2026-09-18T17:43:07Z,2026-09-22T00:15:00Z,LA,NYG,NYG@LA,draftkings,totals,Under,48.5,-115
2026-09-18T17:43:07Z,2026-09-22T00:15:00Z,LA,NYG,NYG@LA,fanduel,h2h,LA,,-340
2026-09-18T17:43:07Z,2026-09-22T00:15:00Z,LA,NYG,NYG@LA,fanduel,h2h,NYG,,275
2026-09-18T17:43:07Z,2026-09-22T00:15:00Z,LA,NYG,NYG@LA,fanduel,spreads,LA,-7.5,-104
2026-09-18T17:43:07Z,2026-09-22T00:15:00Z,LA,NYG,NYG@LA,fanduel,spreads,NYG,7.5,-118
2026-09-18T17:43:07Z,2026-09-22T00:15:00Z,LA,NYG,NYG@LA,fanduel,totals,Over,47.5,-118
2026-09-18T17:43:07Z,2026-09-22T00:15:00Z,LA,NYG,NYG@LA,fanduel,totals,Under,47.5,-104
2026-09-18T17:43:07Z,2026-09-22T00:15:00Z,LA,NYG,NYG@LA,lowvig,h2h,LA,,-335
2026-09-18T17:43:07Z,2026-09-22T00:15:00Z,LA,NYG,NYG@LA,lowvig,h2h,NYG,,270
2026-09-18T17:43:07Z,2026-09-22T00:15:00Z,LA,NYG,NYG@LA,lowvig,spreads,LA,-7.0,-109
2026-09-18T17:43:07Z,2026-09-22T00:15:00Z,LA,NYG,NYG@LA,lowvig,spreads,NYG,7.0,-101
2026-09-18T17:43:07Z,2026-09-22T00:15:00Z,LA,NYG,NYG@LA,lowvig,totals,Over,48.0,-107
2026-09-18T17:43:07Z,2026-09-22T00:15:00Z,LA,NYG,NYG@LA,lowvig,totals,Under,48.0,-107
2026-09-18T17:43:07Z,2026-09-29T00:15:00Z,CHI,PHI,PHI@CHI,betonlineag,spreads,CHI,-1.5,-110
2026-09-18T17:43:07Z,2026-09-29T00:15:00Z,CHI,PHI,PHI@CHI,betonlineag,spreads,PHI,1.5,-110
2026-09-18T17:43:07Z,2026-09-29T00:15:00Z,CHI,PHI,PHI@CHI,betonlineag,totals,Over,47.5,-110
2026-09-18T17:43:07Z,2026-09-29T00:15:00Z,CHI,PHI,PHI@CHI,betonlineag,totals,Under,47.5,-110
2026-09-18T17:43:07Z,2026-09-29T00:15:00Z,CHI,PHI,PHI@CHI,betrivers,h2h,CHI,,-125
2026-09-18T17:43:07Z,2026-09-29T00:15:00Z,CHI,PHI,PHI@CHI,betrivers,h2h,PHI,,104
2026-09-18T17:43:07Z,2026-09-29T00:15:00Z,CHI,PHI,PHI@CHI,betrivers,spreads,CHI,-1.5,-112
2026-09-18T17:43:07Z,2026-09-29T00:15:00Z,CHI,PHI,PHI@CHI,betrivers,spreads,PHI,1.5,-109
2026-09-18T17:43:07Z,2026-09-29T00:15:00Z,CHI,PHI,PHI@CHI,betrivers,totals,Over,48.0,-108
2026-09-18T17:43:07Z,2026-09-29T00:15:00Z,CHI,PHI,PHI@CHI,betrivers,totals,Under,48.0,-113
2026-09-18T17:43:07Z,2026-09-29T00:15:00Z,CHI,PHI,PHI@CHI,betus,spreads,CHI,-1.5,-110
2026-09-18T17:43:07Z,2026-09-29T00:15:00Z,CHI,PHI,PHI@CHI,betus,spreads,PHI,1.5,-110
2026-09-18T17:43:07Z,2026-09-29T00:15:00Z,CHI,PHI,PHI@CHI,betus,totals,Over,47.5,-110
2026-09-18T17:43:07Z,2026-09-29T00:15:00Z,CHI,PHI,PHI@CHI,betus,totals,Under,47.5,-110
2026-09-18T17:43:07Z,2026-09-29T00:15:00Z,CHI,PHI,PHI@CHI,draftkings,h2h,CHI,,-118
2026-09-18T17:43:07Z,2026-09-29T00:15:00Z,CHI,PHI,PHI@CHI,draftkings,h2h,PHI,,-102
2026-09-18T17:43:07Z,2026-09-29T00:15:00Z,CHI,PHI,PHI@CHI,draftkings,spreads,CHI,-1.5,-105
2026-09-18T17:43:07Z,2026-09-29T00:15:00Z,CHI,PHI,PHI@CHI,draftkings,spreads,PHI,1.5,-115
2026-09-18T17:43:07Z,2026-09-29T00:15:00Z,CHI,PHI,PHI@CHI,draftkings,totals,Over,47.5,-110
2026-09-18T17:43:07Z,2026-09-29T00:15:00Z,CHI,PHI,PHI@CHI,draftkings,totals,Under,47.5,-110
2026-09-18T17:43:07Z,2026-09-29T00:15:00Z,CHI,PHI,PHI@CHI,fanduel,h2h,CHI,,-112
2026-09-18T17:43:07Z,2026-09-29T00:15:00Z,CHI,PHI,PHI@CHI,fanduel,h2h,PHI,,-104
2026-09-18T17:43:07Z,2026-09-29T00:15:00Z,CHI,PHI,PHI@CHI,fanduel,spreads,CHI,-1.5,-104
2026-09-18T17:43:07Z,2026-09-29T00:15:00Z,CHI,PHI,PHI@CHI,fanduel,spreads,PHI,1.5,-118
2026-09-18T17:43:07Z,2026-09-29T00:15:00Z,CHI,PHI,PHI@CHI,fanduel,totals,Over,48.5,-102
2026-09-18T17:43:07Z,2026-09-29T00:15:00Z,CHI,PHI,PHI@CHI,fanduel,totals,Under,48.5,-120
2026-09-18T17:43:07Z,2026-09-29T00:15:00Z,CHI,PHI,PHI@CHI,lowvig,spreads,CHI,-1.5,-105
2026-09-18T17:43:07Z,2026-09-29T00:15:00Z,CHI,PHI,PHI@CHI,lowvig,spreads,PHI,1.5,-105
2026-09-18T17:43:07Z,2026-09-29T00:15:00Z,CHI,PHI,PHI@CHI,lowvig,totals,Over,47.5,-107
2026-09-18T17:43:07Z,2026-09-29T00:15:00Z,CHI,PHI,PHI@CHI,lowvig,totals,Under,47.5,-107
2026-09-18T17:43:07Z,2026-09-20T17:00:00Z,TEN,PHI,PHI@TEN,betmgm,h2h,PHI,,-325
2026-09-18T17:43:07Z,2026-09-20T17:00:00Z,TEN,PHI,PHI@TEN,betmgm,h2h,TEN,,270
2026-09-18T17:43:07Z,2026-09-20T17:00:00Z,TEN,PHI,PHI@TEN,betmgm,spreads,PHI,-7.0,-115
2026-09-18T17:43:07Z,2026-09-20T17:00:00Z,TEN,PHI,PHI@TEN,betmgm,spreads,TEN,7.0,-105
2026-09-18T17:43:07Z,2026-09-20T17:00:00Z,TEN,PHI,PHI@TEN,betmgm,totals,Over,39.5,-110
2026-09-18T17:43:07Z,2026-09-20T17:00:00Z,TEN,PHI,PHI@TEN,betmgm,totals,Under,39.5,-108
2026-09-18T17:43:07Z,2026-09-20T17:00:00Z,TEN,PHI,PHI@TEN,betonlineag,h2h,PHI,,-340
2026-09-18T17:43:07Z,2026-09-20T17:00:00Z,TEN,PHI,PHI@TEN,betonlineag,h2h,TEN,,274
2026-09-18T17:43:07Z,2026-09-20T17:00:00Z,TEN,PHI,PHI@TEN,betonlineag,spreads,PHI,-7.0,-113
2026-09-18T17:43:07Z,2026-09-20T17:00:00Z,TEN,PHI,PHI@TEN,betonlineag,spreads,TEN,7.0,-107
2026-09-18T17:43:07Z,2026-09-20T17:00:00Z,TEN,PHI,PHI@TEN,betonlineag,totals,Over,39.0,-110
2026-09-18T17:43:07Z,2026-09-20T17:00:00Z,TEN,PHI,PHI@TEN,betonlineag,totals,Under,39.0,-110
2026-09-18T17:43:07Z,2026-09-20T17:00:00Z,TEN,PHI,PHI@TEN,betrivers,h2h,PHI,,-345
2026-09-18T17:43:07Z,2026-09-20T17:00:00Z,TEN,PHI,PHI@TEN,betrivers,h2h,TEN,,265
2026-09-18T17:43:07Z,2026-09-20T17:00:00Z,TEN,PHI,PHI@TEN,betrivers,spreads,PHI,-7.0,-110
2026-09-18T17:43:07Z,2026-09-20T17:00:00Z,TEN,PHI,PHI@TEN,betrivers,spreads,TEN,7.0,-110
2026-09-18T17:43:07Z,2026-09-20T17:00:00Z,TEN,PHI,PHI@TEN,betrivers,totals,Over,39.5,-109
2026-09-18T17:43:07Z,2026-09-20T17:00:00Z,TEN,PHI,PHI@TEN,betrivers,totals,Under,39.5,-112
2026-09-18T17:43:07Z,2026-09-20T17:00:00Z,TEN,PHI,PHI@TEN,betus,h2h,PHI,,-340
2026-09-18T17:43:07Z,2026-09-20T17:00:00Z,TEN,PHI,PHI@TEN,betus,h2h,TEN,,275
2026-09-18T17:43:07Z,2026-09-20T17:00:00Z,TEN,PHI,PHI@TEN,betus,spreads,PHI,-7.0,-115
2026-09-18T17:43:07Z,2026-09-20T17:00:00Z,TEN,PHI,PHI@TEN,betus,spreads,TEN,7.0,-105
2026-09-18T17:43:07Z,2026-09-20T17:00:00Z,TEN,PHI,PHI@TEN,betus,totals,Over,39.0,-110
2026-09-18T17:43:07Z,2026-09-20T17:00:00Z,TEN,PHI,PHI@TEN,betus,totals,Under,39.0,-110
2026-09-18T17:43:07Z,2026-09-20T17:00:00Z,TEN,PHI,PHI@TEN,bovada,h2h,PHI,,-340
2026-09-18T17:43:07Z,2026-09-20T17:00:00Z,TEN,PHI,PHI@TEN,bovada,h2h,TEN,,270
2026-09-18T17:43:07Z,2026-09-20T17:00:00Z,TEN,PHI,PHI@TEN,bovada,spreads,PHI,-7.0,-115
2026-09-18T17:43:07Z,2026-09-20T17:00:00Z,TEN,PHI,PHI@TEN,bovada,spreads,TEN,7.0,-105
2026-09-18T17:43:07Z,2026-09-20T17:00:00Z,TEN,PHI,PHI@TEN,bovada,totals,Over,39.5,-115
2026-09-18T17:43:07Z,2026-09-20T17:00:00Z,TEN,PHI,PHI@TEN,bovada,totals,Under,39.5,-105
2026-09-18T17:43:07Z,2026-09-20T17:00:00Z,TEN,PHI,PHI@TEN,draftkings,h2h,PHI,,-310
2026-09-18T17:43:07Z,2026-09-20T17:00:00Z,TEN,PHI,PHI@TEN,draftkings,h2h,TEN,,250
2026-09-18T17:43:07Z,2026-09-20T17:00:00Z,TEN,PHI,PHI@TEN,draftkings,spreads,PHI,-7.0,-110
2026-09-18T17:43:07Z,2026-09-20T17:00:00Z,TEN,PHI,PHI@TEN,draftkings,spreads,TEN,7.0,-110
2026-09-18T17:43:07Z,2026-09-20T17:00:00Z,TEN,PHI,PHI@TEN,draftkings,totals,Over,39.5,-110
2026-09-18T17:43:07Z,2026-09-20T17:00:00Z,TEN,PHI,PHI@TEN,draftkings,totals,Under,39.5,-110
2026-09-18T17:43:07Z,2026-09-20T17:00:00Z,TEN,PHI,PHI@TEN,fanduel,h2h,PHI,,-350
2026-09-18T17:43:07Z,2026-09-20T17:00:00Z,TEN,PHI,PHI@TEN,fanduel,h2h,TEN,,280
2026-09-18T17:43:07Z,2026-09-20T17:00:00Z,TEN,PHI,PHI@TEN,fanduel,spreads,PHI,-7.0,-110
2026-09-18T17:43:07Z,2026-09-20T17:00:00Z,TEN,PHI,PHI@TEN,fanduel,spreads,TEN,7.0,-110
2026-09-18T17:43:07Z,2026-09-20T17:00:00Z,TEN,PHI,PHI@TEN,fanduel,totals,Over,39.5,-110
2026-09-18T17:43:07Z,2026-09-20T17:00:00Z,TEN,PHI,PHI@TEN,fanduel,totals,Under,39.5,-110
2026-09-18T17:43:07Z,2026-09-20T17:00:00Z,TEN,PHI,PHI@TEN,lowvig,h2h,PHI,,-340
2026-09-18T17:43:07Z,2026-09-20T17:00:00Z,TEN,PHI,PHI@TEN,lowvig,h2h,TEN,,274
2026-09-18T17:43:07Z,2026-09-20T17:00:00Z,TEN,PHI,PHI@TEN,lowvig,spreads,PHI,-7.0,-108
2026-09-18T17:43:07Z,2026-09-20T17:00:00Z,TEN,PHI,PHI@TEN,lowvig,spreads,TEN,7.0,-102
2026-09-18T17:43:07Z,2026-09-20T17:00:00Z,TEN,PHI,PHI@TEN,lowvig,totals,Over,39.0,-107
2026-09-18T17:43:07Z,2026-09-20T17:00:00Z,TEN,PHI,PHI@TEN,lowvig,totals,Under,39.0,-107
2026-09-18T17:43:07Z,2026-09-20T17:00:00Z,NE,PIT,PIT@NE,betmgm,h2h,NE,,-235
2026-09-18T17:43:07Z,2026-09-20T17:00:00Z,NE,PIT,PIT@NE,betmgm,h2h,PIT,,195
2026-09-18T17:43:07Z,2026-09-20T17:00:00Z,NE,PIT,PIT@NE,betmgm,spreads,NE,-5.0,-110
2026-09-18T17:43:07Z,2026-09-20T17:00:00Z,NE,PIT,PIT@NE,betmgm,spreads,PIT,5.0,-108
2026-09-18T17:43:07Z,2026-09-20T17:00:00Z,NE,PIT,PIT@NE,betmgm,totals,Over,41.5,-110
2026-09-18T17:43:07Z,2026-09-20T17:00:00Z,NE,PIT,PIT@NE,betmgm,totals,Under,41.5,-110
2026-09-18T17:43:07Z,2026-09-20T17:00:00Z,NE,PIT,PIT@NE,betonlineag,h2h,NE,,-240
2026-09-18T17:43:07Z,2026-09-20T17:00:00Z,NE,PIT,PIT@NE,betonlineag,h2h,PIT,,200
2026-09-18T17:43:07Z,2026-09-20T17:00:00Z,NE,PIT,PIT@NE,betonlineag,spreads,NE,-5.0,-110
2026-09-18T17:43:07Z,2026-09-20T17:00:00Z,NE,PIT,PIT@NE,betonlineag,spreads,PIT,5.0,-110
2026-09-18T17:43:07Z,2026-09-20T17:00:00Z,NE,PIT,PIT@NE,betonlineag,totals,Over,41.5,-110
2026-09-18T17:43:07Z,2026-09-20T17:00:00Z,NE,PIT,PIT@NE,betonlineag,totals,Under,41.5,-110
2026-09-18T17:43:07Z,2026-09-20T17:00:00Z,NE,PIT,PIT@NE,betrivers,h2h,NE,,-240
2026-09-18T17:43:07Z,2026-09-20T17:00:00Z,NE,PIT,PIT@NE,betrivers,h2h,PIT,,195
2026-09-18T17:43:07Z,2026-09-20T17:00:00Z,NE,PIT,PIT@NE,betrivers,spreads,NE,-5.5,-110
2026-09-18T17:43:07Z,2026-09-20T17:00:00Z,NE,PIT,PIT@NE,betrivers,spreads,PIT,5.5,-110
2026-09-18T17:43:07Z,2026-09-20T17:00:00Z,NE,PIT,PIT@NE,betrivers,totals,Over,41.5,-110
2026-09-18T17:43:07Z,2026-09-20T17:00:00Z,NE,PIT,PIT@NE,betrivers,totals,Under,41.5,-110
2026-09-18T17:43:07Z,2026-09-20T17:00:00Z,NE,PIT,PIT@NE,betus,h2h,NE,,-235
2026-09-18T17:43:07Z,2026-09-20T17:00:00Z,NE,PIT,PIT@NE,betus,h2h,PIT,,200
2026-09-18T17:43:07Z,2026-09-20T17:00:00Z,NE,PIT,PIT@NE,betus,spreads,NE,-5.0,-110
2026-09-18T17:43:07Z,2026-09-20T17:00:00Z,NE,PIT,PIT@NE,betus,spreads,PIT,5.0,-110
2026-09-18T17:43:07Z,2026-09-20T17:00:00Z,NE,PIT,PIT@NE,betus,totals,Over,41.5,-110
2026-09-18T17:43:07Z,2026-09-20T17:00:00Z,NE,PIT,PIT@NE,betus,totals,Under,41.5,-110
2026-09-18T17:43:07Z,2026-09-20T17:00:00Z,NE,PIT,PIT@NE,bovada,h2h,NE,,-245
2026-09-18T17:43:07Z,2026-09-20T17:00:00Z,NE,PIT,PIT@NE,bovada,h2h,PIT,,205
2026-09-18T17:43:07Z,2026-09-20T17:00:00Z,NE,PIT,PIT@NE,bovada,spreads,NE,-5.0,-110
2026-09-18T17:43:07Z,2026-09-20T17:00:00Z,NE,PIT,PIT@NE,bovada,spreads,PIT,5.0,-110
2026-09-18T17:43:07Z,2026-09-20T17:00:00Z,NE,PIT,PIT@NE,bovada,totals,Over,41.5,-110
2026-09-18T17:43:07Z,2026-09-20T17:00:00Z,NE,PIT,PIT@NE,bovada,totals,Under,41.5,-110
2026-09-18T17:43:07Z,2026-09-20T17:00:00Z,NE,PIT,PIT@NE,draftkings,h2h,NE,,-218
2026-09-18T17:43:07Z,2026-09-20T17:00:00Z,NE,PIT,PIT@NE,draftkings,h2h,PIT,,180
2026-09-18T17:43:07Z,2026-09-20T17:00:00Z,NE,PIT,PIT@NE,draftkings,spreads,NE,-5.5,-105
2026-09-18T17:43:07Z,2026-09-20T17:00:00Z,NE,PIT,PIT@NE,draftkings,spreads,PIT,5.5,-115
2026-09-18T17:43:07Z,2026-09-20T17:00:00Z,NE,PIT,PIT@NE,draftkings,totals,Over,41.5,-112
2026-09-18T17:43:07Z,2026-09-20T17:00:00Z,NE,PIT,PIT@NE,draftkings,totals,Under,41.5,-108
2026-09-18T17:43:07Z,2026-09-20T17:00:00Z,NE,PIT,PIT@NE,fanduel,h2h,NE,,-250
2026-09-18T17:43:07Z,2026-09-20T17:00:00Z,NE,PIT,PIT@NE,fanduel,h2h,PIT,,205
2026-09-18T17:43:07Z,2026-09-20T17:00:00Z,NE,PIT,PIT@NE,fanduel,spreads,NE,-4.5,-120
2026-09-18T17:43:07Z,2026-09-20T17:00:00Z,NE,PIT,PIT@NE,fanduel,spreads,PIT,4.5,-102
2026-09-18T17:43:07Z,2026-09-20T17:00:00Z,NE,PIT,PIT@NE,fanduel,totals,Over,41.5,-110
2026-09-18T17:43:07Z,2026-09-20T17:00:00Z,NE,PIT,PIT@NE,fanduel,totals,Under,41.5,-110
2026-09-18T17:43:07Z,2026-09-20T17:00:00Z,NE,PIT,PIT@NE,lowvig,h2h,NE,,-240
2026-09-18T17:43:07Z,2026-09-20T17:00:00Z,NE,PIT,PIT@NE,lowvig,h2h,PIT,,200
2026-09-18T17:43:07Z,2026-09-20T17:00:00Z,NE,PIT,PIT@NE,lowvig,spreads,NE,-5.0,-105
2026-09-18T17:43:07Z,2026-09-20T17:00:00Z,NE,PIT,PIT@NE,lowvig,spreads,PIT,5.0,-105
2026-09-18T17:43:07Z,2026-09-20T17:00:00Z,NE,PIT,PIT@NE,lowvig,totals,Over,41.5,-107
2026-09-18T17:43:07Z,2026-09-20T17:00:00Z,NE,PIT,PIT@NE,lowvig,totals,Under,41.5,-107
2026-09-18T17:43:07Z,2026-09-20T20:25:00Z,ARI,SEA,SEA@ARI,betmgm,h2h,ARI,,175
2026-09-18T17:43:07Z,2026-09-20T20:25:00Z,ARI,SEA,SEA@ARI,betmgm,h2h,SEA,,-210
2026-09-18T17:43:07Z,2026-09-20T20:25:00Z,ARI,SEA,SEA@ARI,betmgm,spreads,ARI,4.0,-112
2026-09-18T17:43:07Z,2026-09-20T20:25:00Z,ARI,SEA,SEA@ARI,betmgm,spreads,SEA,-4.0,-105
2026-09-18T17:43:07Z,2026-09-20T20:25:00Z,ARI,SEA,SEA@ARI,betmgm,totals,Over,41.0,-110
2026-09-18T17:43:07Z,2026-09-20T20:25:00Z,ARI,SEA,SEA@ARI,betmgm,totals,Under,41.0,-120
2026-09-18T17:43:07Z,2026-09-20T20:25:00Z,ARI,SEA,SEA@ARI,betonlineag,h2h,ARI,,174
2026-09-18T17:43:07Z,2026-09-20T20:25:00Z,ARI,SEA,SEA@ARI,betonlineag,h2h,SEA,,-200
2026-09-18T17:43:07Z,2026-09-20T20:25:00Z,ARI,SEA,SEA@ARI,betonlineag,spreads,ARI,4.0,-112
2026-09-18T17:43:07Z,2026-09-20T20:25:00Z,ARI,SEA,SEA@ARI,betonlineag,spreads,SEA,-4.0,-108
2026-09-18T17:43:07Z,2026-09-20T20:25:00Z,ARI,SEA,SEA@ARI,betonlineag,totals,Over,40.5,-113
2026-09-18T17:43:07Z,2026-09-20T20:25:00Z,ARI,SEA,SEA@ARI,betonlineag,totals,Under,40.5,-107
2026-09-18T17:43:07Z,2026-09-20T20:25:00Z,ARI,SEA,SEA@ARI,betrivers,h2h,ARI,,170
2026-09-18T17:43:07Z,2026-09-20T20:25:00Z,ARI,SEA,SEA@ARI,betrivers,h2h,SEA,,-210
2026-09-18T17:43:07Z,2026-09-20T20:25:00Z,ARI,SEA,SEA@ARI,betrivers,spreads,ARI,4.0,-110
2026-09-18T17:43:07Z,2026-09-20T20:25:00Z,ARI,SEA,SEA@ARI,betrivers,spreads,SEA,-4.0,-110
2026-09-18T17:43:07Z,2026-09-20T20:25:00Z,ARI,SEA,SEA@ARI,betrivers,totals,Over,41.0,-110
2026-09-18T17:43:07Z,2026-09-20T20:25:00Z,ARI,SEA,SEA@ARI,betrivers,totals,Under,41.0,-110
2026-09-18T17:43:07Z,2026-09-20T20:25:00Z,ARI,SEA,SEA@ARI,betus,h2h,ARI,,170
2026-09-18T17:43:07Z,2026-09-20T20:25:00Z,ARI,SEA,SEA@ARI,betus,h2h,SEA,,-200
2026-09-18T17:43:07Z,2026-09-20T20:25:00Z,ARI,SEA,SEA@ARI,betus,spreads,ARI,4.0,-110
2026-09-18T17:43:07Z,2026-09-20T20:25:00Z,ARI,SEA,SEA@ARI,betus,spreads,SEA,-4.0,-110
2026-09-18T17:43:07Z,2026-09-20T20:25:00Z,ARI,SEA,SEA@ARI,betus,totals,Over,41.0,-110
2026-09-18T17:43:07Z,2026-09-20T20:25:00Z,ARI,SEA,SEA@ARI,betus,totals,Under,41.0,-110
2026-09-18T17:43:07Z,2026-09-20T20:25:00Z,ARI,SEA,SEA@ARI,bovada,h2h,ARI,,170
2026-09-18T17:43:07Z,2026-09-20T20:25:00Z,ARI,SEA,SEA@ARI,bovada,h2h,SEA,,-200
2026-09-18T17:43:07Z,2026-09-20T20:25:00Z,ARI,SEA,SEA@ARI,bovada,spreads,ARI,4.0,-115
2026-09-18T17:43:07Z,2026-09-20T20:25:00Z,ARI,SEA,SEA@ARI,bovada,spreads,SEA,-4.0,-105
2026-09-18T17:43:07Z,2026-09-20T20:25:00Z,ARI,SEA,SEA@ARI,bovada,totals,Over,41.0,-110
2026-09-18T17:43:07Z,2026-09-20T20:25:00Z,ARI,SEA,SEA@ARI,bovada,totals,Under,41.0,-110
2026-09-18T17:43:07Z,2026-09-20T20:25:00Z,ARI,SEA,SEA@ARI,draftkings,h2h,ARI,,180
2026-09-18T17:43:07Z,2026-09-20T20:25:00Z,ARI,SEA,SEA@ARI,draftkings,h2h,SEA,,-218
2026-09-18T17:43:07Z,2026-09-20T20:25:00Z,ARI,SEA,SEA@ARI,draftkings,spreads,ARI,3.5,100
2026-09-18T17:43:07Z,2026-09-20T20:25:00Z,ARI,SEA,SEA@ARI,draftkings,spreads,SEA,-3.5,-120
2026-09-18T17:43:07Z,2026-09-20T20:25:00Z,ARI,SEA,SEA@ARI,draftkings,totals,Over,40.5,-115
2026-09-18T17:43:07Z,2026-09-20T20:25:00Z,ARI,SEA,SEA@ARI,draftkings,totals,Under,40.5,-105
2026-09-18T17:43:07Z,2026-09-20T20:25:00Z,ARI,SEA,SEA@ARI,fanduel,h2h,ARI,,176
2026-09-18T17:43:07Z,2026-09-20T20:25:00Z,ARI,SEA,SEA@ARI,fanduel,h2h,SEA,,-210
2026-09-18T17:43:07Z,2026-09-20T20:25:00Z,ARI,SEA,SEA@ARI,fanduel,spreads,ARI,4.5,-120
2026-09-18T17:43:07Z,2026-09-20T20:25:00Z,ARI,SEA,SEA@ARI,fanduel,spreads,SEA,-4.5,-102
2026-09-18T17:43:07Z,2026-09-20T20:25:00Z,ARI,SEA,SEA@ARI,fanduel,totals,Over,41.5,-102
2026-09-18T17:43:07Z,2026-09-20T20:25:00Z,ARI,SEA,SEA@ARI,fanduel,totals,Under,41.5,-120
2026-09-18T17:43:07Z,2026-09-20T20:25:00Z,ARI,SEA,SEA@ARI,lowvig,h2h,ARI,,174
2026-09-18T17:43:07Z,2026-09-20T20:25:00Z,ARI,SEA,SEA@ARI,lowvig,h2h,SEA,,-200
2026-09-18T17:43:07Z,2026-09-20T20:25:00Z,ARI,SEA,SEA@ARI,lowvig,spreads,ARI,4.0,-107
2026-09-18T17:43:07Z,2026-09-20T20:25:00Z,ARI,SEA,SEA@ARI,lowvig,spreads,SEA,-4.0,-103
2026-09-18T17:43:07Z,2026-09-20T20:25:00Z,ARI,SEA,SEA@ARI,lowvig,totals,Over,40.5,-110
2026-09-18T17:43:07Z,2026-09-20T20:25:00Z,ARI,SEA,SEA@ARI,lowvig,totals,Under,40.5,-104
2026-09-18T17:43:07Z,2026-09-27T17:00:00Z,WAS,SEA,SEA@WAS,betonlineag,spreads,SEA,-2.0,-110
2026-09-18T17:43:07Z,2026-09-27T17:00:00Z,WAS,SEA,SEA@WAS,betonlineag,spreads,WAS,2.0,-110
2026-09-18T17:43:07Z,2026-09-27T17:00:00Z,WAS,SEA,SEA@WAS,betonlineag,totals,Over,41.5,-110
2026-09-18T17:43:07Z,2026-09-27T17:00:00Z,WAS,SEA,SEA@WAS,betonlineag,totals,Under,41.5,-110
2026-09-18T17:43:07Z,2026-09-27T17:00:00Z,WAS,SEA,SEA@WAS,betrivers,h2h,SEA,,-136
2026-09-18T17:43:07Z,2026-09-27T17:00:00Z,WAS,SEA,SEA@WAS,betrivers,h2h,WAS,,112
2026-09-18T17:43:07Z,2026-09-27T17:00:00Z,WAS,SEA,SEA@WAS,betrivers,spreads,SEA,-2.5,-112
2026-09-18T17:43:07Z,2026-09-27T17:00:00Z,WAS,SEA,SEA@WAS,betrivers,spreads,WAS,2.5,-109
2026-09-18T17:43:07Z,2026-09-27T17:00:00Z,WAS,SEA,SEA@WAS,betrivers,totals,Over,42.0,-109
2026-09-18T17:43:07Z,2026-09-27T17:00:00Z,WAS,SEA,SEA@WAS,betrivers,totals,Under,42.0,-112
2026-09-18T17:43:07Z,2026-09-27T17:00:00Z,WAS,SEA,SEA@WAS,betus,spreads,SEA,-2.0,-110
2026-09-18T17:43:07Z,2026-09-27T17:00:00Z,WAS,SEA,SEA@WAS,betus,spreads,WAS,2.0,-110
2026-09-18T17:43:07Z,2026-09-27T17:00:00Z,WAS,SEA,SEA@WAS,betus,totals,Over,42.0,-110
2026-09-18T17:43:07Z,2026-09-27T17:00:00Z,WAS,SEA,SEA@WAS,betus,totals,Under,42.0,-110
2026-09-18T17:43:07Z,2026-09-27T17:00:00Z,WAS,SEA,SEA@WAS,draftkings,h2h,SEA,,-135
2026-09-18T17:43:07Z,2026-09-27T17:00:00Z,WAS,SEA,SEA@WAS,draftkings,h2h,WAS,,114
2026-09-18T17:43:07Z,2026-09-27T17:00:00Z,WAS,SEA,SEA@WAS,draftkings,spreads,SEA,-2.5,-110
2026-09-18T17:43:07Z,2026-09-27T17:00:00Z,WAS,SEA,SEA@WAS,draftkings,spreads,WAS,2.5,-110
2026-09-18T17:43:07Z,2026-09-27T17:00:00Z,WAS,SEA,SEA@WAS,draftkings,totals,Over,41.5,-110
2026-09-18T17:43:07Z,2026-09-27T17:00:00Z,WAS,SEA,SEA@WAS,draftkings,totals,Under,41.5,-110
2026-09-18T17:43:07Z,2026-09-27T17:00:00Z,WAS,SEA,SEA@WAS,fanduel,h2h,SEA,,-120
2026-09-18T17:43:07Z,2026-09-27T17:00:00Z,WAS,SEA,SEA@WAS,fanduel,h2h,WAS,,102
2026-09-18T17:43:07Z,2026-09-27T17:00:00Z,WAS,SEA,SEA@WAS,fanduel,spreads,SEA,-1.5,-110
2026-09-18T17:43:07Z,2026-09-27T17:00:00Z,WAS,SEA,SEA@WAS,fanduel,spreads,WAS,1.5,-110
2026-09-18T17:43:07Z,2026-09-27T17:00:00Z,WAS,SEA,SEA@WAS,fanduel,totals,Over,42.5,-105
2026-09-18T17:43:07Z,2026-09-27T17:00:00Z,WAS,SEA,SEA@WAS,fanduel,totals,Under,42.5,-115
2026-09-18T17:43:07Z,2026-09-27T17:00:00Z,WAS,SEA,SEA@WAS,lowvig,spreads,SEA,-2.0,-105
2026-09-18T17:43:07Z,2026-09-27T17:00:00Z,WAS,SEA,SEA@WAS,lowvig,spreads,WAS,2.0,-105
2026-09-18T17:43:07Z,2026-09-27T17:00:00Z,WAS,SEA,SEA@WAS,lowvig,totals,Over,41.5,-107
2026-09-18T17:43:07Z,2026-09-27T17:00:00Z,WAS,SEA,SEA@WAS,lowvig,totals,Under,41.5,-107
2026-09-18T17:43:07Z,2026-09-27T17:00:00Z,NYG,TEN,TEN@NYG,betonlineag,spreads,NYG,-5.5,-115
2026-09-18T17:43:07Z,2026-09-27T17:00:00Z,NYG,TEN,TEN@NYG,betonlineag,spreads,TEN,5.5,-105
2026-09-18T17:43:07Z,2026-09-27T17:00:00Z,NYG,TEN,TEN@NYG,betonlineag,totals,Over,42.0,-105
2026-09-18T17:43:07Z,2026-09-27T17:00:00Z,NYG,TEN,TEN@NYG,betonlineag,totals,Under,42.0,-115
2026-09-18T17:43:07Z,2026-09-27T17:00:00Z,NYG,TEN,TEN@NYG,betrivers,h2h,NYG,,-275
2026-09-18T17:43:07Z,2026-09-27T17:00:00Z,NYG,TEN,TEN@NYG,betrivers,h2h,TEN,,220
2026-09-18T17:43:07Z,2026-09-27T17:00:00Z,NYG,TEN,TEN@NYG,betrivers,spreads,NYG,-6.0,-110
2026-09-18T17:43:07Z,2026-09-27T17:00:00Z,NYG,TEN,TEN@NYG,betrivers,spreads,TEN,6.0,-110
2026-09-18T17:43:07Z,2026-09-27T17:00:00Z,NYG,TEN,TEN@NYG,betrivers,totals,Over,43.0,-108
2026-09-18T17:43:07Z,2026-09-27T17:00:00Z,NYG,TEN,TEN@NYG,betrivers,totals,Under,43.0,-113
2026-09-18T17:43:07Z,2026-09-27T17:00:00Z,NYG,TEN,TEN@NYG,betus,spreads,NYG,-5.5,-115
2026-09-18T17:43:07Z,2026-09-27T17:00:00Z,NYG,TEN,TEN@NYG,betus,spreads,TEN,5.5,-105
2026-09-18T17:43:07Z,2026-09-27T17:00:00Z,NYG,TEN,TEN@NYG,betus,totals,Over,43.0,-110
2026-09-18T17:43:07Z,2026-09-27T17:00:00Z,NYG,TEN,TEN@NYG,betus,totals,Under,43.0,-110
2026-09-18T17:43:07Z,2026-09-27T17:00:00Z,NYG,TEN,TEN@NYG,draftkings,h2h,NYG,,-250
2026-09-18T17:43:07Z,2026-09-27T17:00:00Z,NYG,TEN,TEN@NYG,draftkings,h2h,TEN,,205
2026-09-18T17:43:07Z,2026-09-27T17:00:00Z,NYG,TEN,TEN@NYG,draftkings,spreads,NYG,-5.5,-110
2026-09-18T17:43:07Z,2026-09-27T17:00:00Z,NYG,TEN,TEN@NYG,draftkings,spreads,TEN,5.5,-110
2026-09-18T17:43:07Z,2026-09-27T17:00:00Z,NYG,TEN,TEN@NYG,draftkings,totals,Over,43.5,-110
2026-09-18T17:43:07Z,2026-09-27T17:00:00Z,NYG,TEN,TEN@NYG,draftkings,totals,Under,43.5,-110
2026-09-18T17:43:07Z,2026-09-27T17:00:00Z,NYG,TEN,TEN@NYG,fanduel,h2h,NYG,,-275
2026-09-18T17:43:07Z,2026-09-27T17:00:00Z,NYG,TEN,TEN@NYG,fanduel,h2h,TEN,,225
2026-09-18T17:43:07Z,2026-09-27T17:00:00Z,NYG,TEN,TEN@NYG,fanduel,spreads,NYG,-5.5,-120
2026-09-18T17:43:07Z,2026-09-27T17:00:00Z,NYG,TEN,TEN@NYG,fanduel,spreads,TEN,5.5,-102
2026-09-18T17:43:07Z,2026-09-27T17:00:00Z,NYG,TEN,TEN@NYG,fanduel,totals,Over,42.5,-110
2026-09-18T17:43:07Z,2026-09-27T17:00:00Z,NYG,TEN,TEN@NYG,fanduel,totals,Under,42.5,-110
2026-09-18T17:43:07Z,2026-09-27T17:00:00Z,NYG,TEN,TEN@NYG,lowvig,spreads,NYG,-5.5,-110
2026-09-18T17:43:07Z,2026-09-27T17:00:00Z,NYG,TEN,TEN@NYG,lowvig,spreads,TEN,5.5,100
2026-09-18T17:43:07Z,2026-09-27T17:00:00Z,NYG,TEN,TEN@NYG,lowvig,totals,Over,42.0,-102
2026-09-18T17:43:07Z,2026-09-27T17:00:00Z,NYG,TEN,TEN@NYG,lowvig,totals,Under,42.0,-113
2026-09-18T17:43:07Z,2026-09-20T20:25:00Z,DAL,WAS,WAS@DAL,betmgm,h2h,DAL,,-210
2026-09-18T17:43:07Z,2026-09-20T20:25:00Z,DAL,WAS,WAS@DAL,betmgm,h2h,WAS,,170
2026-09-18T17:43:07Z,2026-09-20T20:25:00Z,DAL,WAS,WAS@DAL,betmgm,spreads,DAL,-4.0,-110
2026-09-18T17:43:07Z,2026-09-20T20:25:00Z,DAL,WAS,WAS@DAL,betmgm,spreads,WAS,4.0,-108
2026-09-18T17:43:07Z,2026-09-20T20:25:00Z,DAL,WAS,WAS@DAL,betmgm,totals,Over,50.5,-110
2026-09-18T17:43:07Z,2026-09-20T20:25:00Z,DAL,WAS,WAS@DAL,betmgm,totals,Under,50.5,-108
2026-09-18T17:43:07Z,2026-09-20T20:25:00Z,DAL,WAS,WAS@DAL,betonlineag,h2h,DAL,,-205
2026-09-18T17:43:07Z,2026-09-20T20:25:00Z,DAL,WAS,WAS@DAL,betonlineag,h2h,WAS,,177
2026-09-18T17:43:07Z,2026-09-20T20:25:00Z,DAL,WAS,WAS@DAL,betonlineag,spreads,DAL,-4.0,-110
2026-09-18T17:43:07Z,2026-09-20T20:25:00Z,DAL,WAS,WAS@DAL,betonlineag,spreads,WAS,4.0,-110
2026-09-18T17:43:07Z,2026-09-20T20:25:00Z,DAL,WAS,WAS@DAL,betonlineag,totals,Over,50.5,-107
2026-09-18T17:43:07Z,2026-09-20T20:25:00Z,DAL,WAS,WAS@DAL,betonlineag,totals,Under,50.5,-113
2026-09-18T17:43:07Z,2026-09-20T20:25:00Z,DAL,WAS,WAS@DAL,betrivers,h2h,DAL,,-215
2026-09-18T17:43:07Z,2026-09-20T20:25:00Z,DAL,WAS,WAS@DAL,betrivers,h2h,WAS,,170
2026-09-18T17:43:07Z,2026-09-20T20:25:00Z,DAL,WAS,WAS@DAL,betrivers,spreads,DAL,-4.0,-113
2026-09-18T17:43:07Z,2026-09-20T20:25:00Z,DAL,WAS,WAS@DAL,betrivers,spreads,WAS,4.0,-108
2026-09-18T17:43:07Z,2026-09-20T20:25:00Z,DAL,WAS,WAS@DAL,betrivers,totals,Over,51.0,-107
2026-09-18T17:43:07Z,2026-09-20T20:25:00Z,DAL,WAS,WAS@DAL,betrivers,totals,Under,51.0,-114
2026-09-18T17:43:07Z,2026-09-20T20:25:00Z,DAL,WAS,WAS@DAL,betus,h2h,DAL,,-210
2026-09-18T17:43:07Z,2026-09-20T20:25:00Z,DAL,WAS,WAS@DAL,betus,h2h,WAS,,180
2026-09-18T17:43:07Z,2026-09-20T20:25:00Z,DAL,WAS,WAS@DAL,betus,spreads,DAL,-4.0,-110
2026-09-18T17:43:07Z,2026-09-20T20:25:00Z,DAL,WAS,WAS@DAL,betus,spreads,WAS,4.0,-110
2026-09-18T17:43:07Z,2026-09-20T20:25:00Z,DAL,WAS,WAS@DAL,betus,totals,Over,50.5,-105
2026-09-18T17:43:07Z,2026-09-20T20:25:00Z,DAL,WAS,WAS@DAL,betus,totals,Under,50.5,-115
2026-09-18T17:43:07Z,2026-09-20T20:25:00Z,DAL,WAS,WAS@DAL,bovada,h2h,DAL,,-210
2026-09-18T17:43:07Z,2026-09-20T20:25:00Z,DAL,WAS,WAS@DAL,bovada,h2h,WAS,,175
2026-09-18T17:43:07Z,2026-09-20T20:25:00Z,DAL,WAS,WAS@DAL,bovada,spreads,DAL,-4.0,-110
2026-09-18T17:43:07Z,2026-09-20T20:25:00Z,DAL,WAS,WAS@DAL,bovada,spreads,WAS,4.0,-110
2026-09-18T17:43:07Z,2026-09-20T20:25:00Z,DAL,WAS,WAS@DAL,bovada,totals,Over,50.5,-115
2026-09-18T17:43:07Z,2026-09-20T20:25:00Z,DAL,WAS,WAS@DAL,bovada,totals,Under,50.5,-105
2026-09-18T17:43:07Z,2026-09-20T20:25:00Z,DAL,WAS,WAS@DAL,draftkings,h2h,DAL,,-218
2026-09-18T17:43:07Z,2026-09-20T20:25:00Z,DAL,WAS,WAS@DAL,draftkings,h2h,WAS,,180
2026-09-18T17:43:07Z,2026-09-20T20:25:00Z,DAL,WAS,WAS@DAL,draftkings,spreads,DAL,-4.5,-105
2026-09-18T17:43:07Z,2026-09-20T20:25:00Z,DAL,WAS,WAS@DAL,draftkings,spreads,WAS,4.5,-115
2026-09-18T17:43:07Z,2026-09-20T20:25:00Z,DAL,WAS,WAS@DAL,draftkings,totals,Over,50.5,-112
2026-09-18T17:43:07Z,2026-09-20T20:25:00Z,DAL,WAS,WAS@DAL,draftkings,totals,Under,50.5,-108
2026-09-18T17:43:07Z,2026-09-20T20:25:00Z,DAL,WAS,WAS@DAL,fanduel,h2h,DAL,,-205
2026-09-18T17:43:07Z,2026-09-20T20:25:00Z,DAL,WAS,WAS@DAL,fanduel,h2h,WAS,,172
2026-09-18T17:43:07Z,2026-09-20T20:25:00Z,DAL,WAS,WAS@DAL,fanduel,spreads,DAL,-4.5,-102
2026-09-18T17:43:07Z,2026-09-20T20:25:00Z,DAL,WAS,WAS@DAL,fanduel,spreads,WAS,4.5,-120
2026-09-18T17:43:07Z,2026-09-20T20:25:00Z,DAL,WAS,WAS@DAL,fanduel,totals,Over,50.5,-110
2026-09-18T17:43:07Z,2026-09-20T20:25:00Z,DAL,WAS,WAS@DAL,fanduel,totals,Under,50.5,-110
2026-09-18T17:43:07Z,2026-09-20T20:25:00Z,DAL,WAS,WAS@DAL,lowvig,h2h,DAL,,-205
2026-09-18T17:43:07Z,2026-09-20T20:25:00Z,DAL,WAS,WAS@DAL,lowvig,h2h,WAS,,177
2026-09-18T17:43:07Z,2026-09-20T20:25:00Z,DAL,WAS,WAS@DAL,lowvig,spreads,DAL,-4.0,-105
2026-09-18T17:43:07Z,2026-09-20T20:25:00Z,DAL,WAS,WAS@DAL,lowvig,spreads,WAS,4.0,-105
2026-09-18T17:43:07Z,2026-09-20T20:25:00Z,DAL,WAS,WAS@DAL,lowvig,totals,Over,50.5,-104
2026-09-18T17:43:07Z,2026-09-20T20:25:00Z,DAL,WAS,WAS@DAL,lowvig,totals,Under,50.5,-110
2026-09-19T17:18:42Z,2026-09-27T20:05:00Z,SF,ARI,ARI@SF,betonlineag,spreads,ARI,8.5,-110
2026-09-19T17:18:42Z,2026-09-27T20:05:00Z,SF,ARI,ARI@SF,betonlineag,spreads,SF,-8.5,-110
2026-09-19T17:18:42Z,2026-09-27T20:05:00Z,SF,ARI,ARI@SF,betonlineag,totals,Over,48.5,-110
2026-09-19T17:18:42Z,2026-09-27T20:05:00Z,SF,ARI,ARI@SF,betonlineag,totals,Under,48.5,-110
2026-09-19T17:18:42Z,2026-09-27T20:05:00Z,SF,ARI,ARI@SF,betrivers,h2h,ARI,,365
2026-09-19T17:18:42Z,2026-09-27T20:05:00Z,SF,ARI,ARI@SF,betrivers,h2h,SF,,-500
2026-09-19T17:18:42Z,2026-09-27T20:05:00Z,SF,ARI,ARI@SF,betrivers,spreads,ARI,8.5,-113
2026-09-19T17:18:42Z,2026-09-27T20:05:00Z,SF,ARI,ARI@SF,betrivers,spreads,SF,-8.5,-108
2026-09-19T17:18:42Z,2026-09-27T20:05:00Z,SF,ARI,ARI@SF,betrivers,totals,Over,47.5,-113
2026-09-19T17:18:42Z,2026-09-27T20:05:00Z,SF,ARI,ARI@SF,betrivers,totals,Under,47.5,-108
2026-09-19T17:18:42Z,2026-09-27T20:05:00Z,SF,ARI,ARI@SF,betus,spreads,ARI,8.5,-110
2026-09-19T17:18:42Z,2026-09-27T20:05:00Z,SF,ARI,ARI@SF,betus,spreads,SF,-8.5,-110
2026-09-19T17:18:42Z,2026-09-27T20:05:00Z,SF,ARI,ARI@SF,betus,totals,Over,48.5,-110
2026-09-19T17:18:42Z,2026-09-27T20:05:00Z,SF,ARI,ARI@SF,betus,totals,Under,48.5,-110
2026-09-19T17:18:42Z,2026-09-27T20:05:00Z,SF,ARI,ARI@SF,draftkings,h2h,ARI,,360
2026-09-19T17:18:42Z,2026-09-27T20:05:00Z,SF,ARI,ARI@SF,draftkings,h2h,SF,,-470
2026-09-19T17:18:42Z,2026-09-27T20:05:00Z,SF,ARI,ARI@SF,draftkings,spreads,ARI,8.5,-110
2026-09-19T17:18:42Z,2026-09-27T20:05:00Z,SF,ARI,ARI@SF,draftkings,spreads,SF,-8.5,-110
2026-09-19T17:18:42Z,2026-09-27T20:05:00Z,SF,ARI,ARI@SF,draftkings,totals,Over,47.5,-110
2026-09-19T17:18:42Z,2026-09-27T20:05:00Z,SF,ARI,ARI@SF,draftkings,totals,Under,47.5,-110
2026-09-19T17:18:42Z,2026-09-27T20:05:00Z,SF,ARI,ARI@SF,fanduel,h2h,ARI,,410
2026-09-19T17:18:42Z,2026-09-27T20:05:00Z,SF,ARI,ARI@SF,fanduel,h2h,SF,,-550
2026-09-19T17:18:42Z,2026-09-27T20:05:00Z,SF,ARI,ARI@SF,fanduel,spreads,ARI,8.5,-105
2026-09-19T17:18:42Z,2026-09-27T20:05:00Z,SF,ARI,ARI@SF,fanduel,spreads,SF,-8.5,-115
2026-09-19T17:18:42Z,2026-09-27T20:05:00Z,SF,ARI,ARI@SF,fanduel,totals,Over,48.5,-110
2026-09-19T17:18:42Z,2026-09-27T20:05:00Z,SF,ARI,ARI@SF,fanduel,totals,Under,48.5,-110
2026-09-19T17:18:42Z,2026-09-27T20:05:00Z,SF,ARI,ARI@SF,lowvig,spreads,ARI,8.5,-105
2026-09-19T17:18:42Z,2026-09-27T20:05:00Z,SF,ARI,ARI@SF,lowvig,spreads,SF,-8.5,-105
2026-09-19T17:18:42Z,2026-09-27T20:05:00Z,SF,ARI,ARI@SF,lowvig,totals,Over,48.5,-107
2026-09-19T17:18:42Z,2026-09-27T20:05:00Z,SF,ARI,ARI@SF,lowvig,totals,Under,48.5,-107
2026-09-19T17:18:42Z,2026-09-27T20:05:00Z,SF,ARI,ARI@SF,mybookieag,h2h,ARI,,320
2026-09-19T17:18:42Z,2026-09-27T20:05:00Z,SF,ARI,ARI@SF,mybookieag,h2h,SF,,-461
2026-09-19T17:18:42Z,2026-09-27T20:05:00Z,SF,ARI,ARI@SF,mybookieag,spreads,ARI,8.5,-110
2026-09-19T17:18:42Z,2026-09-27T20:05:00Z,SF,ARI,ARI@SF,mybookieag,spreads,SF,-8.5,-110
2026-09-19T17:18:42Z,2026-09-27T20:05:00Z,SF,ARI,ARI@SF,mybookieag,totals,Over,48.0,-110
2026-09-19T17:18:42Z,2026-09-27T20:05:00Z,SF,ARI,ARI@SF,mybookieag,totals,Under,48.0,-110
2026-09-19T17:18:42Z,2026-09-25T00:15:00Z,GB,ATL,ATL@GB,betrivers,h2h,ATL,,245
2026-09-19T17:18:42Z,2026-09-25T00:15:00Z,GB,ATL,ATL@GB,betrivers,h2h,GB,,-305
2026-09-19T17:18:42Z,2026-09-25T00:15:00Z,GB,ATL,ATL@GB,betrivers,spreads,ATL,6.5,-112
2026-09-19T17:18:42Z,2026-09-25T00:15:00Z,GB,ATL,ATL@GB,betrivers,spreads,GB,-6.5,-109
2026-09-19T17:18:42Z,2026-09-25T00:15:00Z,GB,ATL,ATL@GB,betrivers,totals,Over,45.5,-109
2026-09-19T17:18:42Z,2026-09-25T00:15:00Z,GB,ATL,ATL@GB,betrivers,totals,Under,45.5,-112
2026-09-19T17:18:42Z,2026-09-25T00:15:00Z,GB,ATL,ATL@GB,draftkings,h2h,ATL,,240
2026-09-19T17:18:42Z,2026-09-25T00:15:00Z,GB,ATL,ATL@GB,draftkings,h2h,GB,,-298
2026-09-19T17:18:42Z,2026-09-25T00:15:00Z,GB,ATL,ATL@GB,draftkings,spreads,ATL,6.5,-105
2026-09-19T17:18:42Z,2026-09-25T00:15:00Z,GB,ATL,ATL@GB,draftkings,spreads,GB,-6.5,-115
2026-09-19T17:18:42Z,2026-09-25T00:15:00Z,GB,ATL,ATL@GB,draftkings,totals,Over,46.5,-110
2026-09-19T17:18:42Z,2026-09-25T00:15:00Z,GB,ATL,ATL@GB,draftkings,totals,Under,46.5,-110
2026-09-19T17:18:42Z,2026-09-25T00:15:00Z,GB,ATL,ATL@GB,fanduel,h2h,ATL,,225
2026-09-19T17:18:42Z,2026-09-25T00:15:00Z,GB,ATL,ATL@GB,fanduel,h2h,GB,,-275
2026-09-19T17:18:42Z,2026-09-25T00:15:00Z,GB,ATL,ATL@GB,fanduel,spreads,ATL,5.5,-102
2026-09-19T17:18:42Z,2026-09-25T00:15:00Z,GB,ATL,ATL@GB,fanduel,spreads,GB,-5.5,-120
2026-09-19T17:18:42Z,2026-09-25T00:15:00Z,GB,ATL,ATL@GB,fanduel,totals,Over,45.5,-115
2026-09-19T17:18:42Z,2026-09-25T00:15:00Z,GB,ATL,ATL@GB,fanduel,totals,Under,45.5,-105
2026-09-19T17:18:42Z,2026-09-25T00:15:00Z,GB,ATL,ATL@GB,mybookieag,h2h,ATL,,220
2026-09-19T17:18:42Z,2026-09-25T00:15:00Z,GB,ATL,ATL@GB,mybookieag,h2h,GB,,-295
2026-09-19T17:18:42Z,2026-09-25T00:15:00Z,GB,ATL,ATL@GB,mybookieag,spreads,ATL,6.5,-110
2026-09-19T17:18:42Z,2026-09-25T00:15:00Z,GB,ATL,ATL@GB,mybookieag,spreads,GB,-6.5,-110
2026-09-19T17:18:42Z,2026-09-25T00:15:00Z,GB,ATL,ATL@GB,mybookieag,totals,Over,46.0,-110
2026-09-19T17:18:42Z,2026-09-25T00:15:00Z,GB,ATL,ATL@GB,mybookieag,totals,Under,46.0,-110
2026-09-19T17:18:42Z,2026-09-27T20:25:00Z,DAL,BAL,BAL@DAL,betonlineag,spreads,BAL,-3.0,-114
2026-09-19T17:18:42Z,2026-09-27T20:25:00Z,DAL,BAL,BAL@DAL,betonlineag,spreads,DAL,3.0,-106
2026-09-19T17:18:42Z,2026-09-27T20:25:00Z,DAL,BAL,BAL@DAL,betonlineag,totals,Over,52.0,-115
2026-09-19T17:18:42Z,2026-09-27T20:25:00Z,DAL,BAL,BAL@DAL,betonlineag,totals,Under,52.0,-105
2026-09-19T17:18:42Z,2026-09-27T20:25:00Z,DAL,BAL,BAL@DAL,betrivers,h2h,BAL,,-159
2026-09-19T17:18:42Z,2026-09-27T20:25:00Z,DAL,BAL,BAL@DAL,betrivers,h2h,DAL,,130
2026-09-19T17:18:42Z,2026-09-27T20:25:00Z,DAL,BAL,BAL@DAL,betrivers,spreads,BAL,-3.0,-105
2026-09-19T17:18:42Z,2026-09-27T20:25:00Z,DAL,BAL,BAL@DAL,betrivers,spreads,DAL,3.0,-117
2026-09-19T17:18:42Z,2026-09-27T20:25:00Z,DAL,BAL,BAL@DAL,betrivers,totals,Over,52.5,-110
2026-09-19T17:18:42Z,2026-09-27T20:25:00Z,DAL,BAL,BAL@DAL,betrivers,totals,Under,52.5,-110
2026-09-19T17:18:42Z,2026-09-27T20:25:00Z,DAL,BAL,BAL@DAL,betus,spreads,BAL,-3.0,-110
2026-09-19T17:18:42Z,2026-09-27T20:25:00Z,DAL,BAL,BAL@DAL,betus,spreads,DAL,3.0,-110
2026-09-19T17:18:42Z,2026-09-27T20:25:00Z,DAL,BAL,BAL@DAL,betus,totals,Over,53.0,-110
2026-09-19T17:18:42Z,2026-09-27T20:25:00Z,DAL,BAL,BAL@DAL,betus,totals,Under,53.0,-110
2026-09-19T17:18:42Z,2026-09-27T20:25:00Z,DAL,BAL,BAL@DAL,draftkings,h2h,BAL,,-155
2026-09-19T17:18:42Z,2026-09-27T20:25:00Z,DAL,BAL,BAL@DAL,draftkings,h2h,DAL,,130
2026-09-19T17:18:42Z,2026-09-27T20:25:00Z,DAL,BAL,BAL@DAL,draftkings,spreads,BAL,-3.0,-110
2026-09-19T17:18:42Z,2026-09-27T20:25:00Z,DAL,BAL,BAL@DAL,draftkings,spreads,DAL,3.0,-110
2026-09-19T17:18:42Z,2026-09-27T20:25:00Z,DAL,BAL,BAL@DAL,draftkings,totals,Over,52.5,-110
2026-09-19T17:18:42Z,2026-09-27T20:25:00Z,DAL,BAL,BAL@DAL,draftkings,totals,Under,52.5,-110
2026-09-19T17:18:42Z,2026-09-27T20:25:00Z,DAL,BAL,BAL@DAL,fanduel,h2h,BAL,,-176
2026-09-19T17:18:42Z,2026-09-27T20:25:00Z,DAL,BAL,BAL@DAL,fanduel,h2h,DAL,,148
2026-09-19T17:18:42Z,2026-09-27T20:25:00Z,DAL,BAL,BAL@DAL,fanduel,spreads,BAL,-3.5,-104
2026-09-19T17:18:42Z,2026-09-27T20:25:00Z,DAL,BAL,BAL@DAL,fanduel,spreads,DAL,3.5,-118
2026-09-19T17:18:42Z,2026-09-27T20:25:00Z,DAL,BAL,BAL@DAL,fanduel,totals,Over,52.5,-105
2026-09-19T17:18:42Z,2026-09-27T20:25:00Z,DAL,BAL,BAL@DAL,fanduel,totals,Under,52.5,-115
2026-09-19T17:18:42Z,2026-09-27T20:25:00Z,DAL,BAL,BAL@DAL,lowvig,spreads,BAL,-3.0,-109
2026-09-19T17:18:42Z,2026-09-27T20:25:00Z,DAL,BAL,BAL@DAL,lowvig,spreads,DAL,3.0,-101
2026-09-19T17:18:42Z,2026-09-27T20:25:00Z,DAL,BAL,BAL@DAL,lowvig,totals,Over,52.0,-113
2026-09-19T17:18:42Z,2026-09-27T20:25:00Z,DAL,BAL,BAL@DAL,lowvig,totals,Under,52.0,-102
2026-09-19T17:18:42Z,2026-09-27T20:25:00Z,DAL,BAL,BAL@DAL,mybookieag,h2h,BAL,,-160
2026-09-19T17:18:42Z,2026-09-27T20:25:00Z,DAL,BAL,BAL@DAL,mybookieag,h2h,DAL,,125
2026-09-19T17:18:42Z,2026-09-27T20:25:00Z,DAL,BAL,BAL@DAL,mybookieag,spreads,BAL,-3.0,-110
2026-09-19T17:18:42Z,2026-09-27T20:25:00Z,DAL,BAL,BAL@DAL,mybookieag,spreads,DAL,3.0,-110
2026-09-19T17:18:42Z,2026-09-27T20:25:00Z,DAL,BAL,BAL@DAL,mybookieag,totals,Over,52.5,-110
2026-09-19T17:18:42Z,2026-09-27T20:25:00Z,DAL,BAL,BAL@DAL,mybookieag,totals,Under,52.5,-110
2026-09-19T17:18:42Z,2026-09-20T17:00:00Z,ATL,CAR,CAR@ATL,betmgm,h2h,ATL,,125
2026-09-19T17:18:42Z,2026-09-20T17:00:00Z,ATL,CAR,CAR@ATL,betmgm,h2h,CAR,,-150
2026-09-19T17:18:42Z,2026-09-20T17:00:00Z,ATL,CAR,CAR@ATL,betmgm,spreads,ATL,2.5,-102
2026-09-19T17:18:42Z,2026-09-20T17:00:00Z,ATL,CAR,CAR@ATL,betmgm,spreads,CAR,-2.5,-115
2026-09-19T17:18:42Z,2026-09-20T17:00:00Z,ATL,CAR,CAR@ATL,betmgm,totals,Over,43.5,-110
2026-09-19T17:18:42Z,2026-09-20T17:00:00Z,ATL,CAR,CAR@ATL,betmgm,totals,Under,43.5,-108
2026-09-19T17:18:42Z,2026-09-20T17:00:00Z,ATL,CAR,CAR@ATL,betonlineag,h2h,ATL,,130
2026-09-19T17:18:42Z,2026-09-20T17:00:00Z,ATL,CAR,CAR@ATL,betonlineag,h2h,CAR,,-150
2026-09-19T17:18:42Z,2026-09-20T17:00:00Z,ATL,CAR,CAR@ATL,betonlineag,spreads,ATL,2.5,100
2026-09-19T17:18:42Z,2026-09-20T17:00:00Z,ATL,CAR,CAR@ATL,betonlineag,spreads,CAR,-2.5,-120
2026-09-19T17:18:42Z,2026-09-20T17:00:00Z,ATL,CAR,CAR@ATL,betonlineag,totals,Over,43.5,-110
2026-09-19T17:18:42Z,2026-09-20T17:00:00Z,ATL,CAR,CAR@ATL,betonlineag,totals,Under,43.5,-110
2026-09-19T17:18:42Z,2026-09-20T17:00:00Z,ATL,CAR,CAR@ATL,betrivers,h2h,ATL,,120
2026-09-19T17:18:42Z,2026-09-20T17:00:00Z,ATL,CAR,CAR@ATL,betrivers,h2h,CAR,,-143
2026-09-19T17:18:42Z,2026-09-20T17:00:00Z,ATL,CAR,CAR@ATL,betrivers,spreads,ATL,2.5,-104
2026-09-19T17:18:42Z,2026-09-20T17:00:00Z,ATL,CAR,CAR@ATL,betrivers,spreads,CAR,-2.5,-118
2026-09-19T17:18:42Z,2026-09-20T17:00:00Z,ATL,CAR,CAR@ATL,betrivers,totals,Over,43.5,-110
2026-09-19T17:18:42Z,2026-09-20T17:00:00Z,ATL,CAR,CAR@ATL,betrivers,totals,Under,43.5,-110
2026-09-19T17:18:42Z,2026-09-20T17:00:00Z,ATL,CAR,CAR@ATL,betus,h2h,ATL,,129
2026-09-19T17:18:42Z,2026-09-20T17:00:00Z,ATL,CAR,CAR@ATL,betus,h2h,CAR,,-150
2026-09-19T17:18:42Z,2026-09-20T17:00:00Z,ATL,CAR,CAR@ATL,betus,spreads,ATL,2.0,100
2026-09-19T17:18:42Z,2026-09-20T17:00:00Z,ATL,CAR,CAR@ATL,betus,spreads,CAR,-2.0,-120
2026-09-19T17:18:42Z,2026-09-20T17:00:00Z,ATL,CAR,CAR@ATL,betus,totals,Over,43.5,-110
2026-09-19T17:18:42Z,2026-09-20T17:00:00Z,ATL,CAR,CAR@ATL,betus,totals,Under,43.5,-110
2026-09-19T17:18:42Z,2026-09-20T17:00:00Z,ATL,CAR,CAR@ATL,bovada,h2h,ATL,,130
2026-09-19T17:18:42Z,2026-09-20T17:00:00Z,ATL,CAR,CAR@ATL,bovada,h2h,CAR,,-150
2026-09-19T17:18:42Z,2026-09-20T17:00:00Z,ATL,CAR,CAR@ATL,bovada,totals,Over,43.5,-110
2026-09-19T17:18:42Z,2026-09-20T17:00:00Z,ATL,CAR,CAR@ATL,bovada,totals,Under,43.5,-110
2026-09-19T17:18:42Z,2026-09-20T17:00:00Z,ATL,CAR,CAR@ATL,draftkings,h2h,ATL,,130
2026-09-19T17:18:42Z,2026-09-20T17:00:00Z,ATL,CAR,CAR@ATL,draftkings,h2h,CAR,,-155
2026-09-19T17:18:42Z,2026-09-20T17:00:00Z,ATL,CAR,CAR@ATL,draftkings,spreads,ATL,2.5,100
2026-09-19T17:18:42Z,2026-09-20T17:00:00Z,ATL,CAR,CAR@ATL,draftkings,spreads,CAR,-2.5,-120
2026-09-19T17:18:42Z,2026-09-20T17:00:00Z,ATL,CAR,CAR@ATL,draftkings,totals,Over,43.5,-110
2026-09-19T17:18:42Z,2026-09-20T17:00:00Z,ATL,CAR,CAR@ATL,draftkings,totals,Under,43.5,-110
2026-09-19T17:18:42Z,2026-09-20T17:00:00Z,ATL,CAR,CAR@ATL,fanduel,h2h,ATL,,122
2026-09-19T17:18:42Z,2026-09-20T17:00:00Z,ATL,CAR,CAR@ATL,fanduel,h2h,CAR,,-144
2026-09-19T17:18:42Z,2026-09-20T17:00:00Z,ATL,CAR,CAR@ATL,fanduel,spreads,ATL,2.5,-105
2026-09-19T17:18:42Z,2026-09-20T17:00:00Z,ATL,CAR,CAR@ATL,fanduel,spreads,CAR,-2.5,-115
2026-09-19T17:18:42Z,2026-09-20T17:00:00Z,ATL,CAR,CAR@ATL,fanduel,totals,Over,43.5,-110
2026-09-19T17:18:42Z,2026-09-20T17:00:00Z,ATL,CAR,CAR@ATL,fanduel,totals,Under,43.5,-110
2026-09-19T17:18:42Z,2026-09-20T17:00:00Z,ATL,CAR,CAR@ATL,lowvig,h2h,ATL,,130
2026-09-19T17:18:42Z,2026-09-20T17:00:00Z,ATL,CAR,CAR@ATL,lowvig,h2h,CAR,,-150
2026-09-19T17:18:42Z,2026-09-20T17:00:00Z,ATL,CAR,CAR@ATL,lowvig,spreads,ATL,2.5,105
2026-09-19T17:18:42Z,2026-09-20T17:00:00Z,ATL,CAR,CAR@ATL,lowvig,spreads,CAR,-2.5,-116
2026-09-19T17:18:42Z,2026-09-20T17:00:00Z,ATL,CAR,CAR@ATL,lowvig,totals,Over,43.5,-107
2026-09-19T17:18:42Z,2026-09-20T17:00:00Z,ATL,CAR,CAR@ATL,lowvig,totals,Under,43.5,-107
2026-09-19T17:18:42Z,2026-09-20T17:00:00Z,ATL,CAR,CAR@ATL,mybookieag,h2h,ATL,,125
2026-09-19T17:18:42Z,2026-09-20T17:00:00Z,ATL,CAR,CAR@ATL,mybookieag,h2h,CAR,,-153
2026-09-19T17:18:42Z,2026-09-20T17:00:00Z,ATL,CAR,CAR@ATL,mybookieag,spreads,ATL,2.5,100
2026-09-19T17:18:42Z,2026-09-20T17:00:00Z,ATL,CAR,CAR@ATL,mybookieag,spreads,CAR,-2.5,-120
2026-09-19T17:18:42Z,2026-09-20T17:00:00Z,ATL,CAR,CAR@ATL,mybookieag,totals,Over,43.5,-110
2026-09-19T17:18:42Z,2026-09-20T17:00:00Z,ATL,CAR,CAR@ATL,mybookieag,totals,Under,43.5,-110
2026-09-19T17:18:42Z,2026-09-27T17:00:00Z,CLE,CAR,CAR@CLE,betonlineag,spreads,CAR,-3.0,-105
2026-09-19T17:18:42Z,2026-09-27T17:00:00Z,CLE,CAR,CAR@CLE,betonlineag,spreads,CLE,3.0,-115
2026-09-19T17:18:42Z,2026-09-27T17:00:00Z,CLE,CAR,CAR@CLE,betonlineag,totals,Over,38.5,-115
2026-09-19T17:18:42Z,2026-09-27T17:00:00Z,CLE,CAR,CAR@CLE,betonlineag,totals,Under,38.5,-105
2026-09-19T17:18:42Z,2026-09-27T17:00:00Z,CLE,CAR,CAR@CLE,betrivers,h2h,CAR,,-150
2026-09-19T17:18:42Z,2026-09-27T17:00:00Z,CLE,CAR,CAR@CLE,betrivers,h2h,CLE,,123
2026-09-19T17:18:42Z,2026-09-27T17:00:00Z,CLE,CAR,CAR@CLE,betrivers,spreads,CAR,-3.0,-105
2026-09-19T17:18:42Z,2026-09-27T17:00:00Z,CLE,CAR,CAR@CLE,betrivers,spreads,CLE,3.0,-117
2026-09-19T17:18:42Z,2026-09-27T17:00:00Z,CLE,CAR,CAR@CLE,betrivers,totals,Over,39.5,-112
2026-09-19T17:18:42Z,2026-09-27T17:00:00Z,CLE,CAR,CAR@CLE,betrivers,totals,Under,39.5,-109
2026-09-19T17:18:42Z,2026-09-27T17:00:00Z,CLE,CAR,CAR@CLE,betus,spreads,CAR,-3.0,-110
2026-09-19T17:18:42Z,2026-09-27T17:00:00Z,CLE,CAR,CAR@CLE,betus,spreads,CLE,3.0,-110
2026-09-19T17:18:42Z,2026-09-27T17:00:00Z,CLE,CAR,CAR@CLE,betus,totals,Over,40.0,-110
2026-09-19T17:18:42Z,2026-09-27T17:00:00Z,CLE,CAR,CAR@CLE,betus,totals,Under,40.0,-110
2026-09-19T17:18:42Z,2026-09-27T17:00:00Z,CLE,CAR,CAR@CLE,draftkings,h2h,CAR,,-142
2026-09-19T17:18:42Z,2026-09-27T17:00:00Z,CLE,CAR,CAR@CLE,draftkings,h2h,CLE,,120
2026-09-19T17:18:42Z,2026-09-27T17:00:00Z,CLE,CAR,CAR@CLE,draftkings,spreads,CAR,-2.5,-115
2026-09-19T17:18:42Z,2026-09-27T17:00:00Z,CLE,CAR,CAR@CLE,draftkings,spreads,CLE,2.5,-105
2026-09-19T17:18:42Z,2026-09-27T17:00:00Z,CLE,CAR,CAR@CLE,draftkings,totals,Over,40.5,-110
2026-09-19T17:18:42Z,2026-09-27T17:00:00Z,CLE,CAR,CAR@CLE,draftkings,totals,Under,40.5,-110
2026-09-19T17:18:42Z,2026-09-27T17:00:00Z,CLE,CAR,CAR@CLE,fanduel,h2h,CAR,,-154
2026-09-19T17:18:42Z,2026-09-27T17:00:00Z,CLE,CAR,CAR@CLE,fanduel,h2h,CLE,,130
2026-09-19T17:18:42Z,2026-09-27T17:00:00Z,CLE,CAR,CAR@CLE,fanduel,spreads,CAR,-3.0,-108
2026-09-19T17:18:42Z,2026-09-27T17:00:00Z,CLE,CAR,CAR@CLE,fanduel,spreads,CLE,3.0,-112
2026-09-19T17:18:42Z,2026-09-27T17:00:00Z,CLE,CAR,CAR@CLE,fanduel,totals,Over,39.5,-105
2026-09-19T17:18:42Z,2026-09-27T17:00:00Z,CLE,CAR,CAR@CLE,fanduel,totals,Under,39.5,-115
2026-09-19T17:18:42Z,2026-09-27T17:00:00Z,CLE,CAR,CAR@CLE,lowvig,spreads,CAR,-3.0,100
2026-09-19T17:18:42Z,2026-09-27T17:00:00Z,CLE,CAR,CAR@CLE,lowvig,spreads,CLE,3.0,-110
2026-09-19T17:18:42Z,2026-09-27T17:00:00Z,CLE,CAR,CAR@CLE,lowvig,totals,Over,38.5,-113
2026-09-19T17:18:42Z,2026-09-27T17:00:00Z,CLE,CAR,CAR@CLE,lowvig,totals,Under,38.5,-102
2026-09-19T17:18:42Z,2026-09-27T17:00:00Z,CLE,CAR,CAR@CLE,mybookieag,h2h,CAR,,-154
2026-09-19T17:18:42Z,2026-09-27T17:00:00Z,CLE,CAR,CAR@CLE,mybookieag,h2h,CLE,,120
2026-09-19T17:18:42Z,2026-09-27T17:00:00Z,CLE,CAR,CAR@CLE,mybookieag,spreads,CAR,-3.0,-110
2026-09-19T17:18:42Z,2026-09-27T17:00:00Z,CLE,CAR,CAR@CLE,mybookieag,spreads,CLE,3.0,-110
2026-09-19T17:18:42Z,2026-09-27T17:00:00Z,CLE,CAR,CAR@CLE,mybookieag,totals,Over,39.5,-110
2026-09-19T17:18:42Z,2026-09-27T17:00:00Z,CLE,CAR,CAR@CLE,mybookieag,totals,Under,39.5,-110
2026-09-19T17:18:42Z,2026-09-20T17:00:00Z,HOU,CIN,CIN@HOU,betmgm,h2h,CIN,,120
2026-09-19T17:18:42Z,2026-09-20T17:00:00Z,HOU,CIN,CIN@HOU,betmgm,h2h,HOU,,-145
2026-09-19T17:18:42Z,2026-09-20T17:00:00Z,HOU,CIN,CIN@HOU,betmgm,spreads,CIN,2.5,-105
2026-09-19T17:18:42Z,2026-09-20T17:00:00Z,HOU,CIN,CIN@HOU,betmgm,spreads,HOU,-2.5,-112
2026-09-19T17:18:42Z,2026-09-20T17:00:00Z,HOU,CIN,CIN@HOU,betmgm,totals,Over,45.5,-110
2026-09-19T17:18:42Z,2026-09-20T17:00:00Z,HOU,CIN,CIN@HOU,betmgm,totals,Under,45.5,-108
2026-09-19T17:18:42Z,2026-09-20T17:00:00Z,HOU,CIN,CIN@HOU,betonlineag,h2h,CIN,,130
2026-09-19T17:18:42Z,2026-09-20T17:00:00Z,HOU,CIN,CIN@HOU,betonlineag,h2h,HOU,,-150
2026-09-19T17:18:42Z,2026-09-20T17:00:00Z,HOU,CIN,CIN@HOU,betonlineag,spreads,CIN,2.5,-105
2026-09-19T17:18:42Z,2026-09-20T17:00:00Z,HOU,CIN,CIN@HOU,betonlineag,spreads,HOU,-2.5,-115
2026-09-19T17:18:42Z,2026-09-20T17:00:00Z,HOU,CIN,CIN@HOU,betonlineag,totals,Over,45.5,-108
2026-09-19T17:18:42Z,2026-09-20T17:00:00Z,HOU,CIN,CIN@HOU,betonlineag,totals,Under,45.5,-112
2026-09-19T17:18:42Z,2026-09-20T17:00:00Z,HOU,CIN,CIN@HOU,betrivers,h2h,CIN,,120
2026-09-19T17:18:42Z,2026-09-20T17:00:00Z,HOU,CIN,CIN@HOU,betrivers,h2h,HOU,,-148
2026-09-19T17:18:42Z,2026-09-20T17:00:00Z,HOU,CIN,CIN@HOU,betrivers,spreads,CIN,2.5,-107
2026-09-19T17:18:42Z,2026-09-20T17:00:00Z,HOU,CIN,CIN@HOU,betrivers,spreads,HOU,-2.5,-114
2026-09-19T17:18:42Z,2026-09-20T17:00:00Z,HOU,CIN,CIN@HOU,betrivers,totals,Over,46.0,-110
2026-09-19T17:18:42Z,2026-09-20T17:00:00Z,HOU,CIN,CIN@HOU,betrivers,totals,Under,46.0,-110
2026-09-19T17:18:42Z,2026-09-20T17:00:00Z,HOU,CIN,CIN@HOU,betus,h2h,CIN,,129
2026-09-19T17:18:42Z,2026-09-20T17:00:00Z,HOU,CIN,CIN@HOU,betus,h2h,HOU,,-150
2026-09-19T17:18:42Z,2026-09-20T17:00:00Z,HOU,CIN,CIN@HOU,betus,spreads,CIN,2.0,100
2026-09-19T17:18:42Z,2026-09-20T17:00:00Z,HOU,CIN,CIN@HOU,betus,spreads,HOU,-2.0,-120
2026-09-19T17:18:42Z,2026-09-20T17:00:00Z,HOU,CIN,CIN@HOU,betus,totals,Over,45.5,-110
2026-09-19T17:18:42Z,2026-09-20T17:00:00Z,HOU,CIN,CIN@HOU,betus,totals,Under,45.5,-110
2026-09-19T17:18:42Z,2026-09-20T17:00:00Z,HOU,CIN,CIN@HOU,bovada,h2h,CIN,,130
2026-09-19T17:18:42Z,2026-09-20T17:00:00Z,HOU,CIN,CIN@HOU,bovada,h2h,HOU,,-150
2026-09-19T17:18:42Z,2026-09-20T17:00:00Z,HOU,CIN,CIN@HOU,bovada,spreads,CIN,2.5,100
2026-09-19T17:18:42Z,2026-09-20T17:00:00Z,HOU,CIN,CIN@HOU,bovada,spreads,HOU,-2.5,-120
2026-09-19T17:18:42Z,2026-09-20T17:00:00Z,HOU,CIN,CIN@HOU,bovada,totals,Over,45.5,-115
2026-09-19T17:18:42Z,2026-09-20T17:00:00Z,HOU,CIN,CIN@HOU,bovada,totals,Under,45.5,-105
2026-09-19T17:18:42Z,2026-09-20T17:00:00Z,HOU,CIN,CIN@HOU,draftkings,h2h,CIN,,114
2026-09-19T17:18:42Z,2026-09-20T17:00:00Z,HOU,CIN,CIN@HOU,draftkings,h2h,HOU,,-135
2026-09-19T17:18:42Z,2026-09-20T17:00:00Z,HOU,CIN,CIN@HOU,draftkings,spreads,CIN,2.5,-102
2026-09-19T17:18:42Z,2026-09-20T17:00:00Z,HOU,CIN,CIN@HOU,draftkings,spreads,HOU,-2.5,-118
2026-09-19T17:18:42Z,2026-09-20T17:00:00Z,HOU,CIN,CIN@HOU,draftkings,totals,Over,45.5,-110
2026-09-19T17:18:42Z,2026-09-20T17:00:00Z,HOU,CIN,CIN@HOU,draftkings,totals,Under,45.5,-110
2026-09-19T17:18:42Z,2026-09-20T17:00:00Z,HOU,CIN,CIN@HOU,fanduel,h2h,CIN,,114
2026-09-19T17:18:42Z,2026-09-20T17:00:00Z,HOU,CIN,CIN@HOU,fanduel,h2h,HOU,,-134
2026-09-19T17:18:42Z,2026-09-20T17:00:00Z,HOU,CIN,CIN@HOU,fanduel,spreads,CIN,2.5,-115
2026-09-19T17:18:42Z,2026-09-20T17:00:00Z,HOU,CIN,CIN@HOU,fanduel,spreads,HOU,-2.5,-105
2026-09-19T17:18:42Z,2026-09-20T17:00:00Z,HOU,CIN,CIN@HOU,fanduel,totals,Over,45.5,-114
2026-09-19T17:18:42Z,2026-09-20T17:00:00Z,HOU,CIN,CIN@HOU,fanduel,totals,Under,45.5,-106
2026-09-19T17:18:42Z,2026-09-20T17:00:00Z,HOU,CIN,CIN@HOU,lowvig,h2h,CIN,,130
2026-09-19T17:18:42Z,2026-09-20T17:00:00Z,HOU,CIN,CIN@HOU,lowvig,h2h,HOU,,-150
2026-09-19T17:18:42Z,2026-09-20T17:00:00Z,HOU,CIN,CIN@HOU,lowvig,spreads,CIN,2.5,100
2026-09-19T17:18:42Z,2026-09-20T17:00:00Z,HOU,CIN,CIN@HOU,lowvig,spreads,HOU,-2.5,-110
2026-09-19T17:18:42Z,2026-09-20T17:00:00Z,HOU,CIN,CIN@HOU,lowvig,totals,Over,45.5,-105
2026-09-19T17:18:42Z,2026-09-20T17:00:00Z,HOU,CIN,CIN@HOU,lowvig,totals,Under,45.5,-109
2026-09-19T17:18:42Z,2026-09-20T17:00:00Z,HOU,CIN,CIN@HOU,mybookieag,h2h,CIN,,120
2026-09-19T17:18:42Z,2026-09-20T17:00:00Z,HOU,CIN,CIN@HOU,mybookieag,h2h,HOU,,-148
2026-09-19T17:18:42Z,2026-09-20T17:00:00Z,HOU,CIN,CIN@HOU,mybookieag,spreads,CIN,3.0,-120
2026-09-19T17:18:42Z,2026-09-20T17:00:00Z,HOU,CIN,CIN@HOU,mybookieag,spreads,HOU,-3.0,100
2026-09-19T17:18:42Z,2026-09-20T17:00:00Z,HOU,CIN,CIN@HOU,mybookieag,totals,Over,45.5,-110
2026-09-19T17:18:42Z,2026-09-20T17:00:00Z,HOU,CIN,CIN@HOU,mybookieag,totals,Under,45.5,-110
2026-09-19T17:18:42Z,2026-09-27T17:00:00Z,PIT,CIN,CIN@PIT,betonlineag,spreads,CIN,-2.5,-110
2026-09-19T17:18:42Z,2026-09-27T17:00:00Z,PIT,CIN,CIN@PIT,betonlineag,spreads,PIT,2.5,-110
2026-09-19T17:18:42Z,2026-09-27T17:00:00Z,PIT,CIN,CIN@PIT,betonlineag,totals,Over,46.0,-110
2026-09-19T17:18:42Z,2026-09-27T17:00:00Z,PIT,CIN,CIN@PIT,betonlineag,totals,Under,46.0,-110
2026-09-19T17:18:42Z,2026-09-27T17:00:00Z,PIT,CIN,CIN@PIT,betrivers,h2h,CIN,,-137
2026-09-19T17:18:42Z,2026-09-27T17:00:00Z,PIT,CIN,CIN@PIT,betrivers,h2h,PIT,,114
2026-09-19T17:18:42Z,2026-09-27T17:00:00Z,PIT,CIN,CIN@PIT,betrivers,spreads,CIN,-2.5,-113
2026-09-19T17:18:42Z,2026-09-27T17:00:00Z,PIT,CIN,CIN@PIT,betrivers,spreads,PIT,2.5,-108
2026-09-19T17:18:42Z,2026-09-27T17:00:00Z,PIT,CIN,CIN@PIT,betrivers,totals,Over,46.0,-110
2026-09-19T17:18:42Z,2026-09-27T17:00:00Z,PIT,CIN,CIN@PIT,betrivers,totals,Under,46.0,-110
2026-09-19T17:18:42Z,2026-09-27T17:00:00Z,PIT,CIN,CIN@PIT,betus,spreads,CIN,-2.5,-110
2026-09-19T17:18:42Z,2026-09-27T17:00:00Z,PIT,CIN,CIN@PIT,betus,spreads,PIT,2.5,-110
2026-09-19T17:18:42Z,2026-09-27T17:00:00Z,PIT,CIN,CIN@PIT,betus,totals,Over,46.5,-110
2026-09-19T17:18:42Z,2026-09-27T17:00:00Z,PIT,CIN,CIN@PIT,betus,totals,Under,46.5,-110
2026-09-19T17:18:42Z,2026-09-27T17:00:00Z,PIT,CIN,CIN@PIT,draftkings,h2h,CIN,,-135
2026-09-19T17:18:42Z,2026-09-27T17:00:00Z,PIT,CIN,CIN@PIT,draftkings,h2h,PIT,,114
2026-09-19T17:18:42Z,2026-09-27T17:00:00Z,PIT,CIN,CIN@PIT,draftkings,spreads,CIN,-2.5,-110
2026-09-19T17:18:42Z,2026-09-27T17:00:00Z,PIT,CIN,CIN@PIT,draftkings,spreads,PIT,2.5,-110
2026-09-19T17:18:42Z,2026-09-27T17:00:00Z,PIT,CIN,CIN@PIT,draftkings,totals,Over,45.5,-110
2026-09-19T17:18:42Z,2026-09-27T17:00:00Z,PIT,CIN,CIN@PIT,draftkings,totals,Under,45.5,-110
2026-09-19T17:18:42Z,2026-09-27T17:00:00Z,PIT,CIN,CIN@PIT,fanduel,h2h,CIN,,-130
2026-09-19T17:18:42Z,2026-09-27T17:00:00Z,PIT,CIN,CIN@PIT,fanduel,h2h,PIT,,110
2026-09-19T17:18:42Z,2026-09-27T17:00:00Z,PIT,CIN,CIN@PIT,fanduel,spreads,CIN,-2.5,-106
2026-09-19T17:18:42Z,2026-09-27T17:00:00Z,PIT,CIN,CIN@PIT,fanduel,spreads,PIT,2.5,-114
2026-09-19T17:18:42Z,2026-09-27T17:00:00Z,PIT,CIN,CIN@PIT,fanduel,totals,Over,46.5,-105
2026-09-19T17:18:42Z,2026-09-27T17:00:00Z,PIT,CIN,CIN@PIT,fanduel,totals,Under,46.5,-115
2026-09-19T17:18:42Z,2026-09-27T17:00:00Z,PIT,CIN,CIN@PIT,lowvig,spreads,CIN,-2.5,-105
2026-09-19T17:18:42Z,2026-09-27T17:00:00Z,PIT,CIN,CIN@PIT,lowvig,spreads,PIT,2.5,-105
2026-09-19T17:18:42Z,2026-09-27T17:00:00Z,PIT,CIN,CIN@PIT,lowvig,totals,Over,46.0,-107
2026-09-19T17:18:42Z,2026-09-27T17:00:00Z,PIT,CIN,CIN@PIT,lowvig,totals,Under,46.0,-107
2026-09-19T17:18:42Z,2026-09-27T17:00:00Z,PIT,CIN,CIN@PIT,mybookieag,h2h,CIN,,-138
2026-09-19T17:18:42Z,2026-09-27T17:00:00Z,PIT,CIN,CIN@PIT,mybookieag,h2h,PIT,,108
2026-09-19T17:18:42Z,2026-09-27T17:00:00Z,PIT,CIN,CIN@PIT,mybookieag,spreads,CIN,-2.5,-110
2026-09-19T17:18:42Z,2026-09-27T17:00:00Z,PIT,CIN,CIN@PIT,mybookieag,spreads,PIT,2.5,-110
2026-09-19T17:18:42Z,2026-09-27T17:00:00Z,PIT,CIN,CIN@PIT,mybookieag,totals,Over,46.0,-110
2026-09-19T17:18:42Z,2026-09-27T17:00:00Z,PIT,CIN,CIN@PIT,mybookieag,totals,Under,46.0,-110
2026-09-19T17:18:42Z,2026-09-20T17:00:00Z,TB,CLE,CLE@TB,betmgm,h2h,CLE,,350
2026-09-19T17:18:42Z,2026-09-20T17:00:00Z,TB,CLE,CLE@TB,betmgm,h2h,TB,,-450
2026-09-19T17:18:42Z,2026-09-20T17:00:00Z,TB,CLE,CLE@TB,betmgm,spreads,CLE,9.0,-118
2026-09-19T17:18:42Z,2026-09-20T17:00:00Z,TB,CLE,CLE@TB,betmgm,spreads,TB,-9.0,-112
2026-09-19T17:18:42Z,2026-09-20T17:00:00Z,TB,CLE,CLE@TB,betmgm,totals,Over,41.5,-108
2026-09-19T17:18:42Z,2026-09-20T17:00:00Z,TB,CLE,CLE@TB,betmgm,totals,Under,41.5,-110
2026-09-19T17:18:42Z,2026-09-20T17:00:00Z,TB,CLE,CLE@TB,betonlineag,h2h,CLE,,330
2026-09-19T17:18:42Z,2026-09-20T17:00:00Z,TB,CLE,CLE@TB,betonlineag,h2h,TB,,-420
2026-09-19T17:18:42Z,2026-09-20T17:00:00Z,TB,CLE,CLE@TB,betonlineag,spreads,CLE,9.0,-123
2026-09-19T17:18:42Z,2026-09-20T17:00:00Z,TB,CLE,CLE@TB,betonlineag,spreads,TB,-9.0,103
2026-09-19T17:18:42Z,2026-09-20T17:00:00Z,TB,CLE,CLE@TB,betonlineag,totals,Over,41.5,-110
2026-09-19T17:18:42Z,2026-09-20T17:00:00Z,TB,CLE,CLE@TB,betonlineag,totals,Under,41.5,-110
2026-09-19T17:18:42Z,2026-09-20T17:00:00Z,TB,CLE,CLE@TB,betrivers,h2h,CLE,,330
2026-09-19T17:18:42Z,2026-09-20T17:00:00Z,TB,CLE,CLE@TB,betrivers,h2h,TB,,-455
2026-09-19T17:18:42Z,2026-09-20T17:00:00Z,TB,CLE,CLE@TB,betrivers,spreads,CLE,8.0,-109
2026-09-19T17:18:42Z,2026-09-20T17:00:00Z,TB,CLE,CLE@TB,betrivers,spreads,TB,-8.0,-112
2026-09-19T17:18:42Z,2026-09-20T17:00:00Z,TB,CLE,CLE@TB,betrivers,totals,Over,41.5,-109
2026-09-19T17:18:42Z,2026-09-20T17:00:00Z,TB,CLE,CLE@TB,betrivers,totals,Under,41.5,-112
2026-09-19T17:18:42Z,2026-09-20T17:00:00Z,TB,CLE,CLE@TB,betus,h2h,CLE,,330
2026-09-19T17:18:42Z,2026-09-20T17:00:00Z,TB,CLE,CLE@TB,betus,h2h,TB,,-420
2026-09-19T17:18:42Z,2026-09-20T17:00:00Z,TB,CLE,CLE@TB,betus,spreads,CLE,9.0,-120
2026-09-19T17:18:42Z,2026-09-20T17:00:00Z,TB,CLE,CLE@TB,betus,spreads,TB,-9.0,100
2026-09-19T17:18:42Z,2026-09-20T17:00:00Z,TB,CLE,CLE@TB,betus,totals,Over,41.5,-110
2026-09-19T17:18:42Z,2026-09-20T17:00:00Z,TB,CLE,CLE@TB,betus,totals,Under,41.5,-110
2026-09-19T17:18:42Z,2026-09-20T17:00:00Z,TB,CLE,CLE@TB,bovada,h2h,CLE,,325
2026-09-19T17:18:42Z,2026-09-20T17:00:00Z,TB,CLE,CLE@TB,bovada,h2h,TB,,-435
2026-09-19T17:18:42Z,2026-09-20T17:00:00Z,TB,CLE,CLE@TB,bovada,spreads,CLE,8.0,-110
2026-09-19T17:18:42Z,2026-09-20T17:00:00Z,TB,CLE,CLE@TB,bovada,spreads,TB,-8.0,-110
2026-09-19T17:18:42Z,2026-09-20T17:00:00Z,TB,CLE,CLE@TB,bovada,totals,Over,41.5,-105
2026-09-19T17:18:42Z,2026-09-20T17:00:00Z,TB,CLE,CLE@TB,bovada,totals,Under,41.5,-115
2026-09-19T17:18:42Z,2026-09-20T17:00:00Z,TB,CLE,CLE@TB,draftkings,h2h,CLE,,350
2026-09-19T17:18:42Z,2026-09-20T17:00:00Z,TB,CLE,CLE@TB,draftkings,h2h,TB,,-455
2026-09-19T17:18:42Z,2026-09-20T17:00:00Z,TB,CLE,CLE@TB,draftkings,spreads,CLE,8.5,-112
2026-09-19T17:18:42Z,2026-09-20T17:00:00Z,TB,CLE,CLE@TB,draftkings,spreads,TB,-8.5,-108
2026-09-19T17:18:42Z,2026-09-20T17:00:00Z,TB,CLE,CLE@TB,draftkings,totals,Over,41.5,-110
2026-09-19T17:18:42Z,2026-09-20T17:00:00Z,TB,CLE,CLE@TB,draftkings,totals,Under,41.5,-110
2026-09-19T17:18:42Z,2026-09-20T17:00:00Z,TB,CLE,CLE@TB,fanduel,h2h,CLE,,350
2026-09-19T17:18:42Z,2026-09-20T17:00:00Z,TB,CLE,CLE@TB,fanduel,h2h,TB,,-450
2026-09-19T17:18:42Z,2026-09-20T17:00:00Z,TB,CLE,CLE@TB,fanduel,spreads,CLE,8.5,-122
2026-09-19T17:18:42Z,2026-09-20T17:00:00Z,TB,CLE,CLE@TB,fanduel,spreads,TB,-8.5,100
2026-09-19T17:18:42Z,2026-09-20T17:00:00Z,TB,CLE,CLE@TB,fanduel,totals,Over,41.5,-102
2026-09-19T17:18:42Z,2026-09-20T17:00:00Z,TB,CLE,CLE@TB,fanduel,totals,Under,41.5,-120
2026-09-19T17:18:42Z,2026-09-20T17:00:00Z,TB,CLE,CLE@TB,lowvig,h2h,CLE,,330
2026-09-19T17:18:42Z,2026-09-20T17:00:00Z,TB,CLE,CLE@TB,lowvig,h2h,TB,,-420
2026-09-19T17:18:42Z,2026-09-20T17:00:00Z,TB,CLE,CLE@TB,lowvig,spreads,CLE,9.0,-119
2026-09-19T17:18:42Z,2026-09-20T17:00:00Z,TB,CLE,CLE@TB,lowvig,spreads,TB,-9.0,108
2026-09-19T17:18:42Z,2026-09-20T17:00:00Z,TB,CLE,CLE@TB,lowvig,totals,Over,41.5,-107
2026-09-19T17:18:42Z,2026-09-20T17:00:00Z,TB,CLE,CLE@TB,lowvig,totals,Under,41.5,-107
2026-09-19T17:18:42Z,2026-09-20T17:00:00Z,TB,CLE,CLE@TB,mybookieag,h2h,CLE,,320
2026-09-19T17:18:42Z,2026-09-20T17:00:00Z,TB,CLE,CLE@TB,mybookieag,h2h,TB,,-429
2026-09-19T17:18:42Z,2026-09-20T17:00:00Z,TB,CLE,CLE@TB,mybookieag,spreads,CLE,8.5,-110
2026-09-19T17:18:42Z,2026-09-20T17:00:00Z,TB,CLE,CLE@TB,mybookieag,spreads,TB,-8.5,-110
2026-09-19T17:18:42Z,2026-09-20T17:00:00Z,TB,CLE,CLE@TB,mybookieag,totals,Over,41.5,-110
2026-09-19T17:18:42Z,2026-09-20T17:00:00Z,TB,CLE,CLE@TB,mybookieag,totals,Under,41.5,-110
2026-09-19T17:18:42Z,2026-09-20T17:00:00Z,NYJ,GB,GB@NYJ,betmgm,h2h,GB,,-185
2026-09-19T17:18:42Z,2026-09-20T17:00:00Z,NYJ,GB,GB@NYJ,betmgm,h2h,NYJ,,150
2026-09-19T17:18:42Z,2026-09-20T17:00:00Z,NYJ,GB,GB@NYJ,betmgm,spreads,GB,-3.5,-105
2026-09-19T17:18:42Z,2026-09-20T17:00:00Z,NYJ,GB,GB@NYJ,betmgm,spreads,NYJ,3.5,-115
2026-09-19T17:18:42Z,2026-09-20T17:00:00Z,NYJ,GB,GB@NYJ,betmgm,totals,Over,44.5,-110
2026-09-19T17:18:42Z,2026-09-20T17:00:00Z,NYJ,GB,GB@NYJ,betmgm,totals,Under,44.5,-108
2026-09-19T17:18:42Z,2026-09-20T17:00:00Z,NYJ,GB,GB@NYJ,betonlineag,h2h,GB,,-172
2026-09-19T17:18:42Z,2026-09-20T17:00:00Z,NYJ,GB,GB@NYJ,betonlineag,h2h,NYJ,,151
2026-09-19T17:18:42Z,2026-09-20T17:00:00Z,NYJ,GB,GB@NYJ,betonlineag,spreads,GB,-3.0,-113
2026-09-19T17:18:42Z,2026-09-20T17:00:00Z,NYJ,GB,GB@NYJ,betonlineag,spreads,NYJ,3.0,-107
2026-09-19T17:18:42Z,2026-09-20T17:00:00Z,NYJ,GB,GB@NYJ,betonlineag,totals,Over,44.5,-110
2026-09-19T17:18:42Z,2026-09-20T17:00:00Z,NYJ,GB,GB@NYJ,betonlineag,totals,Under,44.5,-110
2026-09-19T17:18:42Z,2026-09-20T17:00:00Z,NYJ,GB,GB@NYJ,betrivers,h2h,GB,,-195
2026-09-19T17:18:42Z,2026-09-20T17:00:00Z,NYJ,GB,GB@NYJ,betrivers,h2h,NYJ,,160
2026-09-19T17:18:42Z,2026-09-20T17:00:00Z,NYJ,GB,GB@NYJ,betrivers,spreads,GB,-3.5,-104
2026-09-19T17:18:42Z,2026-09-20T17:00:00Z,NYJ,GB,GB@NYJ,betrivers,spreads,NYJ,3.5,-118
2026-09-19T17:18:42Z,2026-09-20T17:00:00Z,NYJ,GB,GB@NYJ,betrivers,totals,Over,44.5,-113
2026-09-19T17:18:42Z,2026-09-20T17:00:00Z,NYJ,GB,GB@NYJ,betrivers,totals,Under,44.5,-108
2026-09-19T17:18:42Z,2026-09-20T17:00:00Z,NYJ,GB,GB@NYJ,betus,h2h,GB,,-170
2026-09-19T17:18:42Z,2026-09-20T17:00:00Z,NYJ,GB,GB@NYJ,betus,h2h,NYJ,,146
2026-09-19T17:18:42Z,2026-09-20T17:00:00Z,NYJ,GB,GB@NYJ,betus,spreads,GB,-3.0,-115
2026-09-19T17:18:42Z,2026-09-20T17:00:00Z,NYJ,GB,GB@NYJ,betus,spreads,NYJ,3.0,-105
2026-09-19T17:18:42Z,2026-09-20T17:00:00Z,NYJ,GB,GB@NYJ,betus,totals,Over,44.5,-110
2026-09-19T17:18:42Z,2026-09-20T17:00:00Z,NYJ,GB,GB@NYJ,betus,totals,Under,44.5,-110
2026-09-19T17:18:42Z,2026-09-20T17:00:00Z,NYJ,GB,GB@NYJ,bovada,h2h,GB,,-170
2026-09-19T17:18:42Z,2026-09-20T17:00:00Z,NYJ,GB,GB@NYJ,bovada,h2h,NYJ,,145
2026-09-19T17:18:42Z,2026-09-20T17:00:00Z,NYJ,GB,GB@NYJ,bovada,spreads,GB,-3.0,-110
2026-09-19T17:18:42Z,2026-09-20T17:00:00Z,NYJ,GB,GB@NYJ,bovada,spreads,NYJ,3.0,-110
2026-09-19T17:18:42Z,2026-09-20T17:00:00Z,NYJ,GB,GB@NYJ,bovada,totals,Over,44.5,-110
2026-09-19T17:18:42Z,2026-09-20T17:00:00Z,NYJ,GB,GB@NYJ,bovada,totals,Under,44.5,-110
2026-09-19T17:18:42Z,2026-09-20T17:00:00Z,NYJ,GB,GB@NYJ,draftkings,h2h,GB,,-198
2026-09-19T17:18:42Z,2026-09-20T17:00:00Z,NYJ,GB,GB@NYJ,draftkings,h2h,NYJ,,164
2026-09-19T17:18:42Z,2026-09-20T17:00:00Z,NYJ,GB,GB@NYJ,draftkings,spreads,GB,-3.5,-115
2026-09-19T17:18:42Z,2026-09-20T17:00:00Z,NYJ,GB,GB@NYJ,draftkings,spreads,NYJ,3.5,-105
2026-09-19T17:18:42Z,2026-09-20T17:00:00Z,NYJ,GB,GB@NYJ,draftkings,totals,Over,44.5,-110
2026-09-19T17:18:42Z,2026-09-20T17:00:00Z,NYJ,GB,GB@NYJ,draftkings,totals,Under,44.5,-110
2026-09-19T17:18:42Z,2026-09-20T17:00:00Z,NYJ,GB,GB@NYJ,fanduel,h2h,GB,,-190
2026-09-19T17:18:42Z,2026-09-20T17:00:00Z,NYJ,GB,GB@NYJ,fanduel,h2h,NYJ,,160
2026-09-19T17:18:42Z,2026-09-20T17:00:00Z,NYJ,GB,GB@NYJ,fanduel,spreads,GB,-3.5,-112
2026-09-19T17:18:42Z,2026-09-20T17:00:00Z,NYJ,GB,GB@NYJ,fanduel,spreads,NYJ,3.5,-108
2026-09-19T17:18:42Z,2026-09-20T17:00:00Z,NYJ,GB,GB@NYJ,fanduel,totals,Over,44.5,-110
2026-09-19T17:18:42Z,2026-09-20T17:00:00Z,NYJ,GB,GB@NYJ,fanduel,totals,Under,44.5,-110
2026-09-19T17:18:42Z,2026-09-20T17:00:00Z,NYJ,GB,GB@NYJ,lowvig,h2h,GB,,-172
2026-09-19T17:18:42Z,2026-09-20T17:00:00Z,NYJ,GB,GB@NYJ,lowvig,h2h,NYJ,,151
2026-09-19T17:18:42Z,2026-09-20T17:00:00Z,NYJ,GB,GB@NYJ,lowvig,spreads,GB,-3.0,-108
2026-09-19T17:18:42Z,2026-09-20T17:00:00Z,NYJ,GB,GB@NYJ,lowvig,spreads,NYJ,3.0,-102
2026-09-19T17:18:42Z,2026-09-20T17:00:00Z,NYJ,GB,GB@NYJ,lowvig,totals,Over,44.5,-107
2026-09-19T17:18:42Z,2026-09-20T17:00:00Z,NYJ,GB,GB@NYJ,lowvig,totals,Under,44.5,-107
2026-09-19T17:18:42Z,2026-09-20T17:00:00Z,NYJ,GB,GB@NYJ,mybookieag,h2h,GB,,-187
2026-09-19T17:18:42Z,2026-09-20T17:00:00Z,NYJ,GB,GB@NYJ,mybookieag,h2h,NYJ,,151
2026-09-19T17:18:42Z,2026-09-20T17:00:00Z,NYJ,GB,GB@NYJ,mybookieag,spreads,GB,-3.5,100
2026-09-19T17:18:42Z,2026-09-20T17:00:00Z,NYJ,GB,GB@NYJ,mybookieag,spreads,NYJ,3.5,-120
2026-09-19T17:18:42Z,2026-09-20T17:00:00Z,NYJ,GB,GB@NYJ,mybookieag,totals,Over,44.5,-110
2026-09-19T17:18:42Z,2026-09-20T17:00:00Z,NYJ,GB,GB@NYJ,mybookieag,totals,Under,44.5,-110
2026-09-19T17:18:42Z,2026-09-27T17:00:00Z,IND,HOU,HOU@IND,betonlineag,spreads,HOU,-2.5,-115
2026-09-19T17:18:42Z,2026-09-27T17:00:00Z,IND,HOU,HOU@IND,betonlineag,spreads,IND,2.5,-105
2026-09-19T17:18:42Z,2026-09-27T17:00:00Z,IND,HOU,HOU@IND,betonlineag,totals,Over,44.5,-110
2026-09-19T17:18:42Z,2026-09-27T17:00:00Z,IND,HOU,HOU@IND,betonlineag,totals,Under,44.5,-110
2026-09-19T17:18:42Z,2026-09-27T17:00:00Z,IND,HOU,HOU@IND,betrivers,h2h,HOU,,-143
2026-09-19T17:18:42Z,2026-09-27T17:00:00Z,IND,HOU,HOU@IND,betrivers,h2h,IND,,118
2026-09-19T17:18:42Z,2026-09-27T17:00:00Z,IND,HOU,HOU@IND,betrivers,spreads,HOU,-2.5,-113
2026-09-19T17:18:42Z,2026-09-27T17:00:00Z,IND,HOU,HOU@IND,betrivers,spreads,IND,2.5,-108
2026-09-19T17:18:42Z,2026-09-27T17:00:00Z,IND,HOU,HOU@IND,betrivers,totals,Over,44.5,-112
2026-09-19T17:18:42Z,2026-09-27T17:00:00Z,IND,HOU,HOU@IND,betrivers,totals,Under,44.5,-109
2026-09-19T17:18:42Z,2026-09-27T17:00:00Z,IND,HOU,HOU@IND,betus,spreads,HOU,-2.5,-115
2026-09-19T17:18:42Z,2026-09-27T17:00:00Z,IND,HOU,HOU@IND,betus,spreads,IND,2.5,-105
2026-09-19T17:18:42Z,2026-09-27T17:00:00Z,IND,HOU,HOU@IND,betus,totals,Over,44.5,-110
2026-09-19T17:18:42Z,2026-09-27T17:00:00Z,IND,HOU,HOU@IND,betus,totals,Under,44.5,-110
2026-09-19T17:18:42Z,2026-09-27T17:00:00Z,IND,HOU,HOU@IND,draftkings,h2h,HOU,,-135
2026-09-19T17:18:42Z,2026-09-27T17:00:00Z,IND,HOU,HOU@IND,draftkings,h2h,IND,,114
2026-09-19T17:18:42Z,2026-09-27T17:00:00Z,IND,HOU,HOU@IND,draftkings,spreads,HOU,-2.5,-110
2026-09-19T17:18:42Z,2026-09-27T17:00:00Z,IND,HOU,HOU@IND,draftkings,spreads,IND,2.5,-110
2026-09-19T17:18:42Z,2026-09-27T17:00:00Z,IND,HOU,HOU@IND,draftkings,totals,Over,45.5,-110
2026-09-19T17:18:42Z,2026-09-27T17:00:00Z,IND,HOU,HOU@IND,draftkings,totals,Under,45.5,-110
2026-09-19T17:18:42Z,2026-09-27T17:00:00Z,IND,HOU,HOU@IND,fanduel,h2h,HOU,,-144
2026-09-19T17:18:42Z,2026-09-27T17:00:00Z,IND,HOU,HOU@IND,fanduel,h2h,IND,,122
2026-09-19T17:18:42Z,2026-09-27T17:00:00Z,IND,HOU,HOU@IND,fanduel,spreads,HOU,-2.5,-115
2026-09-19T17:18:42Z,2026-09-27T17:00:00Z,IND,HOU,HOU@IND,fanduel,spreads,IND,2.5,-105
2026-09-19T17:18:42Z,2026-09-27T17:00:00Z,IND,HOU,HOU@IND,fanduel,totals,Over,44.5,-110
2026-09-19T17:18:42Z,2026-09-27T17:00:00Z,IND,HOU,HOU@IND,fanduel,totals,Under,44.5,-110
2026-09-19T17:18:42Z,2026-09-27T17:00:00Z,IND,HOU,HOU@IND,lowvig,spreads,HOU,-2.5,-110
2026-09-19T17:18:42Z,2026-09-27T17:00:00Z,IND,HOU,HOU@IND,lowvig,spreads,IND,2.5,100
2026-09-19T17:18:42Z,2026-09-27T17:00:00Z,IND,HOU,HOU@IND,lowvig,totals,Over,44.5,-107
2026-09-19T17:18:42Z,2026-09-27T17:00:00Z,IND,HOU,HOU@IND,lowvig,totals,Under,44.5,-107
2026-09-19T17:18:42Z,2026-09-27T17:00:00Z,IND,HOU,HOU@IND,mybookieag,h2h,HOU,,-146
2026-09-19T17:18:42Z,2026-09-27T17:00:00Z,IND,HOU,HOU@IND,mybookieag,h2h,IND,,114
2026-09-19T17:18:42Z,2026-09-27T17:00:00Z,IND,HOU,HOU@IND,mybookieag,spreads,HOU,-2.5,-110
2026-09-19T17:18:42Z,2026-09-27T17:00:00Z,IND,HOU,HOU@IND,mybookieag,spreads,IND,2.5,-110
2026-09-19T17:18:42Z,2026-09-27T17:00:00Z,IND,HOU,HOU@IND,mybookieag,totals,Over,45.0,-110
2026-09-19T17:18:42Z,2026-09-27T17:00:00Z,IND,HOU,HOU@IND,mybookieag,totals,Under,45.0,-110
2026-09-19T17:18:42Z,2026-09-21T00:20:00Z,KC,IND,IND@KC,betmgm,h2h,IND,,230
2026-09-19T17:18:42Z,2026-09-21T00:20:00Z,KC,IND,IND@KC,betmgm,h2h,KC,,-285
2026-09-19T17:18:42Z,2026-09-21T00:20:00Z,KC,IND,IND@KC,betmgm,totals,Over,46.5,-108
2026-09-19T17:18:42Z,2026-09-21T00:20:00Z,KC,IND,IND@KC,betmgm,totals,Under,46.5,-110
2026-09-19T17:18:42Z,2026-09-21T00:20:00Z,KC,IND,IND@KC,betonlineag,h2h,IND,,241
2026-09-19T17:18:42Z,2026-09-21T00:20:00Z,KC,IND,IND@KC,betonlineag,h2h,KC,,-295
2026-09-19T17:18:42Z,2026-09-21T00:20:00Z,KC,IND,IND@KC,betonlineag,spreads,IND,6.5,-115
2026-09-19T17:18:42Z,2026-09-21T00:20:00Z,KC,IND,IND@KC,betonlineag,spreads,KC,-6.5,-105
2026-09-19T17:18:42Z,2026-09-21T00:20:00Z,KC,IND,IND@KC,betonlineag,totals,Over,46.5,-105
2026-09-19T17:18:42Z,2026-09-21T00:20:00Z,KC,IND,IND@KC,betonlineag,totals,Under,46.5,-115
2026-09-19T17:18:42Z,2026-09-21T00:20:00Z,KC,IND,IND@KC,betrivers,h2h,IND,,250
2026-09-19T17:18:42Z,2026-09-21T00:20:00Z,KC,IND,IND@KC,betrivers,h2h,KC,,-315
2026-09-19T17:18:42Z,2026-09-21T00:20:00Z,KC,IND,IND@KC,betrivers,spreads,IND,6.0,-106
2026-09-19T17:18:42Z,2026-09-21T00:20:00Z,KC,IND,IND@KC,betrivers,spreads,KC,-6.0,-115
2026-09-19T17:18:42Z,2026-09-21T00:20:00Z,KC,IND,IND@KC,betrivers,totals,Over,46.5,-109
2026-09-19T17:18:42Z,2026-09-21T00:20:00Z,KC,IND,IND@KC,betrivers,totals,Under,46.5,-112
2026-09-19T17:18:42Z,2026-09-21T00:20:00Z,KC,IND,IND@KC,betus,h2h,IND,,240
2026-09-19T17:18:42Z,2026-09-21T00:20:00Z,KC,IND,IND@KC,betus,h2h,KC,,-290
2026-09-19T17:18:42Z,2026-09-21T00:20:00Z,KC,IND,IND@KC,betus,spreads,IND,6.5,-115
2026-09-19T17:18:42Z,2026-09-21T00:20:00Z,KC,IND,IND@KC,betus,spreads,KC,-6.5,-105
2026-09-19T17:18:42Z,2026-09-21T00:20:00Z,KC,IND,IND@KC,betus,totals,Over,46.5,-105
2026-09-19T17:18:42Z,2026-09-21T00:20:00Z,KC,IND,IND@KC,betus,totals,Under,46.5,-115
2026-09-19T17:18:42Z,2026-09-21T00:20:00Z,KC,IND,IND@KC,bovada,h2h,IND,,225
2026-09-19T17:18:42Z,2026-09-21T00:20:00Z,KC,IND,IND@KC,bovada,h2h,KC,,-275
2026-09-19T17:18:42Z,2026-09-21T00:20:00Z,KC,IND,IND@KC,bovada,spreads,IND,6.0,-110
2026-09-19T17:18:42Z,2026-09-21T00:20:00Z,KC,IND,IND@KC,bovada,spreads,KC,-6.0,-110
2026-09-19T17:18:42Z,2026-09-21T00:20:00Z,KC,IND,IND@KC,bovada,totals,Over,46.5,105
2026-09-19T17:18:42Z,2026-09-21T00:20:00Z,KC,IND,IND@KC,bovada,totals,Under,46.5,-125
2026-09-19T17:18:42Z,2026-09-21T00:20:00Z,KC,IND,IND@KC,draftkings,h2h,IND,,230
2026-09-19T17:18:42Z,2026-09-21T00:20:00Z,KC,IND,IND@KC,draftkings,h2h,KC,,-285
2026-09-19T17:18:42Z,2026-09-21T00:20:00Z,KC,IND,IND@KC,draftkings,spreads,IND,6.0,-108
2026-09-19T17:18:42Z,2026-09-21T00:20:00Z,KC,IND,IND@KC,draftkings,spreads,KC,-6.0,-112
2026-09-19T17:18:42Z,2026-09-21T00:20:00Z,KC,IND,IND@KC,draftkings,totals,Over,46.5,-105
2026-09-19T17:18:42Z,2026-09-21T00:20:00Z,KC,IND,IND@KC,draftkings,totals,Under,46.5,-115
2026-09-19T17:18:42Z,2026-09-21T00:20:00Z,KC,IND,IND@KC,fanduel,h2h,IND,,240
2026-09-19T17:18:42Z,2026-09-21T00:20:00Z,KC,IND,IND@KC,fanduel,h2h,KC,,-295
2026-09-19T17:18:42Z,2026-09-21T00:20:00Z,KC,IND,IND@KC,fanduel,spreads,IND,6.5,-115
2026-09-19T17:18:42Z,2026-09-21T00:20:00Z,KC,IND,IND@KC,fanduel,spreads,KC,-6.5,-105
2026-09-19T17:18:42Z,2026-09-21T00:20:00Z,KC,IND,IND@KC,fanduel,totals,Over,46.5,-110
2026-09-19T17:18:42Z,2026-09-21T00:20:00Z,KC,IND,IND@KC,fanduel,totals,Under,46.5,-110
2026-09-19T17:18:42Z,2026-09-21T00:20:00Z,KC,IND,IND@KC,lowvig,h2h,IND,,241
2026-09-19T17:18:42Z,2026-09-21T00:20:00Z,KC,IND,IND@KC,lowvig,h2h,KC,,-295
2026-09-19T17:18:42Z,2026-09-21T00:20:00Z,KC,IND,IND@KC,lowvig,spreads,IND,6.5,-110
2026-09-19T17:18:42Z,2026-09-21T00:20:00Z,KC,IND,IND@KC,lowvig,spreads,KC,-6.5,100
2026-09-19T17:18:42Z,2026-09-21T00:20:00Z,KC,IND,IND@KC,lowvig,totals,Over,46.5,-102
2026-09-19T17:18:42Z,2026-09-21T00:20:00Z,KC,IND,IND@KC,lowvig,totals,Under,46.5,-113
2026-09-19T17:18:42Z,2026-09-21T00:20:00Z,KC,IND,IND@KC,mybookieag,h2h,IND,,223
2026-09-19T17:18:42Z,2026-09-21T00:20:00Z,KC,IND,IND@KC,mybookieag,h2h,KC,,-288
2026-09-19T17:18:42Z,2026-09-21T00:20:00Z,KC,IND,IND@KC,mybookieag,spreads,IND,6.5,-110
2026-09-19T17:18:42Z,2026-09-21T00:20:00Z,KC,IND,IND@KC,mybookieag,spreads,KC,-6.5,-110
2026-09-19T17:18:42Z,2026-09-21T00:20:00Z,KC,IND,IND@KC,mybookieag,totals,Over,46.0,-110
2026-09-19T17:18:42Z,2026-09-21T00:20:00Z,KC,IND,IND@KC,mybookieag,totals,Under,46.0,-110
2026-09-19T17:18:42Z,2026-09-20T20:05:00Z,DEN,JAX,JAX@DEN,betmgm,h2h,DEN,,-150
2026-09-19T17:18:42Z,2026-09-20T20:05:00Z,DEN,JAX,JAX@DEN,betmgm,h2h,JAX,,125
2026-09-19T17:18:42Z,2026-09-20T20:05:00Z,DEN,JAX,JAX@DEN,betmgm,spreads,DEN,-2.5,-125
2026-09-19T17:18:42Z,2026-09-20T20:05:00Z,DEN,JAX,JAX@DEN,betmgm,spreads,JAX,2.5,-105
2026-09-19T17:18:42Z,2026-09-20T20:05:00Z,DEN,JAX,JAX@DEN,betmgm,totals,Over,45.5,-108
2026-09-19T17:18:42Z,2026-09-20T20:05:00Z,DEN,JAX,JAX@DEN,betmgm,totals,Under,45.5,-110
2026-09-19T17:18:42Z,2026-09-20T20:05:00Z,DEN,JAX,JAX@DEN,betonlineag,h2h,DEN,,-153
2026-09-19T17:18:42Z,2026-09-20T20:05:00Z,DEN,JAX,JAX@DEN,betonlineag,h2h,JAX,,133
2026-09-19T17:18:42Z,2026-09-20T20:05:00Z,DEN,JAX,JAX@DEN,betonlineag,spreads,DEN,-2.5,-119
2026-09-19T17:18:42Z,2026-09-20T20:05:00Z,DEN,JAX,JAX@DEN,betonlineag,spreads,JAX,2.5,-101
2026-09-19T17:18:42Z,2026-09-20T20:05:00Z,DEN,JAX,JAX@DEN,betonlineag,totals,Over,45.5,-110
2026-09-19T17:18:42Z,2026-09-20T20:05:00Z,DEN,JAX,JAX@DEN,betonlineag,totals,Under,45.5,-110
2026-09-19T17:18:42Z,2026-09-20T20:05:00Z,DEN,JAX,JAX@DEN,betrivers,h2h,DEN,,-155
2026-09-19T17:18:42Z,2026-09-20T20:05:00Z,DEN,JAX,JAX@DEN,betrivers,h2h,JAX,,130
2026-09-19T17:18:42Z,2026-09-20T20:05:00Z,DEN,JAX,JAX@DEN,betrivers,spreads,DEN,-3.0,-105
2026-09-19T17:18:42Z,2026-09-20T20:05:00Z,DEN,JAX,JAX@DEN,betrivers,spreads,JAX,3.0,-117
2026-09-19T17:18:42Z,2026-09-20T20:05:00Z,DEN,JAX,JAX@DEN,betrivers,totals,Over,45.0,-110
2026-09-19T17:18:42Z,2026-09-20T20:05:00Z,DEN,JAX,JAX@DEN,betrivers,totals,Under,45.0,-110
2026-09-19T17:18:42Z,2026-09-20T20:05:00Z,DEN,JAX,JAX@DEN,betus,h2h,DEN,,-155
2026-09-19T17:18:42Z,2026-09-20T20:05:00Z,DEN,JAX,JAX@DEN,betus,h2h,JAX,,134
2026-09-19T17:18:42Z,2026-09-20T20:05:00Z,DEN,JAX,JAX@DEN,betus,spreads,DEN,-2.0,-120
2026-09-19T17:18:42Z,2026-09-20T20:05:00Z,DEN,JAX,JAX@DEN,betus,spreads,JAX,2.0,100
2026-09-19T17:18:42Z,2026-09-20T20:05:00Z,DEN,JAX,JAX@DEN,betus,totals,Over,45.5,-110
2026-09-19T17:18:42Z,2026-09-20T20:05:00Z,DEN,JAX,JAX@DEN,betus,totals,Under,45.5,-110
2026-09-19T17:18:42Z,2026-09-20T20:05:00Z,DEN,JAX,JAX@DEN,bovada,h2h,DEN,,-160
2026-09-19T17:18:42Z,2026-09-20T20:05:00Z,DEN,JAX,JAX@DEN,bovada,h2h,JAX,,135
2026-09-19T17:18:42Z,2026-09-20T20:05:00Z,DEN,JAX,JAX@DEN,bovada,spreads,DEN,-3.0,100
2026-09-19T17:18:42Z,2026-09-20T20:05:00Z,DEN,JAX,JAX@DEN,bovada,spreads,JAX,3.0,-120
2026-09-19T17:18:42Z,2026-09-20T20:05:00Z,DEN,JAX,JAX@DEN,bovada,totals,Over,45.5,-110
2026-09-19T17:18:42Z,2026-09-20T20:05:00Z,DEN,JAX,JAX@DEN,bovada,totals,Under,45.5,-110
2026-09-19T17:18:42Z,2026-09-20T20:05:00Z,DEN,JAX,JAX@DEN,draftkings,h2h,DEN,,-148
2026-09-19T17:18:42Z,2026-09-20T20:05:00Z,DEN,JAX,JAX@DEN,draftkings,h2h,JAX,,124
2026-09-19T17:18:42Z,2026-09-20T20:05:00Z,DEN,JAX,JAX@DEN,draftkings,spreads,DEN,-2.5,-118
2026-09-19T17:18:42Z,2026-09-20T20:05:00Z,DEN,JAX,JAX@DEN,draftkings,spreads,JAX,2.5,-102
2026-09-19T17:18:42Z,2026-09-20T20:05:00Z,DEN,JAX,JAX@DEN,draftkings,totals,Over,45.5,-108
2026-09-19T17:18:42Z,2026-09-20T20:05:00Z,DEN,JAX,JAX@DEN,draftkings,totals,Under,45.5,-112
2026-09-19T17:18:42Z,2026-09-20T20:05:00Z,DEN,JAX,JAX@DEN,fanduel,h2h,DEN,,-148
2026-09-19T17:18:42Z,2026-09-20T20:05:00Z,DEN,JAX,JAX@DEN,fanduel,h2h,JAX,,126
2026-09-19T17:18:42Z,2026-09-20T20:05:00Z,DEN,JAX,JAX@DEN,fanduel,spreads,DEN,-2.5,-120
2026-09-19T17:18:42Z,2026-09-20T20:05:00Z,DEN,JAX,JAX@DEN,fanduel,spreads,JAX,2.5,-102
2026-09-19T17:18:42Z,2026-09-20T20:05:00Z,DEN,JAX,JAX@DEN,fanduel,totals,Over,45.5,-105
2026-09-19T17:18:42Z,2026-09-20T20:05:00Z,DEN,JAX,JAX@DEN,fanduel,totals,Under,45.5,-115
2026-09-19T17:18:42Z,2026-09-20T20:05:00Z,DEN,JAX,JAX@DEN,lowvig,h2h,DEN,,-153
2026-09-19T17:18:42Z,2026-09-20T20:05:00Z,DEN,JAX,JAX@DEN,lowvig,h2h,JAX,,133
2026-09-19T17:18:42Z,2026-09-20T20:05:00Z,DEN,JAX,JAX@DEN,lowvig,spreads,DEN,-2.5,-116
2026-09-19T17:18:42Z,2026-09-20T20:05:00Z,DEN,JAX,JAX@DEN,lowvig,spreads,JAX,2.5,105
2026-09-19T17:18:42Z,2026-09-20T20:05:00Z,DEN,JAX,JAX@DEN,lowvig,totals,Over,45.5,-107
2026-09-19T17:18:42Z,2026-09-20T20:05:00Z,DEN,JAX,JAX@DEN,lowvig,totals,Under,45.5,-107
2026-09-19T17:18:42Z,2026-09-20T20:05:00Z,DEN,JAX,JAX@DEN,mybookieag,h2h,DEN,,-155
2026-09-19T17:18:42Z,2026-09-20T20:05:00Z,DEN,JAX,JAX@DEN,mybookieag,h2h,JAX,,126
2026-09-19T17:18:42Z,2026-09-20T20:05:00Z,DEN,JAX,JAX@DEN,mybookieag,spreads,DEN,-2.5,-115
2026-09-19T17:18:42Z,2026-09-20T20:05:00Z,DEN,JAX,JAX@DEN,mybookieag,spreads,JAX,2.5,-105
2026-09-19T17:18:42Z,2026-09-20T20:05:00Z,DEN,JAX,JAX@DEN,mybookieag,totals,Over,45.5,-110
2026-09-19T17:18:42Z,2026-09-20T20:05:00Z,DEN,JAX,JAX@DEN,mybookieag,totals,Under,45.5,-110
2026-09-19T17:18:42Z,2026-09-27T17:00:00Z,MIA,KC,KC@MIA,betonlineag,spreads,KC,-8.5,-110
2026-09-19T17:18:42Z,2026-09-27T17:00:00Z,MIA,KC,KC@MIA,betonlineag,spreads,MIA,8.5,-110
2026-09-19T17:18:42Z,2026-09-27T17:00:00Z,MIA,KC,KC@MIA,betonlineag,totals,Over,44.5,-110
2026-09-19T17:18:42Z,2026-09-27T17:00:00Z,MIA,KC,KC@MIA,betonlineag,totals,Under,44.5,-110
2026-09-19T17:18:42Z,2026-09-27T17:00:00Z,MIA,KC,KC@MIA,betrivers,h2h,KC,,-480
2026-09-19T17:18:42Z,2026-09-27T17:00:00Z,MIA,KC,KC@MIA,betrivers,h2h,MIA,,350
2026-09-19T17:18:42Z,2026-09-27T17:00:00Z,MIA,KC,KC@MIA,betrivers,spreads,KC,-8.5,-109
2026-09-19T17:18:42Z,2026-09-27T17:00:00Z,MIA,KC,KC@MIA,betrivers,spreads,MIA,8.5,-112
2026-09-19T17:18:42Z,2026-09-27T17:00:00Z,MIA,KC,KC@MIA,betrivers,totals,Over,44.5,-109
2026-09-19T17:18:42Z,2026-09-27T17:00:00Z,MIA,KC,KC@MIA,betrivers,totals,Under,44.5,-112
2026-09-19T17:18:42Z,2026-09-27T17:00:00Z,MIA,KC,KC@MIA,betus,spreads,KC,-8.5,-110
2026-09-19T17:18:42Z,2026-09-27T17:00:00Z,MIA,KC,KC@MIA,betus,spreads,MIA,8.5,-110
2026-09-19T17:18:42Z,2026-09-27T17:00:00Z,MIA,KC,KC@MIA,betus,totals,Over,44.5,-110
2026-09-19T17:18:42Z,2026-09-27T17:00:00Z,MIA,KC,KC@MIA,betus,totals,Under,44.5,-110
2026-09-19T17:18:42Z,2026-09-27T17:00:00Z,MIA,KC,KC@MIA,draftkings,h2h,KC,,-455
2026-09-19T17:18:42Z,2026-09-27T17:00:00Z,MIA,KC,KC@MIA,draftkings,h2h,MIA,,350
2026-09-19T17:18:42Z,2026-09-27T17:00:00Z,MIA,KC,KC@MIA,draftkings,spreads,KC,-8.5,-110
2026-09-19T17:18:42Z,2026-09-27T17:00:00Z,MIA,KC,KC@MIA,draftkings,spreads,MIA,8.5,-110
2026-09-19T17:18:42Z,2026-09-27T17:00:00Z,MIA,KC,KC@MIA,draftkings,totals,Over,44.5,-110
2026-09-19T17:18:42Z,2026-09-27T17:00:00Z,MIA,KC,KC@MIA,draftkings,totals,Under,44.5,-110
2026-09-19T17:18:42Z,2026-09-27T17:00:00Z,MIA,KC,KC@MIA,fanduel,h2h,KC,,-590
2026-09-19T17:18:42Z,2026-09-27T17:00:00Z,MIA,KC,KC@MIA,fanduel,h2h,MIA,,430
2026-09-19T17:18:42Z,2026-09-27T17:00:00Z,MIA,KC,KC@MIA,fanduel,spreads,KC,-8.5,-115
2026-09-19T17:18:42Z,2026-09-27T17:00:00Z,MIA,KC,KC@MIA,fanduel,spreads,MIA,8.5,-105
2026-09-19T17:18:42Z,2026-09-27T17:00:00Z,MIA,KC,KC@MIA,fanduel,totals,Over,44.5,-110
2026-09-19T17:18:42Z,2026-09-27T17:00:00Z,MIA,KC,KC@MIA,fanduel,totals,Under,44.5,-110
2026-09-19T17:18:42Z,2026-09-27T17:00:00Z,MIA,KC,KC@MIA,lowvig,spreads,KC,-8.5,-105
2026-09-19T17:18:42Z,2026-09-27T17:00:00Z,MIA,KC,KC@MIA,lowvig,spreads,MIA,8.5,-105
2026-09-19T17:18:42Z,2026-09-27T17:00:00Z,MIA,KC,KC@MIA,lowvig,totals,Over,44.5,-107
2026-09-19T17:18:42Z,2026-09-27T17:00:00Z,MIA,KC,KC@MIA,lowvig,totals,Under,44.5,-107
2026-09-19T17:18:42Z,2026-09-27T17:00:00Z,MIA,KC,KC@MIA,mybookieag,h2h,KC,,-549
2026-09-19T17:18:42Z,2026-09-27T17:00:00Z,MIA,KC,KC@MIA,mybookieag,h2h,MIA,,370
2026-09-19T17:18:42Z,2026-09-27T17:00:00Z,MIA,KC,KC@MIA,mybookieag,spreads,KC,-8.5,-110
2026-09-19T17:18:42Z,2026-09-27T17:00:00Z,MIA,KC,KC@MIA,mybookieag,spreads,MIA,8.5,-110
2026-09-19T17:18:42Z,2026-09-27T17:00:00Z,MIA,KC,KC@MIA,mybookieag,totals,Over,44.5,-110
2026-09-19T17:18:42Z,2026-09-27T17:00:00Z,MIA,KC,KC@MIA,mybookieag,totals,Under,44.5,-110
2026-09-19T17:18:42Z,2026-09-28T00:20:00Z,DEN,LA,LA@DEN,betonlineag,spreads,DEN,2.5,-105
2026-09-19T17:18:42Z,2026-09-28T00:20:00Z,DEN,LA,LA@DEN,betonlineag,spreads,LA,-2.5,-115
2026-09-19T17:18:42Z,2026-09-28T00:20:00Z,DEN,LA,LA@DEN,betonlineag,totals,Over,45.5,-115
2026-09-19T17:18:42Z,2026-09-28T00:20:00Z,DEN,LA,LA@DEN,betonlineag,totals,Under,45.5,-105
2026-09-19T17:18:42Z,2026-09-28T00:20:00Z,DEN,LA,LA@DEN,betrivers,h2h,DEN,,108
2026-09-19T17:18:42Z,2026-09-28T00:20:00Z,DEN,LA,LA@DEN,betrivers,h2h,LA,,-132
2026-09-19T17:18:42Z,2026-09-28T00:20:00Z,DEN,LA,LA@DEN,betrivers,spreads,DEN,2.5,-113
2026-09-19T17:18:42Z,2026-09-28T00:20:00Z,DEN,LA,LA@DEN,betrivers,spreads,LA,-2.5,-108
2026-09-19T17:18:42Z,2026-09-28T00:20:00Z,DEN,LA,LA@DEN,betrivers,totals,Over,46.5,-110
2026-09-19T17:18:42Z,2026-09-28T00:20:00Z,DEN,LA,LA@DEN,betrivers,totals,Under,46.5,-110
2026-09-19T17:18:42Z,2026-09-28T00:20:00Z,DEN,LA,LA@DEN,betus,spreads,DEN,2.5,-105
2026-09-19T17:18:42Z,2026-09-28T00:20:00Z,DEN,LA,LA@DEN,betus,spreads,LA,-2.5,-115
2026-09-19T17:18:42Z,2026-09-28T00:20:00Z,DEN,LA,LA@DEN,betus,totals,Over,45.5,-110
2026-09-19T17:18:42Z,2026-09-28T00:20:00Z,DEN,LA,LA@DEN,betus,totals,Under,45.5,-110
2026-09-19T17:18:42Z,2026-09-28T00:20:00Z,DEN,LA,LA@DEN,draftkings,h2h,DEN,,114
2026-09-19T17:18:42Z,2026-09-28T00:20:00Z,DEN,LA,LA@DEN,draftkings,h2h,LA,,-135
2026-09-19T17:18:42Z,2026-09-28T00:20:00Z,DEN,LA,LA@DEN,draftkings,spreads,DEN,2.5,-110
2026-09-19T17:18:42Z,2026-09-28T00:20:00Z,DEN,LA,LA@DEN,draftkings,spreads,LA,-2.5,-110
2026-09-19T17:18:42Z,2026-09-28T00:20:00Z,DEN,LA,LA@DEN,draftkings,totals,Over,46.5,-110
2026-09-19T17:18:42Z,2026-09-28T00:20:00Z,DEN,LA,LA@DEN,draftkings,totals,Under,46.5,-110
2026-09-19T17:18:42Z,2026-09-28T00:20:00Z,DEN,LA,LA@DEN,fanduel,h2h,DEN,,112
2026-09-19T17:18:42Z,2026-09-28T00:20:00Z,DEN,LA,LA@DEN,fanduel,h2h,LA,,-132
2026-09-19T17:18:42Z,2026-09-28T00:20:00Z,DEN,LA,LA@DEN,fanduel,spreads,DEN,2.5,-112
2026-09-19T17:18:42Z,2026-09-28T00:20:00Z,DEN,LA,LA@DEN,fanduel,spreads,LA,-2.5,-108
2026-09-19T17:18:42Z,2026-09-28T00:20:00Z,DEN,LA,LA@DEN,fanduel,totals,Over,46.5,-105
2026-09-19T17:18:42Z,2026-09-28T00:20:00Z,DEN,LA,LA@DEN,fanduel,totals,Under,46.5,-115
2026-09-19T17:18:42Z,2026-09-28T00:20:00Z,DEN,LA,LA@DEN,lowvig,spreads,DEN,2.5,100
2026-09-19T17:18:42Z,2026-09-28T00:20:00Z,DEN,LA,LA@DEN,lowvig,spreads,LA,-2.5,-110
2026-09-19T17:18:42Z,2026-09-28T00:20:00Z,DEN,LA,LA@DEN,lowvig,totals,Over,45.5,-113
2026-09-19T17:18:42Z,2026-09-28T00:20:00Z,DEN,LA,LA@DEN,lowvig,totals,Under,45.5,-102
2026-09-19T17:18:42Z,2026-09-28T00:20:00Z,DEN,LA,LA@DEN,mybookieag,h2h,DEN,,108
2026-09-19T17:18:42Z,2026-09-28T00:20:00Z,DEN,LA,LA@DEN,mybookieag,h2h,LA,,-137
2026-09-19T17:18:42Z,2026-09-28T00:20:00Z,DEN,LA,LA@DEN,mybookieag,spreads,DEN,2.5,-110
2026-09-19T17:18:42Z,2026-09-28T00:20:00Z,DEN,LA,LA@DEN,mybookieag,spreads,LA,-2.5,-110
2026-09-19T17:18:42Z,2026-09-28T00:20:00Z,DEN,LA,LA@DEN,mybookieag,totals,Over,46.0,-110
2026-09-19T17:18:42Z,2026-09-28T00:20:00Z,DEN,LA,LA@DEN,mybookieag,totals,Under,46.0,-110
2026-09-19T17:18:42Z,2026-09-20T20:05:00Z,LAC,LV,LV@LAC,betmgm,h2h,LV,,240
2026-09-19T17:18:42Z,2026-09-20T20:05:00Z,LAC,LV,LV@LAC,betmgm,h2h,LAC,,-295
2026-09-19T17:18:42Z,2026-09-20T20:05:00Z,LAC,LV,LV@LAC,betmgm,spreads,LV,6.5,-105
2026-09-19T17:18:42Z,2026-09-20T20:05:00Z,LAC,LV,LV@LAC,betmgm,spreads,LAC,-6.5,-115
2026-09-19T17:18:42Z,2026-09-20T20:05:00Z,LAC,LV,LV@LAC,betmgm,totals,Over,43.5,-108
2026-09-19T17:18:42Z,2026-09-20T20:05:00Z,LAC,LV,LV@LAC,betmgm,totals,Under,43.5,-110
2026-09-19T17:18:42Z,2026-09-20T20:05:00Z,LAC,LV,LV@LAC,betonlineag,h2h,LV,,243
2026-09-19T17:18:42Z,2026-09-20T20:05:00Z,LAC,LV,LV@LAC,betonlineag,h2h,LAC,,-297
2026-09-19T17:18:42Z,2026-09-20T20:05:00Z,LAC,LV,LV@LAC,betonlineag,spreads,LV,6.5,-105
2026-09-19T17:18:42Z,2026-09-20T20:05:00Z,LAC,LV,LV@LAC,betonlineag,spreads,LAC,-6.5,-115
2026-09-19T17:18:42Z,2026-09-20T20:05:00Z,LAC,LV,LV@LAC,betonlineag,totals,Over,43.5,-108
2026-09-19T17:18:42Z,2026-09-20T20:05:00Z,LAC,LV,LV@LAC,betonlineag,totals,Under,43.5,-112
2026-09-19T17:18:42Z,2026-09-20T20:05:00Z,LAC,LV,LV@LAC,betrivers,h2h,LV,,245
2026-09-19T17:18:42Z,2026-09-20T20:05:00Z,LAC,LV,LV@LAC,betrivers,h2h,LAC,,-315
2026-09-19T17:18:42Z,2026-09-20T20:05:00Z,LAC,LV,LV@LAC,betrivers,spreads,LV,6.5,-106
2026-09-19T17:18:42Z,2026-09-20T20:05:00Z,LAC,LV,LV@LAC,betrivers,spreads,LAC,-6.5,-115
2026-09-19T17:18:42Z,2026-09-20T20:05:00Z,LAC,LV,LV@LAC,betrivers,totals,Over,43.5,-112
2026-09-19T17:18:42Z,2026-09-20T20:05:00Z,LAC,LV,LV@LAC,betrivers,totals,Under,43.5,-109
2026-09-19T17:18:42Z,2026-09-20T20:05:00Z,LAC,LV,LV@LAC,betus,h2h,LV,,245
2026-09-19T17:18:42Z,2026-09-20T20:05:00Z,LAC,LV,LV@LAC,betus,h2h,LAC,,-295
2026-09-19T17:18:42Z,2026-09-20T20:05:00Z,LAC,LV,LV@LAC,betus,spreads,LV,7.0,-120
2026-09-19T17:18:42Z,2026-09-20T20:05:00Z,LAC,LV,LV@LAC,betus,spreads,LAC,-7.0,100
2026-09-19T17:18:42Z,2026-09-20T20:05:00Z,LAC,LV,LV@LAC,betus,totals,Over,43.5,-110
2026-09-19T17:18:42Z,2026-09-20T20:05:00Z,LAC,LV,LV@LAC,betus,totals,Under,43.5,-110
2026-09-19T17:18:42Z,2026-09-20T20:05:00Z,LAC,LV,LV@LAC,bovada,h2h,LV,,255
2026-09-19T17:18:42Z,2026-09-20T20:05:00Z,LAC,LV,LV@LAC,bovada,h2h,LAC,,-310
2026-09-19T17:18:42Z,2026-09-20T20:05:00Z,LAC,LV,LV@LAC,bovada,spreads,LV,6.5,-105
2026-09-19T17:18:42Z,2026-09-20T20:05:00Z,LAC,LV,LV@LAC,bovada,spreads,LAC,-6.5,-115
2026-09-19T17:18:42Z,2026-09-20T20:05:00Z,LAC,LV,LV@LAC,bovada,totals,Over,43.5,-110
2026-09-19T17:18:42Z,2026-09-20T20:05:00Z,LAC,LV,LV@LAC,bovada,totals,Under,43.5,-110
2026-09-19T17:18:42Z,2026-09-20T20:05:00Z,LAC,LV,LV@LAC,draftkings,h2h,LV,,245
2026-09-19T17:18:42Z,2026-09-20T20:05:00Z,LAC,LV,LV@LAC,draftkings,h2h,LAC,,-305
2026-09-19T17:18:42Z,2026-09-20T20:05:00Z,LAC,LV,LV@LAC,draftkings,spreads,LV,6.5,-102
2026-09-19T17:18:42Z,2026-09-20T20:05:00Z,LAC,LV,LV@LAC,draftkings,spreads,LAC,-6.5,-118
2026-09-19T17:18:42Z,2026-09-20T20:05:00Z,LAC,LV,LV@LAC,draftkings,totals,Over,43.5,-110
2026-09-19T17:18:42Z,2026-09-20T20:05:00Z,LAC,LV,LV@LAC,draftkings,totals,Under,43.5,-110
2026-09-19T17:18:42Z,2026-09-20T20:05:00Z,LAC,LV,LV@LAC,fanduel,h2h,LV,,245
2026-09-19T17:18:42Z,2026-09-20T20:05:00Z,LAC,LV,LV@LAC,fanduel,h2h,LAC,,-300
2026-09-19T17:18:42Z,2026-09-20T20:05:00Z,LAC,LV,LV@LAC,fanduel,spreads,LV,6.5,-105
2026-09-19T17:18:42Z,2026-09-20T20:05:00Z,LAC,LV,LV@LAC,fanduel,spreads,LAC,-6.5,-115
2026-09-19T17:18:42Z,2026-09-20T20:05:00Z,LAC,LV,LV@LAC,fanduel,totals,Over,43.5,-110
2026-09-19T17:18:42Z,2026-09-20T20:05:00Z,LAC,LV,LV@LAC,fanduel,totals,Under,43.5,-110
2026-09-19T17:18:42Z,2026-09-20T20:05:00Z,LAC,LV,LV@LAC,lowvig,h2h,LV,,243
2026-09-19T17:18:42Z,2026-09-20T20:05:00Z,LAC,LV,LV@LAC,lowvig,h2h,LAC,,-297
2026-09-19T17:18:42Z,2026-09-20T20:05:00Z,LAC,LV,LV@LAC,lowvig,spreads,LV,6.5,-102
2026-09-19T17:18:42Z,2026-09-20T20:05:00Z,LAC,LV,LV@LAC,lowvig,spreads,LAC,-6.5,-108
2026-09-19T17:18:42Z,2026-09-20T20:05:00Z,LAC,LV,LV@LAC,lowvig,totals,Over,43.5,-105
2026-09-19T17:18:42Z,2026-09-20T20:05:00Z,LAC,LV,LV@LAC,lowvig,totals,Under,43.5,-109
2026-09-19T17:18:42Z,2026-09-20T20:05:00Z,LAC,LV,LV@LAC,mybookieag,h2h,LV,,240
2026-09-19T17:18:42Z,2026-09-20T20:05:00Z,LAC,LV,LV@LAC,mybookieag,h2h,LAC,,-310
2026-09-19T17:18:42Z,2026-09-20T20:05:00Z,LAC,LV,LV@LAC,mybookieag,spreads,LV,6.5,-110
2026-09-19T17:18:42Z,2026-09-20T20:05:00Z,LAC,LV,LV@LAC,mybookieag,spreads,LAC,-6.5,-110
2026-09-19T17:18:42Z,2026-09-20T20:05:00Z,LAC,LV,LV@LAC,mybookieag,totals,Over,43.5,-110
2026-09-19T17:18:42Z,2026-09-20T20:05:00Z,LAC,LV,LV@LAC,mybookieag,totals,Under,43.5,-110
2026-09-19T17:18:42Z,2026-09-27T20:25:00Z,NO,LV,LV@NO,betonlineag,spreads,LV,3.0,100
2026-09-19T17:18:42Z,2026-09-27T20:25:00Z,NO,LV,LV@NO,betonlineag,spreads,NO,-3.0,-120
2026-09-19T17:18:42Z,2026-09-27T20:25:00Z,NO,LV,LV@NO,betonlineag,totals,Over,44.5,-110
2026-09-19T17:18:42Z,2026-09-27T20:25:00Z,NO,LV,LV@NO,betonlineag,totals,Under,44.5,-110
2026-09-19T17:18:42Z,2026-09-27T20:25:00Z,NO,LV,LV@NO,betrivers,h2h,LV,,133
2026-09-19T17:18:42Z,2026-09-27T20:25:00Z,NO,LV,LV@NO,betrivers,h2h,NO,,-162
2026-09-19T17:18:42Z,2026-09-27T20:25:00Z,NO,LV,LV@NO,betrivers,spreads,LV,3.0,-113
2026-09-19T17:18:42Z,2026-09-27T20:25:00Z,NO,LV,LV@NO,betrivers,spreads,NO,-3.0,-108
2026-09-19T17:18:42Z,2026-09-27T20:25:00Z,NO,LV,LV@NO,betrivers,totals,Over,45.5,-108
2026-09-19T17:18:42Z,2026-09-27T20:25:00Z,NO,LV,LV@NO,betrivers,totals,Under,45.5,-113
2026-09-19T17:18:42Z,2026-09-27T20:25:00Z,NO,LV,LV@NO,betus,spreads,LV,3.0,-105
2026-09-19T17:18:42Z,2026-09-27T20:25:00Z,NO,LV,LV@NO,betus,spreads,NO,-3.0,-115
2026-09-19T17:18:42Z,2026-09-27T20:25:00Z,NO,LV,LV@NO,betus,totals,Over,44.5,-110
2026-09-19T17:18:42Z,2026-09-27T20:25:00Z,NO,LV,LV@NO,betus,totals,Under,44.5,-110
2026-09-19T17:18:42Z,2026-09-27T20:25:00Z,NO,LV,LV@NO,draftkings,h2h,LV,,136
2026-09-19T17:18:42Z,2026-09-27T20:25:00Z,NO,LV,LV@NO,draftkings,h2h,NO,,-162
2026-09-19T17:18:42Z,2026-09-27T20:25:00Z,NO,LV,LV@NO,draftkings,spreads,LV,3.0,-110
2026-09-19T17:18:42Z,2026-09-27T20:25:00Z,NO,LV,LV@NO,draftkings,spreads,NO,-3.0,-110
2026-09-19T17:18:42Z,2026-09-27T20:25:00Z,NO,LV,LV@NO,draftkings,totals,Over,45.5,-110
2026-09-19T17:18:42Z,2026-09-27T20:25:00Z,NO,LV,LV@NO,draftkings,totals,Under,45.5,-110
2026-09-19T17:18:42Z,2026-09-27T20:25:00Z,NO,LV,LV@NO,fanduel,h2h,LV,,146
2026-09-19T17:18:42Z,2026-09-27T20:25:00Z,NO,LV,LV@NO,fanduel,h2h,NO,,-174
2026-09-19T17:18:42Z,2026-09-27T20:25:00Z,NO,LV,LV@NO,fanduel,spreads,LV,3.0,-105
2026-09-19T17:18:42Z,2026-09-27T20:25:00Z,NO,LV,LV@NO,fanduel,spreads,NO,-3.0,-115
2026-09-19T17:18:42Z,2026-09-27T20:25:00Z,NO,LV,LV@NO,fanduel,totals,Over,44.5,-115
2026-09-19T17:18:42Z,2026-09-27T20:25:00Z,NO,LV,LV@NO,fanduel,totals,Under,44.5,-105
2026-09-19T17:18:42Z,2026-09-27T20:25:00Z,NO,LV,LV@NO,lowvig,spreads,LV,3.0,105
2026-09-19T17:18:42Z,2026-09-27T20:25:00Z,NO,LV,LV@NO,lowvig,spreads,NO,-3.0,-116
2026-09-19T17:18:42Z,2026-09-27T20:25:00Z,NO,LV,LV@NO,lowvig,totals,Over,44.5,-107
2026-09-19T17:18:42Z,2026-09-27T20:25:00Z,NO,LV,LV@NO,lowvig,totals,Under,44.5,-107
2026-09-19T17:18:42Z,2026-09-27T20:25:00Z,NO,LV,LV@NO,mybookieag,h2h,LV,,134
2026-09-19T17:18:42Z,2026-09-27T20:25:00Z,NO,LV,LV@NO,mybookieag,h2h,NO,,-172
2026-09-19T17:18:42Z,2026-09-27T20:25:00Z,NO,LV,LV@NO,mybookieag,spreads,LV,3.0,-110
2026-09-19T17:18:42Z,2026-09-27T20:25:00Z,NO,LV,LV@NO,mybookieag,spreads,NO,-3.0,-110
2026-09-19T17:18:42Z,2026-09-27T20:25:00Z,NO,LV,LV@NO,mybookieag,totals,Over,45.0,-110
2026-09-19T17:18:42Z,2026-09-27T20:25:00Z,NO,LV,LV@NO,mybookieag,totals,Under,45.0,-110
2026-09-19T17:18:42Z,2026-09-20T20:25:00Z,SF,MIA,MIA@SF,betmgm,h2h,MIA,,650
2026-09-19T17:18:42Z,2026-09-20T20:25:00Z,SF,MIA,MIA@SF,betmgm,h2h,SF,,-900
2026-09-19T17:18:42Z,2026-09-20T20:25:00Z,SF,MIA,MIA@SF,betmgm,spreads,MIA,13.5,-108
2026-09-19T17:18:42Z,2026-09-20T20:25:00Z,SF,MIA,MIA@SF,betmgm,spreads,SF,-13.5,-110
2026-09-19T17:18:42Z,2026-09-20T20:25:00Z,SF,MIA,MIA@SF,betmgm,totals,Over,44.5,-118
2026-09-19T17:18:42Z,2026-09-20T20:25:00Z,SF,MIA,MIA@SF,betmgm,totals,Under,44.5,-110
2026-09-19T17:18:42Z,2026-09-20T20:25:00Z,SF,MIA,MIA@SF,betonlineag,h2h,MIA,,686
2026-09-19T17:18:42Z,2026-09-20T20:25:00Z,SF,MIA,MIA@SF,betonlineag,h2h,SF,,-1050
2026-09-19T17:18:42Z,2026-09-20T20:25:00Z,SF,MIA,MIA@SF,betonlineag,spreads,MIA,13.0,-105
2026-09-19T17:18:42Z,2026-09-20T20:25:00Z,SF,MIA,MIA@SF,betonlineag,spreads,SF,-13.0,-115
2026-09-19T17:18:42Z,2026-09-20T20:25:00Z,SF,MIA,MIA@SF,betonlineag,totals,Over,45.0,-105
2026-09-19T17:18:42Z,2026-09-20T20:25:00Z,SF,MIA,MIA@SF,betonlineag,totals,Under,45.0,-115
2026-09-19T17:18:42Z,2026-09-20T20:25:00Z,SF,MIA,MIA@SF,betrivers,h2h,MIA,,600
2026-09-19T17:18:42Z,2026-09-20T20:25:00Z,SF,MIA,MIA@SF,betrivers,h2h,SF,,-1000
2026-09-19T17:18:42Z,2026-09-20T20:25:00Z,SF,MIA,MIA@SF,betrivers,spreads,MIA,13.5,-110
2026-09-19T17:18:42Z,2026-09-20T20:25:00Z,SF,MIA,MIA@SF,betrivers,spreads,SF,-13.5,-110
2026-09-19T17:18:42Z,2026-09-20T20:25:00Z,SF,MIA,MIA@SF,betrivers,totals,Over,45.0,-109
2026-09-19T17:18:42Z,2026-09-20T20:25:00Z,SF,MIA,MIA@SF,betrivers,totals,Under,45.0,-112
2026-09-19T17:18:42Z,2026-09-20T20:25:00Z,SF,MIA,MIA@SF,betus,h2h,MIA,,680
2026-09-19T17:18:42Z,2026-09-20T20:25:00Z,SF,MIA,MIA@SF,betus,h2h,SF,,-1050
2026-09-19T17:18:42Z,2026-09-20T20:25:00Z,SF,MIA,MIA@SF,betus,spreads,MIA,13.0,-105
2026-09-19T17:18:42Z,2026-09-20T20:25:00Z,SF,MIA,MIA@SF,betus,spreads,SF,-13.0,-115
2026-09-19T17:18:42Z,2026-09-20T20:25:00Z,SF,MIA,MIA@SF,betus,totals,Over,45.0,-105
2026-09-19T17:18:42Z,2026-09-20T20:25:00Z,SF,MIA,MIA@SF,betus,totals,Under,45.0,-115
2026-09-19T17:18:42Z,2026-09-20T20:25:00Z,SF,MIA,MIA@SF,bovada,h2h,MIA,,650
2026-09-19T17:18:42Z,2026-09-20T20:25:00Z,SF,MIA,MIA@SF,bovada,h2h,SF,,-1100
2026-09-19T17:18:42Z,2026-09-20T20:25:00Z,SF,MIA,MIA@SF,bovada,spreads,MIA,13.0,-110
2026-09-19T17:18:42Z,2026-09-20T20:25:00Z,SF,MIA,MIA@SF,bovada,spreads,SF,-13.0,-110
2026-09-19T17:18:42Z,2026-09-20T20:25:00Z,SF,MIA,MIA@SF,bovada,totals,Over,45.0,-110
2026-09-19T17:18:42Z,2026-09-20T20:25:00Z,SF,MIA,MIA@SF,bovada,totals,Under,45.0,-110
2026-09-19T17:18:42Z,2026-09-20T20:25:00Z,SF,MIA,MIA@SF,draftkings,h2h,MIA,,625
2026-09-19T17:18:42Z,2026-09-20T20:25:00Z,SF,MIA,MIA@SF,draftkings,h2h,SF,,-950
2026-09-19T17:18:42Z,2026-09-20T20:25:00Z,SF,MIA,MIA@SF,draftkings,spreads,MIA,13.5,-115
2026-09-19T17:18:42Z,2026-09-20T20:25:00Z,SF,MIA,MIA@SF,draftkings,spreads,SF,-13.5,-105
2026-09-19T17:18:42Z,2026-09-20T20:25:00Z,SF,MIA,MIA@SF,draftkings,totals,Over,44.5,-115
2026-09-19T17:18:42Z,2026-09-20T20:25:00Z,SF,MIA,MIA@SF,draftkings,totals,Under,44.5,-105
2026-09-19T17:18:42Z,2026-09-20T20:25:00Z,SF,MIA,MIA@SF,fanduel,h2h,MIA,,640
2026-09-19T17:18:42Z,2026-09-20T20:25:00Z,SF,MIA,MIA@SF,fanduel,h2h,SF,,-950
2026-09-19T17:18:42Z,2026-09-20T20:25:00Z,SF,MIA,MIA@SF,fanduel,spreads,MIA,13.5,-115
2026-09-19T17:18:42Z,2026-09-20T20:25:00Z,SF,MIA,MIA@SF,fanduel,spreads,SF,-13.5,-105
2026-09-19T17:18:42Z,2026-09-20T20:25:00Z,SF,MIA,MIA@SF,fanduel,totals,Over,45.5,-102
2026-09-19T17:18:42Z,2026-09-20T20:25:00Z,SF,MIA,MIA@SF,fanduel,totals,Under,45.5,-120
2026-09-19T17:18:42Z,2026-09-20T20:25:00Z,SF,MIA,MIA@SF,lowvig,h2h,MIA,,686
2026-09-19T17:18:42Z,2026-09-20T20:25:00Z,SF,MIA,MIA@SF,lowvig,h2h,SF,,-1050
2026-09-19T17:18:42Z,2026-09-20T20:25:00Z,SF,MIA,MIA@SF,lowvig,spreads,MIA,13.0,-105
2026-09-19T17:18:42Z,2026-09-20T20:25:00Z,SF,MIA,MIA@SF,lowvig,spreads,SF,-13.0,-105
2026-09-19T17:18:42Z,2026-09-20T20:25:00Z,SF,MIA,MIA@SF,lowvig,totals,Over,45.0,-102
2026-09-19T17:18:42Z,2026-09-20T20:25:00Z,SF,MIA,MIA@SF,lowvig,totals,Under,45.0,-113
2026-09-19T17:18:42Z,2026-09-20T20:25:00Z,SF,MIA,MIA@SF,mybookieag,h2h,MIA,,658
2026-09-19T17:18:42Z,2026-09-20T20:25:00Z,SF,MIA,MIA@SF,mybookieag,h2h,SF,,-1122
2026-09-19T17:18:42Z,2026-09-20T20:25:00Z,SF,MIA,MIA@SF,mybookieag,spreads,MIA,13.5,-110
2026-09-19T17:18:42Z,2026-09-20T20:25:00Z,SF,MIA,MIA@SF,mybookieag,spreads,SF,-13.5,-110
2026-09-19T17:18:42Z,2026-09-20T20:25:00Z,SF,MIA,MIA@SF,mybookieag,totals,Over,45.0,-110
2026-09-19T17:18:42Z,2026-09-20T20:25:00Z,SF,MIA,MIA@SF,mybookieag,totals,Under,45.0,-110
2026-09-19T17:18:42Z,2026-09-20T17:00:00Z,CHI,MIN,MIN@CHI,betmgm,h2h,CHI,,-220
2026-09-19T17:18:42Z,2026-09-20T17:00:00Z,CHI,MIN,MIN@CHI,betmgm,h2h,MIN,,180
2026-09-19T17:18:42Z,2026-09-20T17:00:00Z,CHI,MIN,MIN@CHI,betmgm,spreads,CHI,-4.5,-110
2026-09-19T17:18:42Z,2026-09-20T17:00:00Z,CHI,MIN,MIN@CHI,betmgm,spreads,MIN,4.5,-108
2026-09-19T17:18:42Z,2026-09-20T17:00:00Z,CHI,MIN,MIN@CHI,betmgm,totals,Over,47.5,-118
2026-09-19T17:18:42Z,2026-09-20T17:00:00Z,CHI,MIN,MIN@CHI,betmgm,totals,Under,47.5,-110
2026-09-19T17:18:42Z,2026-09-20T17:00:00Z,CHI,MIN,MIN@CHI,betonlineag,h2h,CHI,,-215
2026-09-19T17:18:42Z,2026-09-20T17:00:00Z,CHI,MIN,MIN@CHI,betonlineag,h2h,MIN,,183
2026-09-19T17:18:42Z,2026-09-20T17:00:00Z,CHI,MIN,MIN@CHI,betonlineag,spreads,CHI,-4.5,-110
2026-09-19T17:18:42Z,2026-09-20T17:00:00Z,CHI,MIN,MIN@CHI,betonlineag,spreads,MIN,4.5,-110
2026-09-19T17:18:42Z,2026-09-20T17:00:00Z,CHI,MIN,MIN@CHI,betonlineag,totals,Over,48.0,-113
2026-09-19T17:18:42Z,2026-09-20T17:00:00Z,CHI,MIN,MIN@CHI,betonlineag,totals,Under,48.0,-107
2026-09-19T17:18:42Z,2026-09-20T17:00:00Z,CHI,MIN,MIN@CHI,betrivers,h2h,CHI,,-230
2026-09-19T17:18:42Z,2026-09-20T17:00:00Z,CHI,MIN,MIN@CHI,betrivers,h2h,MIN,,185
2026-09-19T17:18:42Z,2026-09-20T17:00:00Z,CHI,MIN,MIN@CHI,betrivers,spreads,CHI,-4.5,-113
2026-09-19T17:18:42Z,2026-09-20T17:00:00Z,CHI,MIN,MIN@CHI,betrivers,spreads,MIN,4.5,-108
2026-09-19T17:18:42Z,2026-09-20T17:00:00Z,CHI,MIN,MIN@CHI,betrivers,totals,Over,48.5,-108
2026-09-19T17:18:42Z,2026-09-20T17:00:00Z,CHI,MIN,MIN@CHI,betrivers,totals,Under,48.5,-113
2026-09-19T17:18:42Z,2026-09-20T17:00:00Z,CHI,MIN,MIN@CHI,betus,h2h,CHI,,-215
2026-09-19T17:18:42Z,2026-09-20T17:00:00Z,CHI,MIN,MIN@CHI,betus,h2h,MIN,,183
2026-09-19T17:18:42Z,2026-09-20T17:00:00Z,CHI,MIN,MIN@CHI,betus,spreads,CHI,-4.5,-110
2026-09-19T17:18:42Z,2026-09-20T17:00:00Z,CHI,MIN,MIN@CHI,betus,spreads,MIN,4.5,-110
2026-09-19T17:18:42Z,2026-09-20T17:00:00Z,CHI,MIN,MIN@CHI,betus,totals,Over,48.0,-110
2026-09-19T17:18:42Z,2026-09-20T17:00:00Z,CHI,MIN,MIN@CHI,betus,totals,Under,48.0,-110
2026-09-19T17:18:42Z,2026-09-20T17:00:00Z,CHI,MIN,MIN@CHI,bovada,h2h,CHI,,-225
2026-09-19T17:18:42Z,2026-09-20T17:00:00Z,CHI,MIN,MIN@CHI,bovada,h2h,MIN,,185
2026-09-19T17:18:42Z,2026-09-20T17:00:00Z,CHI,MIN,MIN@CHI,draftkings,h2h,CHI,,-218
2026-09-19T17:18:42Z,2026-09-20T17:00:00Z,CHI,MIN,MIN@CHI,draftkings,h2h,MIN,,180
2026-09-19T17:18:42Z,2026-09-20T17:00:00Z,CHI,MIN,MIN@CHI,draftkings,spreads,CHI,-4.5,-118
2026-09-19T17:18:42Z,2026-09-20T17:00:00Z,CHI,MIN,MIN@CHI,draftkings,spreads,MIN,4.5,-102
2026-09-19T17:18:42Z,2026-09-20T17:00:00Z,CHI,MIN,MIN@CHI,draftkings,totals,Over,47.5,-112
2026-09-19T17:18:42Z,2026-09-20T17:00:00Z,CHI,MIN,MIN@CHI,draftkings,totals,Under,47.5,-108
2026-09-19T17:18:42Z,2026-09-20T17:00:00Z,CHI,MIN,MIN@CHI,fanduel,h2h,CHI,,-220
2026-09-19T17:18:42Z,2026-09-20T17:00:00Z,CHI,MIN,MIN@CHI,fanduel,h2h,MIN,,184
2026-09-19T17:18:42Z,2026-09-20T17:00:00Z,CHI,MIN,MIN@CHI,fanduel,spreads,CHI,-4.5,-110
2026-09-19T17:18:42Z,2026-09-20T17:00:00Z,CHI,MIN,MIN@CHI,fanduel,spreads,MIN,4.5,-110
2026-09-19T17:18:42Z,2026-09-20T17:00:00Z,CHI,MIN,MIN@CHI,fanduel,totals,Over,47.5,-120
2026-09-19T17:18:42Z,2026-09-20T17:00:00Z,CHI,MIN,MIN@CHI,fanduel,totals,Under,47.5,-102
2026-09-19T17:18:42Z,2026-09-20T17:00:00Z,CHI,MIN,MIN@CHI,lowvig,h2h,CHI,,-215
2026-09-19T17:18:42Z,2026-09-20T17:00:00Z,CHI,MIN,MIN@CHI,lowvig,h2h,MIN,,183
2026-09-19T17:18:42Z,2026-09-20T17:00:00Z,CHI,MIN,MIN@CHI,lowvig,spreads,CHI,-4.5,-103
2026-09-19T17:18:42Z,2026-09-20T17:00:00Z,CHI,MIN,MIN@CHI,lowvig,spreads,MIN,4.5,-107
2026-09-19T17:18:42Z,2026-09-20T17:00:00Z,CHI,MIN,MIN@CHI,lowvig,totals,Over,48.0,-110
2026-09-19T17:18:42Z,2026-09-20T17:00:00Z,CHI,MIN,MIN@CHI,lowvig,totals,Under,48.0,-104
2026-09-19T17:18:42Z,2026-09-20T17:00:00Z,CHI,MIN,MIN@CHI,mybookieag,h2h,CHI,,-222
2026-09-19T17:18:42Z,2026-09-20T17:00:00Z,CHI,MIN,MIN@CHI,mybookieag,h2h,MIN,,178
2026-09-19T17:18:42Z,2026-09-20T17:00:00Z,CHI,MIN,MIN@CHI,mybookieag,spreads,CHI,-4.5,-110
2026-09-19T17:18:42Z,2026-09-20T17:00:00Z,CHI,MIN,MIN@CHI,mybookieag,spreads,MIN,4.5,-110
2026-09-19T17:18:42Z,2026-09-20T17:00:00Z,CHI,MIN,MIN@CHI,mybookieag,totals,Over,48.0,-110
2026-09-19T17:18:42Z,2026-09-20T17:00:00Z,CHI,MIN,MIN@CHI,mybookieag,totals,Under,48.0,-110
2026-09-19T17:18:42Z,2026-09-27T20:05:00Z,TB,MIN,MIN@TB,betonlineag,spreads,MIN,1.0,-110
2026-09-19T17:18:42Z,2026-09-27T20:05:00Z,TB,MIN,MIN@TB,betonlineag,spreads,TB,-1.0,-110
2026-09-19T17:18:42Z,2026-09-27T20:05:00Z,TB,MIN,MIN@TB,betonlineag,totals,Over,46.0,-110
2026-09-19T17:18:42Z,2026-09-27T20:05:00Z,TB,MIN,MIN@TB,betonlineag,totals,Under,46.0,-110
2026-09-19T17:18:42Z,2026-09-27T20:05:00Z,TB,MIN,MIN@TB,betrivers,h2h,MIN,,100
2026-09-19T17:18:42Z,2026-09-27T20:05:00Z,TB,MIN,MIN@TB,betrivers,h2h,TB,,-121
2026-09-19T17:18:42Z,2026-09-27T20:05:00Z,TB,MIN,MIN@TB,betrivers,spreads,MIN,1.5,-113
2026-09-19T17:18:42Z,2026-09-27T20:05:00Z,TB,MIN,MIN@TB,betrivers,spreads,TB,-1.5,-108
2026-09-19T17:18:42Z,2026-09-27T20:05:00Z,TB,MIN,MIN@TB,betrivers,totals,Over,45.5,-112
2026-09-19T17:18:42Z,2026-09-27T20:05:00Z,TB,MIN,MIN@TB,betrivers,totals,Under,45.5,-109
2026-09-19T17:18:42Z,2026-09-27T20:05:00Z,TB,MIN,MIN@TB,betus,spreads,MIN,1.5,-110
2026-09-19T17:18:42Z,2026-09-27T20:05:00Z,TB,MIN,MIN@TB,betus,spreads,TB,-1.5,-110
2026-09-19T17:18:42Z,2026-09-27T20:05:00Z,TB,MIN,MIN@TB,betus,totals,Over,46.0,-110
2026-09-19T17:18:42Z,2026-09-27T20:05:00Z,TB,MIN,MIN@TB,betus,totals,Under,46.0,-110
2026-09-19T17:18:42Z,2026-09-27T20:05:00Z,TB,MIN,MIN@TB,draftkings,h2h,MIN,,105
2026-09-19T17:18:42Z,2026-09-27T20:05:00Z,TB,MIN,MIN@TB,draftkings,h2h,TB,,-125
2026-09-19T17:18:42Z,2026-09-27T20:05:00Z,TB,MIN,MIN@TB,draftkings,spreads,MIN,1.5,-110
2026-09-19T17:18:42Z,2026-09-27T20:05:00Z,TB,MIN,MIN@TB,draftkings,spreads,TB,-1.5,-110
2026-09-19T17:18:42Z,2026-09-27T20:05:00Z,TB,MIN,MIN@TB,draftkings,totals,Over,45.5,-110
2026-09-19T17:18:42Z,2026-09-27T20:05:00Z,TB,MIN,MIN@TB,draftkings,totals,Under,45.5,-110
2026-09-19T17:18:42Z,2026-09-27T20:05:00Z,TB,MIN,MIN@TB,fanduel,h2h,MIN,,-102
2026-09-19T17:18:42Z,2026-09-27T20:05:00Z,TB,MIN,MIN@TB,fanduel,h2h,TB,,-116
2026-09-19T17:18:42Z,2026-09-27T20:05:00Z,TB,MIN,MIN@TB,fanduel,spreads,MIN,1.5,-115
2026-09-19T17:18:42Z,2026-09-27T20:05:00Z,TB,MIN,MIN@TB,fanduel,spreads,TB,-1.5,-105
2026-09-19T17:18:42Z,2026-09-27T20:05:00Z,TB,MIN,MIN@TB,fanduel,totals,Over,46.5,-110
2026-09-19T17:18:42Z,2026-09-27T20:05:00Z,TB,MIN,MIN@TB,fanduel,totals,Under,46.5,-110
2026-09-19T17:18:42Z,2026-09-27T20:05:00Z,TB,MIN,MIN@TB,lowvig,spreads,MIN,1.0,-105
2026-09-19T17:18:42Z,2026-09-27T20:05:00Z,TB,MIN,MIN@TB,lowvig,spreads,TB,-1.0,-105
2026-09-19T17:18:42Z,2026-09-27T20:05:00Z,TB,MIN,MIN@TB,lowvig,totals,Over,46.0,-107
2026-09-19T17:18:42Z,2026-09-27T20:05:00Z,TB,MIN,MIN@TB,lowvig,totals,Under,46.0,-107
2026-09-19T17:18:42Z,2026-09-27T20:05:00Z,TB,MIN,MIN@TB,mybookieag,h2h,MIN,,-101
2026-09-19T17:18:42Z,2026-09-27T20:05:00Z,TB,MIN,MIN@TB,mybookieag,h2h,TB,,-126
2026-09-19T17:18:42Z,2026-09-27T20:05:00Z,TB,MIN,MIN@TB,mybookieag,spreads,MIN,1.5,-110
2026-09-19T17:18:42Z,2026-09-27T20:05:00Z,TB,MIN,MIN@TB,mybookieag,spreads,TB,-1.5,-110
2026-09-19T17:18:42Z,2026-09-27T20:05:00Z,TB,MIN,MIN@TB,mybookieag,totals,Over,46.0,-110
2026-09-19T17:18:42Z,2026-09-27T20:05:00Z,TB,MIN,MIN@TB,mybookieag,totals,Under,46.0,-110
2026-09-19T17:18:42Z,2026-09-27T17:00:00Z,JAX,NE,NE@JAX,betonlineag,spreads,JAX,-2.5,-110
2026-09-19T17:18:42Z,2026-09-27T17:00:00Z,JAX,NE,NE@JAX,betonlineag,spreads,NE,2.5,-110
2026-09-19T17:18:42Z,2026-09-27T17:00:00Z,JAX,NE,NE@JAX,betonlineag,totals,Over,45.5,-110
2026-09-19T17:18:42Z,2026-09-27T17:00:00Z,JAX,NE,NE@JAX,betonlineag,totals,Under,45.5,-110
2026-09-19T17:18:42Z,2026-09-27T17:00:00Z,JAX,NE,NE@JAX,betrivers,h2h,JAX,,-132
2026-09-19T17:18:42Z,2026-09-27T17:00:00Z,JAX,NE,NE@JAX,betrivers,h2h,NE,,110
2026-09-19T17:18:42Z,2026-09-27T17:00:00Z,JAX,NE,NE@JAX,betrivers,spreads,JAX,-2.5,-109
2026-09-19T17:18:42Z,2026-09-27T17:00:00Z,JAX,NE,NE@JAX,betrivers,spreads,NE,2.5,-112
2026-09-19T17:18:42Z,2026-09-27T17:00:00Z,JAX,NE,NE@JAX,betrivers,totals,Over,46.0,-112
2026-09-19T17:18:42Z,2026-09-27T17:00:00Z,JAX,NE,NE@JAX,betrivers,totals,Under,46.0,-109
2026-09-19T17:18:42Z,2026-09-27T17:00:00Z,JAX,NE,NE@JAX,betus,spreads,JAX,-2.5,-110
2026-09-19T17:18:42Z,2026-09-27T17:00:00Z,JAX,NE,NE@JAX,betus,spreads,NE,2.5,-110
2026-09-19T17:18:42Z,2026-09-27T17:00:00Z,JAX,NE,NE@JAX,betus,totals,Over,45.5,-110
2026-09-19T17:18:42Z,2026-09-27T17:00:00Z,JAX,NE,NE@JAX,betus,totals,Under,45.5,-110
2026-09-19T17:18:42Z,2026-09-27T17:00:00Z,JAX,NE,NE@JAX,draftkings,h2h,JAX,,-135
2026-09-19T17:18:42Z,2026-09-27T17:00:00Z,JAX,NE,NE@JAX,draftkings,h2h,NE,,114
2026-09-19T17:18:42Z,2026-09-27T17:00:00Z,JAX,NE,NE@JAX,draftkings,spreads,JAX,-2.5,-110
2026-09-19T17:18:42Z,2026-09-27T17:00:00Z,JAX,NE,NE@JAX,draftkings,spreads,NE,2.5,-110
2026-09-19T17:18:42Z,2026-09-27T17:00:00Z,JAX,NE,NE@JAX,draftkings,totals,Over,45.5,-110
2026-09-19T17:18:42Z,2026-09-27T17:00:00Z,JAX,NE,NE@JAX,draftkings,totals,Under,45.5,-110
2026-09-19T17:18:42Z,2026-09-27T17:00:00Z,JAX,NE,NE@JAX,fanduel,h2h,JAX,,-132
2026-09-19T17:18:42Z,2026-09-27T17:00:00Z,JAX,NE,NE@JAX,fanduel,h2h,NE,,112
2026-09-19T17:18:42Z,2026-09-27T17:00:00Z,JAX,NE,NE@JAX,fanduel,spreads,JAX,-1.5,-115
2026-09-19T17:18:42Z,2026-09-27T17:00:00Z,JAX,NE,NE@JAX,fanduel,spreads,NE,1.5,-105
2026-09-19T17:18:42Z,2026-09-27T17:00:00Z,JAX,NE,NE@JAX,fanduel,totals,Over,46.5,-105
2026-09-19T17:18:42Z,2026-09-27T17:00:00Z,JAX,NE,NE@JAX,fanduel,totals,Under,46.5,-115
2026-09-19T17:18:42Z,2026-09-27T17:00:00Z,JAX,NE,NE@JAX,lowvig,spreads,JAX,-2.5,-105
2026-09-19T17:18:42Z,2026-09-27T17:00:00Z,JAX,NE,NE@JAX,lowvig,spreads,NE,2.5,-105
2026-09-19T17:18:42Z,2026-09-27T17:00:00Z,JAX,NE,NE@JAX,lowvig,totals,Over,45.5,-107
2026-09-19T17:18:42Z,2026-09-27T17:00:00Z,JAX,NE,NE@JAX,lowvig,totals,Under,45.5,-107
2026-09-19T17:18:42Z,2026-09-27T17:00:00Z,JAX,NE,NE@JAX,mybookieag,h2h,JAX,,-137
2026-09-19T17:18:42Z,2026-09-27T17:00:00Z,JAX,NE,NE@JAX,mybookieag,h2h,NE,,107
2026-09-19T17:18:42Z,2026-09-27T17:00:00Z,JAX,NE,NE@JAX,mybookieag,spreads,JAX,-2.5,-110
2026-09-19T17:18:42Z,2026-09-27T17:00:00Z,JAX,NE,NE@JAX,mybookieag,spreads,NE,2.5,-110
2026-09-19T17:18:42Z,2026-09-27T17:00:00Z,JAX,NE,NE@JAX,mybookieag,totals,Over,46.0,-110
2026-09-19T17:18:42Z,2026-09-27T17:00:00Z,JAX,NE,NE@JAX,mybookieag,totals,Under,46.0,-110
2026-09-19T17:18:42Z,2026-09-20T17:00:00Z,BAL,NO,NO@BAL,betmgm,h2h,BAL,,-425
2026-09-19T17:18:42Z,2026-09-20T17:00:00Z,BAL,NO,NO@BAL,betmgm,h2h,NO,,320
2026-09-19T17:18:42Z,2026-09-20T17:00:00Z,BAL,NO,NO@BAL,betmgm,spreads,BAL,-8.0,-112
2026-09-19T17:18:42Z,2026-09-20T17:00:00Z,BAL,NO,NO@BAL,betmgm,spreads,NO,8.0,-108
2026-09-19T17:18:42Z,2026-09-20T17:00:00Z,BAL,NO,NO@BAL,betmgm,totals,Over,46.0,-108
2026-09-19T17:18:42Z,2026-09-20T17:00:00Z,BAL,NO,NO@BAL,betmgm,totals,Under,46.0,-110
2026-09-19T17:18:42Z,2026-09-20T17:00:00Z,BAL,NO,NO@BAL,betonlineag,h2h,BAL,,-410
2026-09-19T17:18:42Z,2026-09-20T17:00:00Z,BAL,NO,NO@BAL,betonlineag,h2h,NO,,324
2026-09-19T17:18:42Z,2026-09-20T17:00:00Z,BAL,NO,NO@BAL,betonlineag,spreads,BAL,-9.0,101
2026-09-19T17:18:42Z,2026-09-20T17:00:00Z,BAL,NO,NO@BAL,betonlineag,spreads,NO,9.0,-121
2026-09-19T17:18:42Z,2026-09-20T17:00:00Z,BAL,NO,NO@BAL,betonlineag,totals,Over,46.0,-110
2026-09-19T17:18:42Z,2026-09-20T17:00:00Z,BAL,NO,NO@BAL,betonlineag,totals,Under,46.0,-110
2026-09-19T17:18:42Z,2026-09-20T17:00:00Z,BAL,NO,NO@BAL,betrivers,h2h,BAL,,-435
2026-09-19T17:18:42Z,2026-09-20T17:00:00Z,BAL,NO,NO@BAL,betrivers,h2h,NO,,325
2026-09-19T17:18:42Z,2026-09-20T17:00:00Z,BAL,NO,NO@BAL,betrivers,spreads,BAL,-8.5,-107
2026-09-19T17:18:42Z,2026-09-20T17:00:00Z,BAL,NO,NO@BAL,betrivers,spreads,NO,8.5,-114
2026-09-19T17:18:42Z,2026-09-20T17:00:00Z,BAL,NO,NO@BAL,betrivers,totals,Over,46.0,-112
2026-09-19T17:18:42Z,2026-09-20T17:00:00Z,BAL,NO,NO@BAL,betrivers,totals,Under,46.0,-109
2026-09-19T17:18:42Z,2026-09-20T17:00:00Z,BAL,NO,NO@BAL,betus,h2h,BAL,,-410
2026-09-19T17:18:42Z,2026-09-20T17:00:00Z,BAL,NO,NO@BAL,betus,h2h,NO,,325
2026-09-19T17:18:42Z,2026-09-20T17:00:00Z,BAL,NO,NO@BAL,betus,spreads,BAL,-9.0,100
2026-09-19T17:18:42Z,2026-09-20T17:00:00Z,BAL,NO,NO@BAL,betus,spreads,NO,9.0,-120
2026-09-19T17:18:42Z,2026-09-20T17:00:00Z,BAL,NO,NO@BAL,betus,totals,Over,46.0,-110
2026-09-19T17:18:42Z,2026-09-20T17:00:00Z,BAL,NO,NO@BAL,betus,totals,Under,46.0,-110
2026-09-19T17:18:42Z,2026-09-20T17:00:00Z,BAL,NO,NO@BAL,bovada,h2h,BAL,,-435
2026-09-19T17:18:42Z,2026-09-20T17:00:00Z,BAL,NO,NO@BAL,bovada,h2h,NO,,325
2026-09-19T17:18:42Z,2026-09-20T17:00:00Z,BAL,NO,NO@BAL,bovada,spreads,BAL,-8.0,-110
2026-09-19T17:18:42Z,2026-09-20T17:00:00Z,BAL,NO,NO@BAL,bovada,spreads,NO,8.0,-110
2026-09-19T17:18:42Z,2026-09-20T17:00:00Z,BAL,NO,NO@BAL,bovada,totals,Over,46.0,-110
2026-09-19T17:18:42Z,2026-09-20T17:00:00Z,BAL,NO,NO@BAL,bovada,totals,Under,46.0,-110
2026-09-19T17:18:42Z,2026-09-20T17:00:00Z,BAL,NO,NO@BAL,draftkings,h2h,BAL,,-395
2026-09-19T17:18:42Z,2026-09-20T17:00:00Z,BAL,NO,NO@BAL,draftkings,h2h,NO,,310
2026-09-19T17:18:42Z,2026-09-20T17:00:00Z,BAL,NO,NO@BAL,draftkings,spreads,BAL,-8.5,-108
2026-09-19T17:18:42Z,2026-09-20T17:00:00Z,BAL,NO,NO@BAL,draftkings,spreads,NO,8.5,-112
2026-09-19T17:18:42Z,2026-09-20T17:00:00Z,BAL,NO,NO@BAL,draftkings,totals,Over,46.5,102
2026-09-19T17:18:42Z,2026-09-20T17:00:00Z,BAL,NO,NO@BAL,draftkings,totals,Under,46.5,-122
2026-09-19T17:18:42Z,2026-09-20T17:00:00Z,BAL,NO,NO@BAL,fanduel,h2h,BAL,,-430
2026-09-19T17:18:42Z,2026-09-20T17:00:00Z,BAL,NO,NO@BAL,fanduel,h2h,NO,,340
2026-09-19T17:18:42Z,2026-09-20T17:00:00Z,BAL,NO,NO@BAL,fanduel,spreads,BAL,-8.5,-105
2026-09-19T17:18:42Z,2026-09-20T17:00:00Z,BAL,NO,NO@BAL,fanduel,spreads,NO,8.5,-115
2026-09-19T17:18:42Z,2026-09-20T17:00:00Z,BAL,NO,NO@BAL,fanduel,totals,Over,46.5,-104
2026-09-19T17:18:42Z,2026-09-20T17:00:00Z,BAL,NO,NO@BAL,fanduel,totals,Under,46.5,-118
2026-09-19T17:18:42Z,2026-09-20T17:00:00Z,BAL,NO,NO@BAL,lowvig,h2h,BAL,,-410
2026-09-19T17:18:42Z,2026-09-20T17:00:00Z,BAL,NO,NO@BAL,lowvig,h2h,NO,,324
2026-09-19T17:18:42Z,2026-09-20T17:00:00Z,BAL,NO,NO@BAL,lowvig,spreads,BAL,-9.0,106
2026-09-19T17:18:42Z,2026-09-20T17:00:00Z,BAL,NO,NO@BAL,lowvig,spreads,NO,9.0,-117
2026-09-19T17:18:42Z,2026-09-20T17:00:00Z,BAL,NO,NO@BAL,lowvig,totals,Over,46.0,-107
2026-09-19T17:18:42Z,2026-09-20T17:00:00Z,BAL,NO,NO@BAL,lowvig,totals,Under,46.0,-107
2026-09-19T17:18:42Z,2026-09-20T17:00:00Z,BAL,NO,NO@BAL,mybookieag,h2h,BAL,,-420
2026-09-19T17:18:42Z,2026-09-20T17:00:00Z,BAL,NO,NO@BAL,mybookieag,h2h,NO,,310
2026-09-19T17:18:42Z,2026-09-20T17:00:00Z,BAL,NO,NO@BAL,mybookieag,spreads,BAL,-8.5,-110
2026-09-19T17:18:42Z,2026-09-20T17:00:00Z,BAL,NO,NO@BAL,mybookieag,spreads,NO,8.5,-110
2026-09-19T17:18:42Z,2026-09-20T17:00:00Z,BAL,NO,NO@BAL,mybookieag,totals,Over,46.0,-110
2026-09-19T17:18:42Z,2026-09-20T17:00:00Z,BAL,NO,NO@BAL,mybookieag,totals,Under,46.0,-110
2026-09-19T17:18:42Z,2026-09-22T00:15:00Z,LA,NYG,NYG@LA,betmgm,h2h,LA,,-325
2026-09-19T17:18:42Z,2026-09-22T00:15:00Z,LA,NYG,NYG@LA,betmgm,h2h,NYG,,270
2026-09-19T17:18:42Z,2026-09-22T00:15:00Z,LA,NYG,NYG@LA,betmgm,spreads,LA,-7.0,-115
2026-09-19T17:18:42Z,2026-09-22T00:15:00Z,LA,NYG,NYG@LA,betmgm,spreads,NYG,7.0,-105
2026-09-19T17:18:42Z,2026-09-22T00:15:00Z,LA,NYG,NYG@LA,betmgm,totals,Over,48.0,-110
2026-09-19T17:18:42Z,2026-09-22T00:15:00Z,LA,NYG,NYG@LA,betmgm,totals,Under,48.0,-110
2026-09-19T17:18:42Z,2026-09-22T00:15:00Z,LA,NYG,NYG@LA,betonlineag,h2h,LA,,-335
2026-09-19T17:18:42Z,2026-09-22T00:15:00Z,LA,NYG,NYG@LA,betonlineag,h2h,NYG,,270
2026-09-19T17:18:42Z,2026-09-22T00:15:00Z,LA,NYG,NYG@LA,betonlineag,spreads,LA,-7.0,-115
2026-09-19T17:18:42Z,2026-09-22T00:15:00Z,LA,NYG,NYG@LA,betonlineag,spreads,NYG,7.0,-105
2026-09-19T17:18:42Z,2026-09-22T00:15:00Z,LA,NYG,NYG@LA,betonlineag,totals,Over,48.0,-110
2026-09-19T17:18:42Z,2026-09-22T00:15:00Z,LA,NYG,NYG@LA,betonlineag,totals,Under,48.0,-110
2026-09-19T17:18:42Z,2026-09-22T00:15:00Z,LA,NYG,NYG@LA,betrivers,h2h,LA,,-360
2026-09-19T17:18:42Z,2026-09-22T00:15:00Z,LA,NYG,NYG@LA,betrivers,h2h,NYG,,270
2026-09-19T17:18:42Z,2026-09-22T00:15:00Z,LA,NYG,NYG@LA,betrivers,spreads,LA,-7.0,-112
2026-09-19T17:18:42Z,2026-09-22T00:15:00Z,LA,NYG,NYG@LA,betrivers,spreads,NYG,7.0,-109
2026-09-19T17:18:42Z,2026-09-22T00:15:00Z,LA,NYG,NYG@LA,betrivers,totals,Over,48.0,-113
2026-09-19T17:18:42Z,2026-09-22T00:15:00Z,LA,NYG,NYG@LA,betrivers,totals,Under,48.0,-108
2026-09-19T17:18:42Z,2026-09-22T00:15:00Z,LA,NYG,NYG@LA,betus,h2h,LA,,-335
2026-09-19T17:18:42Z,2026-09-22T00:15:00Z,LA,NYG,NYG@LA,betus,h2h,NYG,,272
2026-09-19T17:18:42Z,2026-09-22T00:15:00Z,LA,NYG,NYG@LA,betus,spreads,LA,-7.0,-115
2026-09-19T17:18:42Z,2026-09-22T00:15:00Z,LA,NYG,NYG@LA,betus,spreads,NYG,7.0,-105
2026-09-19T17:18:42Z,2026-09-22T00:15:00Z,LA,NYG,NYG@LA,betus,totals,Over,48.0,-110
2026-09-19T17:18:42Z,2026-09-22T00:15:00Z,LA,NYG,NYG@LA,betus,totals,Under,48.0,-110
2026-09-19T17:18:42Z,2026-09-22T00:15:00Z,LA,NYG,NYG@LA,bovada,h2h,LA,,-340
2026-09-19T17:18:42Z,2026-09-22T00:15:00Z,LA,NYG,NYG@LA,bovada,h2h,NYG,,270
2026-09-19T17:18:42Z,2026-09-22T00:15:00Z,LA,NYG,NYG@LA,bovada,spreads,LA,-7.0,-110
2026-09-19T17:18:42Z,2026-09-22T00:15:00Z,LA,NYG,NYG@LA,bovada,spreads,NYG,7.0,-110
2026-09-19T17:18:42Z,2026-09-22T00:15:00Z,LA,NYG,NYG@LA,bovada,totals,Over,48.0,-110
2026-09-19T17:18:42Z,2026-09-22T00:15:00Z,LA,NYG,NYG@LA,bovada,totals,Under,48.0,-110
2026-09-19T17:18:42Z,2026-09-22T00:15:00Z,LA,NYG,NYG@LA,draftkings,h2h,LA,,-355
2026-09-19T17:18:42Z,2026-09-22T00:15:00Z,LA,NYG,NYG@LA,draftkings,h2h,NYG,,280
2026-09-19T17:18:42Z,2026-09-22T00:15:00Z,LA,NYG,NYG@LA,draftkings,spreads,LA,-7.0,-115
2026-09-19T17:18:42Z,2026-09-22T00:15:00Z,LA,NYG,NYG@LA,draftkings,spreads,NYG,7.0,-105
2026-09-19T17:18:42Z,2026-09-22T00:15:00Z,LA,NYG,NYG@LA,draftkings,totals,Over,48.5,-105
2026-09-19T17:18:42Z,2026-09-22T00:15:00Z,LA,NYG,NYG@LA,draftkings,totals,Under,48.5,-115
2026-09-19T17:18:42Z,2026-09-22T00:15:00Z,LA,NYG,NYG@LA,fanduel,h2h,LA,,-340
2026-09-19T17:18:42Z,2026-09-22T00:15:00Z,LA,NYG,NYG@LA,fanduel,h2h,NYG,,275
2026-09-19T17:18:42Z,2026-09-22T00:15:00Z,LA,NYG,NYG@LA,fanduel,spreads,LA,-7.5,-104
2026-09-19T17:18:42Z,2026-09-22T00:15:00Z,LA,NYG,NYG@LA,fanduel,spreads,NYG,7.5,-118
2026-09-19T17:18:42Z,2026-09-22T00:15:00Z,LA,NYG,NYG@LA,fanduel,totals,Over,47.5,-118
2026-09-19T17:18:42Z,2026-09-22T00:15:00Z,LA,NYG,NYG@LA,fanduel,totals,Under,47.5,-104
2026-09-19T17:18:42Z,2026-09-22T00:15:00Z,LA,NYG,NYG@LA,lowvig,h2h,LA,,-335
2026-09-19T17:18:42Z,2026-09-22T00:15:00Z,LA,NYG,NYG@LA,lowvig,h2h,NYG,,270
2026-09-19T17:18:42Z,2026-09-22T00:15:00Z,LA,NYG,NYG@LA,lowvig,spreads,LA,-7.0,-109
2026-09-19T17:18:42Z,2026-09-22T00:15:00Z,LA,NYG,NYG@LA,lowvig,spreads,NYG,7.0,-101
2026-09-19T17:18:42Z,2026-09-22T00:15:00Z,LA,NYG,NYG@LA,lowvig,totals,Over,48.0,-107
2026-09-19T17:18:42Z,2026-09-22T00:15:00Z,LA,NYG,NYG@LA,lowvig,totals,Under,48.0,-107
2026-09-19T17:18:42Z,2026-09-22T00:15:00Z,LA,NYG,NYG@LA,mybookieag,h2h,LA,,-340
2026-09-19T17:18:42Z,2026-09-22T00:15:00Z,LA,NYG,NYG@LA,mybookieag,h2h,NYG,,260
2026-09-19T17:18:42Z,2026-09-22T00:15:00Z,LA,NYG,NYG@LA,mybookieag,spreads,LA,-7.0,-110
2026-09-19T17:18:42Z,2026-09-22T00:15:00Z,LA,NYG,NYG@LA,mybookieag,spreads,NYG,7.0,-110
2026-09-19T17:18:42Z,2026-09-22T00:15:00Z,LA,NYG,NYG@LA,mybookieag,totals,Over,48.0,-110
2026-09-19T17:18:42Z,2026-09-22T00:15:00Z,LA,NYG,NYG@LA,mybookieag,totals,Under,48.0,-110
2026-09-19T17:18:42Z,2026-09-29T00:15:00Z,CHI,PHI,PHI@CHI,betonlineag,spreads,CHI,-2.5,-110
2026-09-19T17:18:42Z,2026-09-29T00:15:00Z,CHI,PHI,PHI@CHI,betonlineag,spreads,PHI,2.5,-110
2026-09-19T17:18:42Z,2026-09-29T00:15:00Z,CHI,PHI,PHI@CHI,betonlineag,totals,Over,47.5,-110
2026-09-19T17:18:42Z,2026-09-29T00:15:00Z,CHI,PHI,PHI@CHI,betonlineag,totals,Under,47.5,-110
2026-09-19T17:18:42Z,2026-09-29T00:15:00Z,CHI,PHI,PHI@CHI,betrivers,h2h,CHI,,-125
2026-09-19T17:18:42Z,2026-09-29T00:15:00Z,CHI,PHI,PHI@CHI,betrivers,h2h,PHI,,104
2026-09-19T17:18:42Z,2026-09-29T00:15:00Z,CHI,PHI,PHI@CHI,betrivers,spreads,CHI,-1.5,-112
2026-09-19T17:18:42Z,2026-09-29T00:15:00Z,CHI,PHI,PHI@CHI,betrivers,spreads,PHI,1.5,-109
2026-09-19T17:18:42Z,2026-09-29T00:15:00Z,CHI,PHI,PHI@CHI,betrivers,totals,Over,48.0,-108
2026-09-19T17:18:42Z,2026-09-29T00:15:00Z,CHI,PHI,PHI@CHI,betrivers,totals,Under,48.0,-113
2026-09-19T17:18:42Z,2026-09-29T00:15:00Z,CHI,PHI,PHI@CHI,betus,spreads,CHI,-2.5,-110
2026-09-19T17:18:42Z,2026-09-29T00:15:00Z,CHI,PHI,PHI@CHI,betus,spreads,PHI,2.5,-110
2026-09-19T17:18:42Z,2026-09-29T00:15:00Z,CHI,PHI,PHI@CHI,betus,totals,Over,47.5,-110
2026-09-19T17:18:42Z,2026-09-29T00:15:00Z,CHI,PHI,PHI@CHI,betus,totals,Under,47.5,-110
2026-09-19T17:18:42Z,2026-09-29T00:15:00Z,CHI,PHI,PHI@CHI,draftkings,h2h,CHI,,-118
2026-09-19T17:18:42Z,2026-09-29T00:15:00Z,CHI,PHI,PHI@CHI,draftkings,h2h,PHI,,-102
2026-09-19T17:18:42Z,2026-09-29T00:15:00Z,CHI,PHI,PHI@CHI,draftkings,spreads,CHI,-1.5,-105
2026-09-19T17:18:42Z,2026-09-29T00:15:00Z,CHI,PHI,PHI@CHI,draftkings,spreads,PHI,1.5,-115
2026-09-19T17:18:42Z,2026-09-29T00:15:00Z,CHI,PHI,PHI@CHI,draftkings,totals,Over,47.5,-110
2026-09-19T17:18:42Z,2026-09-29T00:15:00Z,CHI,PHI,PHI@CHI,draftkings,totals,Under,47.5,-110
2026-09-19T17:18:42Z,2026-09-29T00:15:00Z,CHI,PHI,PHI@CHI,fanduel,h2h,CHI,,-112
2026-09-19T17:18:42Z,2026-09-29T00:15:00Z,CHI,PHI,PHI@CHI,fanduel,h2h,PHI,,-104
2026-09-19T17:18:42Z,2026-09-29T00:15:00Z,CHI,PHI,PHI@CHI,fanduel,spreads,CHI,-1.5,-104
2026-09-19T17:18:42Z,2026-09-29T00:15:00Z,CHI,PHI,PHI@CHI,fanduel,spreads,PHI,1.5,-118
2026-09-19T17:18:42Z,2026-09-29T00:15:00Z,CHI,PHI,PHI@CHI,fanduel,totals,Over,48.5,-102
2026-09-19T17:18:42Z,2026-09-29T00:15:00Z,CHI,PHI,PHI@CHI,fanduel,totals,Under,48.5,-120
2026-09-19T17:18:42Z,2026-09-29T00:15:00Z,CHI,PHI,PHI@CHI,lowvig,spreads,CHI,-2.5,-105
2026-09-19T17:18:42Z,2026-09-29T00:15:00Z,CHI,PHI,PHI@CHI,lowvig,spreads,PHI,2.5,-105
2026-09-19T17:18:42Z,2026-09-29T00:15:00Z,CHI,PHI,PHI@CHI,lowvig,totals,Over,47.5,-107
2026-09-19T17:18:42Z,2026-09-29T00:15:00Z,CHI,PHI,PHI@CHI,lowvig,totals,Under,47.5,-107
2026-09-19T17:18:42Z,2026-09-29T00:15:00Z,CHI,PHI,PHI@CHI,mybookieag,h2h,CHI,,-120
2026-09-19T17:18:42Z,2026-09-29T00:15:00Z,CHI,PHI,PHI@CHI,mybookieag,h2h,PHI,,-106
2026-09-19T17:18:42Z,2026-09-29T00:15:00Z,CHI,PHI,PHI@CHI,mybookieag,spreads,CHI,-1.0,-110
2026-09-19T17:18:42Z,2026-09-29T00:15:00Z,CHI,PHI,PHI@CHI,mybookieag,spreads,PHI,1.0,-110
2026-09-19T17:18:42Z,2026-09-29T00:15:00Z,CHI,PHI,PHI@CHI,mybookieag,totals,Over,47.5,-110
2026-09-19T17:18:42Z,2026-09-29T00:15:00Z,CHI,PHI,PHI@CHI,mybookieag,totals,Under,47.5,-110
2026-09-19T17:18:42Z,2026-09-20T17:00:00Z,TEN,PHI,PHI@TEN,betmgm,h2h,PHI,,-325
2026-09-19T17:18:42Z,2026-09-20T17:00:00Z,TEN,PHI,PHI@TEN,betmgm,h2h,TEN,,270
2026-09-19T17:18:42Z,2026-09-20T17:00:00Z,TEN,PHI,PHI@TEN,betmgm,spreads,PHI,-7.0,-115
2026-09-19T17:18:42Z,2026-09-20T17:00:00Z,TEN,PHI,PHI@TEN,betmgm,spreads,TEN,7.0,-105
2026-09-19T17:18:42Z,2026-09-20T17:00:00Z,TEN,PHI,PHI@TEN,betmgm,totals,Over,39.5,-108
2026-09-19T17:18:42Z,2026-09-20T17:00:00Z,TEN,PHI,PHI@TEN,betmgm,totals,Under,39.5,-110
2026-09-19T17:18:42Z,2026-09-20T17:00:00Z,TEN,PHI,PHI@TEN,betonlineag,h2h,PHI,,-340
2026-09-19T17:18:42Z,2026-09-20T17:00:00Z,TEN,PHI,PHI@TEN,betonlineag,h2h,TEN,,274
2026-09-19T17:18:42Z,2026-09-20T17:00:00Z,TEN,PHI,PHI@TEN,betonlineag,spreads,PHI,-7.5,-105
2026-09-19T17:18:42Z,2026-09-20T17:00:00Z,TEN,PHI,PHI@TEN,betonlineag,spreads,TEN,7.5,-115
2026-09-19T17:18:42Z,2026-09-20T17:00:00Z,TEN,PHI,PHI@TEN,betonlineag,totals,Over,39.0,-110
2026-09-19T17:18:42Z,2026-09-20T17:00:00Z,TEN,PHI,PHI@TEN,betonlineag,totals,Under,39.0,-110
2026-09-19T17:18:42Z,2026-09-20T17:00:00Z,TEN,PHI,PHI@TEN,betrivers,h2h,PHI,,-345
2026-09-19T17:18:42Z,2026-09-20T17:00:00Z,TEN,PHI,PHI@TEN,betrivers,h2h,TEN,,265
2026-09-19T17:18:42Z,2026-09-20T17:00:00Z,TEN,PHI,PHI@TEN,betrivers,spreads,PHI,-7.0,-110
2026-09-19T17:18:42Z,2026-09-20T17:00:00Z,TEN,PHI,PHI@TEN,betrivers,spreads,TEN,7.0,-110
2026-09-19T17:18:42Z,2026-09-20T17:00:00Z,TEN,PHI,PHI@TEN,betrivers,totals,Over,39.5,-112
2026-09-19T17:18:42Z,2026-09-20T17:00:00Z,TEN,PHI,PHI@TEN,betrivers,totals,Under,39.5,-109
2026-09-19T17:18:42Z,2026-09-20T17:00:00Z,TEN,PHI,PHI@TEN,betus,h2h,PHI,,-340
2026-09-19T17:18:42Z,2026-09-20T17:00:00Z,TEN,PHI,PHI@TEN,betus,h2h,TEN,,275
2026-09-19T17:18:42Z,2026-09-20T17:00:00Z,TEN,PHI,PHI@TEN,betus,spreads,PHI,-7.5,-105
2026-09-19T17:18:42Z,2026-09-20T17:00:00Z,TEN,PHI,PHI@TEN,betus,spreads,TEN,7.5,-115
2026-09-19T17:18:42Z,2026-09-20T17:00:00Z,TEN,PHI,PHI@TEN,betus,totals,Over,39.0,-110
2026-09-19T17:18:42Z,2026-09-20T17:00:00Z,TEN,PHI,PHI@TEN,betus,totals,Under,39.0,-110
2026-09-19T17:18:42Z,2026-09-20T17:00:00Z,TEN,PHI,PHI@TEN,bovada,h2h,PHI,,-330
2026-09-19T17:18:42Z,2026-09-20T17:00:00Z,TEN,PHI,PHI@TEN,bovada,h2h,TEN,,265
2026-09-19T17:18:42Z,2026-09-20T17:00:00Z,TEN,PHI,PHI@TEN,bovada,spreads,PHI,-7.0,-110
2026-09-19T17:18:42Z,2026-09-20T17:00:00Z,TEN,PHI,PHI@TEN,bovada,spreads,TEN,7.0,-110
2026-09-19T17:18:42Z,2026-09-20T17:00:00Z,TEN,PHI,PHI@TEN,bovada,totals,Over,39.5,-115
2026-09-19T17:18:42Z,2026-09-20T17:00:00Z,TEN,PHI,PHI@TEN,bovada,totals,Under,39.5,-105
2026-09-19T17:18:42Z,2026-09-20T17:00:00Z,TEN,PHI,PHI@TEN,draftkings,h2h,PHI,,-325
2026-09-19T17:18:42Z,2026-09-20T17:00:00Z,TEN,PHI,PHI@TEN,draftkings,h2h,TEN,,260
2026-09-19T17:18:42Z,2026-09-20T17:00:00Z,TEN,PHI,PHI@TEN,draftkings,spreads,PHI,-7.0,-112
2026-09-19T17:18:42Z,2026-09-20T17:00:00Z,TEN,PHI,PHI@TEN,draftkings,spreads,TEN,7.0,-108
2026-09-19T17:18:42Z,2026-09-20T17:00:00Z,TEN,PHI,PHI@TEN,draftkings,totals,Over,39.5,-110
2026-09-19T17:18:42Z,2026-09-20T17:00:00Z,TEN,PHI,PHI@TEN,draftkings,totals,Under,39.5,-110
2026-09-19T17:18:42Z,2026-09-20T17:00:00Z,TEN,PHI,PHI@TEN,fanduel,h2h,PHI,,-350
2026-09-19T17:18:42Z,2026-09-20T17:00:00Z,TEN,PHI,PHI@TEN,fanduel,h2h,TEN,,280
2026-09-19T17:18:42Z,2026-09-20T17:00:00Z,TEN,PHI,PHI@TEN,fanduel,spreads,PHI,-7.0,-110
2026-09-19T17:18:42Z,2026-09-20T17:00:00Z,TEN,PHI,PHI@TEN,fanduel,spreads,TEN,7.0,-110
2026-09-19T17:18:42Z,2026-09-20T17:00:00Z,TEN,PHI,PHI@TEN,fanduel,totals,Over,39.5,-110
2026-09-19T17:18:42Z,2026-09-20T17:00:00Z,TEN,PHI,PHI@TEN,fanduel,totals,Under,39.5,-110
2026-09-19T17:18:42Z,2026-09-20T17:00:00Z,TEN,PHI,PHI@TEN,lowvig,h2h,PHI,,-340
2026-09-19T17:18:42Z,2026-09-20T17:00:00Z,TEN,PHI,PHI@TEN,lowvig,h2h,TEN,,274
2026-09-19T17:18:42Z,2026-09-20T17:00:00Z,TEN,PHI,PHI@TEN,lowvig,spreads,PHI,-7.5,103
2026-09-19T17:18:42Z,2026-09-20T17:00:00Z,TEN,PHI,PHI@TEN,lowvig,spreads,TEN,7.5,-114
2026-09-19T17:18:42Z,2026-09-20T17:00:00Z,TEN,PHI,PHI@TEN,lowvig,totals,Over,39.0,-107
2026-09-19T17:18:42Z,2026-09-20T17:00:00Z,TEN,PHI,PHI@TEN,lowvig,totals,Under,39.0,-107
2026-09-19T17:18:42Z,2026-09-20T17:00:00Z,TEN,PHI,PHI@TEN,mybookieag,h2h,PHI,,-350
2026-09-19T17:18:42Z,2026-09-20T17:00:00Z,TEN,PHI,PHI@TEN,mybookieag,h2h,TEN,,265
2026-09-19T17:18:42Z,2026-09-20T17:00:00Z,TEN,PHI,PHI@TEN,mybookieag,spreads,PHI,-7.0,-110
2026-09-19T17:18:42Z,2026-09-20T17:00:00Z,TEN,PHI,PHI@TEN,mybookieag,spreads,TEN,7.0,-110
2026-09-19T17:18:42Z,2026-09-20T17:00:00Z,TEN,PHI,PHI@TEN,mybookieag,totals,Over,39.5,-110
2026-09-19T17:18:42Z,2026-09-20T17:00:00Z,TEN,PHI,PHI@TEN,mybookieag,totals,Under,39.5,-110
2026-09-19T17:18:42Z,2026-09-20T17:00:00Z,NE,PIT,PIT@NE,betmgm,h2h,NE,,-235
2026-09-19T17:18:42Z,2026-09-20T17:00:00Z,NE,PIT,PIT@NE,betmgm,h2h,PIT,,195
2026-09-19T17:18:42Z,2026-09-20T17:00:00Z,NE,PIT,PIT@NE,betmgm,spreads,NE,-5.0,-110
2026-09-19T17:18:42Z,2026-09-20T17:00:00Z,NE,PIT,PIT@NE,betmgm,spreads,PIT,5.0,-110
2026-09-19T17:18:42Z,2026-09-20T17:00:00Z,NE,PIT,PIT@NE,betmgm,totals,Over,41.5,-108
2026-09-19T17:18:42Z,2026-09-20T17:00:00Z,NE,PIT,PIT@NE,betmgm,totals,Under,41.5,-110
2026-09-19T17:18:42Z,2026-09-20T17:00:00Z,NE,PIT,PIT@NE,betonlineag,h2h,NE,,-245
2026-09-19T17:18:42Z,2026-09-20T17:00:00Z,NE,PIT,PIT@NE,betonlineag,h2h,PIT,,203
2026-09-19T17:18:42Z,2026-09-20T17:00:00Z,NE,PIT,PIT@NE,betonlineag,spreads,NE,-5.0,-110
2026-09-19T17:18:42Z,2026-09-20T17:00:00Z,NE,PIT,PIT@NE,betonlineag,spreads,PIT,5.0,-110
2026-09-19T17:18:42Z,2026-09-20T17:00:00Z,NE,PIT,PIT@NE,betonlineag,totals,Over,41.5,-110
2026-09-19T17:18:42Z,2026-09-20T17:00:00Z,NE,PIT,PIT@NE,betonlineag,totals,Under,41.5,-110
2026-09-19T17:18:42Z,2026-09-20T17:00:00Z,NE,PIT,PIT@NE,betrivers,h2h,NE,,-240
2026-09-19T17:18:42Z,2026-09-20T17:00:00Z,NE,PIT,PIT@NE,betrivers,h2h,PIT,,195
2026-09-19T17:18:42Z,2026-09-20T17:00:00Z,NE,PIT,PIT@NE,betrivers,spreads,NE,-5.5,-112
2026-09-19T17:18:42Z,2026-09-20T17:00:00Z,NE,PIT,PIT@NE,betrivers,spreads,PIT,5.5,-109
2026-09-19T17:18:42Z,2026-09-20T17:00:00Z,NE,PIT,PIT@NE,betrivers,totals,Over,41.5,-109
2026-09-19T17:18:42Z,2026-09-20T17:00:00Z,NE,PIT,PIT@NE,betrivers,totals,Under,41.5,-112
2026-09-19T17:18:42Z,2026-09-20T17:00:00Z,NE,PIT,PIT@NE,betus,h2h,NE,,-235
2026-09-19T17:18:42Z,2026-09-20T17:00:00Z,NE,PIT,PIT@NE,betus,h2h,PIT,,200
2026-09-19T17:18:42Z,2026-09-20T17:00:00Z,NE,PIT,PIT@NE,betus,spreads,NE,-5.0,-110
2026-09-19T17:18:42Z,2026-09-20T17:00:00Z,NE,PIT,PIT@NE,betus,spreads,PIT,5.0,-110
2026-09-19T17:18:42Z,2026-09-20T17:00:00Z,NE,PIT,PIT@NE,betus,totals,Over,41.5,-110
2026-09-19T17:18:42Z,2026-09-20T17:00:00Z,NE,PIT,PIT@NE,betus,totals,Under,41.5,-110
2026-09-19T17:18:42Z,2026-09-20T17:00:00Z,NE,PIT,PIT@NE,bovada,h2h,NE,,-245
2026-09-19T17:18:42Z,2026-09-20T17:00:00Z,NE,PIT,PIT@NE,bovada,h2h,PIT,,205
2026-09-19T17:18:42Z,2026-09-20T17:00:00Z,NE,PIT,PIT@NE,bovada,spreads,NE,-5.0,-110
2026-09-19T17:18:42Z,2026-09-20T17:00:00Z,NE,PIT,PIT@NE,bovada,spreads,PIT,5.0,-110
2026-09-19T17:18:42Z,2026-09-20T17:00:00Z,NE,PIT,PIT@NE,bovada,totals,Over,41.5,-110
2026-09-19T17:18:42Z,2026-09-20T17:00:00Z,NE,PIT,PIT@NE,bovada,totals,Under,41.5,-110
2026-09-19T17:18:42Z,2026-09-20T17:00:00Z,NE,PIT,PIT@NE,draftkings,h2h,NE,,-225
2026-09-19T17:18:42Z,2026-09-20T17:00:00Z,NE,PIT,PIT@NE,draftkings,h2h,PIT,,185
2026-09-19T17:18:42Z,2026-09-20T17:00:00Z,NE,PIT,PIT@NE,draftkings,spreads,NE,-5.5,-108
2026-09-19T17:18:42Z,2026-09-20T17:00:00Z,NE,PIT,PIT@NE,draftkings,spreads,PIT,5.5,-112
2026-09-19T17:18:42Z,2026-09-20T17:00:00Z,NE,PIT,PIT@NE,draftkings,totals,Over,41.5,-108
2026-09-19T17:18:42Z,2026-09-20T17:00:00Z,NE,PIT,PIT@NE,draftkings,totals,Under,41.5,-112
2026-09-19T17:18:42Z,2026-09-20T17:00:00Z,NE,PIT,PIT@NE,fanduel,h2h,NE,,-245
2026-09-19T17:18:42Z,2026-09-20T17:00:00Z,NE,PIT,PIT@NE,fanduel,h2h,PIT,,200
2026-09-19T17:18:42Z,2026-09-20T17:00:00Z,NE,PIT,PIT@NE,fanduel,spreads,NE,-4.5,-120
2026-09-19T17:18:42Z,2026-09-20T17:00:00Z,NE,PIT,PIT@NE,fanduel,spreads,PIT,4.5,-102
2026-09-19T17:18:42Z,2026-09-20T17:00:00Z,NE,PIT,PIT@NE,fanduel,totals,Over,41.5,-110
2026-09-19T17:18:42Z,2026-09-20T17:00:00Z,NE,PIT,PIT@NE,fanduel,totals,Under,41.5,-110
2026-09-19T17:18:42Z,2026-09-20T17:00:00Z,NE,PIT,PIT@NE,lowvig,h2h,NE,,-245
2026-09-19T17:18:42Z,2026-09-20T17:00:00Z,NE,PIT,PIT@NE,lowvig,h2h,PIT,,203
2026-09-19T17:18:42Z,2026-09-20T17:00:00Z,NE,PIT,PIT@NE,lowvig,spreads,NE,-5.0,-105
2026-09-19T17:18:42Z,2026-09-20T17:00:00Z,NE,PIT,PIT@NE,lowvig,spreads,PIT,5.0,-105
2026-09-19T17:18:42Z,2026-09-20T17:00:00Z,NE,PIT,PIT@NE,lowvig,totals,Over,41.5,-107
2026-09-19T17:18:42Z,2026-09-20T17:00:00Z,NE,PIT,PIT@NE,lowvig,totals,Under,41.5,-107
2026-09-19T17:18:42Z,2026-09-20T17:00:00Z,NE,PIT,PIT@NE,mybookieag,h2h,NE,,-242
2026-09-19T17:18:42Z,2026-09-20T17:00:00Z,NE,PIT,PIT@NE,mybookieag,h2h,PIT,,192
2026-09-19T17:18:42Z,2026-09-20T17:00:00Z,NE,PIT,PIT@NE,mybookieag,spreads,NE,-5.0,-110
2026-09-19T17:18:42Z,2026-09-20T17:00:00Z,NE,PIT,PIT@NE,mybookieag,spreads,PIT,5.0,-110
2026-09-19T17:18:42Z,2026-09-20T17:00:00Z,NE,PIT,PIT@NE,mybookieag,totals,Over,41.5,-110
2026-09-19T17:18:42Z,2026-09-20T17:00:00Z,NE,PIT,PIT@NE,mybookieag,totals,Under,41.5,-110
2026-09-19T17:18:42Z,2026-09-20T20:25:00Z,ARI,SEA,SEA@ARI,betmgm,h2h,ARI,,175
2026-09-19T17:18:42Z,2026-09-20T20:25:00Z,ARI,SEA,SEA@ARI,betmgm,h2h,SEA,,-210
2026-09-19T17:18:42Z,2026-09-20T20:25:00Z,ARI,SEA,SEA@ARI,betmgm,spreads,ARI,4.0,-112
2026-09-19T17:18:42Z,2026-09-20T20:25:00Z,ARI,SEA,SEA@ARI,betmgm,spreads,SEA,-4.0,-105
2026-09-19T17:18:42Z,2026-09-20T20:25:00Z,ARI,SEA,SEA@ARI,betmgm,totals,Over,41.0,-110
2026-09-19T17:18:42Z,2026-09-20T20:25:00Z,ARI,SEA,SEA@ARI,betmgm,totals,Under,41.0,-120
2026-09-19T17:18:42Z,2026-09-20T20:25:00Z,ARI,SEA,SEA@ARI,betonlineag,h2h,ARI,,174
2026-09-19T17:18:42Z,2026-09-20T20:25:00Z,ARI,SEA,SEA@ARI,betonlineag,h2h,SEA,,-200
2026-09-19T17:18:42Z,2026-09-20T20:25:00Z,ARI,SEA,SEA@ARI,betonlineag,spreads,ARI,4.0,-117
2026-09-19T17:18:42Z,2026-09-20T20:25:00Z,ARI,SEA,SEA@ARI,betonlineag,spreads,SEA,-4.0,-103
2026-09-19T17:18:42Z,2026-09-20T20:25:00Z,ARI,SEA,SEA@ARI,betonlineag,totals,Over,40.5,-113
2026-09-19T17:18:42Z,2026-09-20T20:25:00Z,ARI,SEA,SEA@ARI,betonlineag,totals,Under,40.5,-107
2026-09-19T17:18:42Z,2026-09-20T20:25:00Z,ARI,SEA,SEA@ARI,betrivers,h2h,ARI,,175
2026-09-19T17:18:42Z,2026-09-20T20:25:00Z,ARI,SEA,SEA@ARI,betrivers,h2h,SEA,,-215
2026-09-19T17:18:42Z,2026-09-20T20:25:00Z,ARI,SEA,SEA@ARI,betrivers,spreads,ARI,4.0,-113
2026-09-19T17:18:42Z,2026-09-20T20:25:00Z,ARI,SEA,SEA@ARI,betrivers,spreads,SEA,-4.0,-108
2026-09-19T17:18:42Z,2026-09-20T20:25:00Z,ARI,SEA,SEA@ARI,betrivers,totals,Over,41.0,-110
2026-09-19T17:18:42Z,2026-09-20T20:25:00Z,ARI,SEA,SEA@ARI,betrivers,totals,Under,41.0,-110
2026-09-19T17:18:42Z,2026-09-20T20:25:00Z,ARI,SEA,SEA@ARI,betus,h2h,ARI,,170
2026-09-19T17:18:42Z,2026-09-20T20:25:00Z,ARI,SEA,SEA@ARI,betus,h2h,SEA,,-200
2026-09-19T17:18:42Z,2026-09-20T20:25:00Z,ARI,SEA,SEA@ARI,betus,spreads,ARI,4.0,-115
2026-09-19T17:18:42Z,2026-09-20T20:25:00Z,ARI,SEA,SEA@ARI,betus,spreads,SEA,-4.0,-105
2026-09-19T17:18:42Z,2026-09-20T20:25:00Z,ARI,SEA,SEA@ARI,betus,totals,Over,41.0,-110
2026-09-19T17:18:42Z,2026-09-20T20:25:00Z,ARI,SEA,SEA@ARI,betus,totals,Under,41.0,-110
2026-09-19T17:18:42Z,2026-09-20T20:25:00Z,ARI,SEA,SEA@ARI,bovada,h2h,ARI,,165
2026-09-19T17:18:42Z,2026-09-20T20:25:00Z,ARI,SEA,SEA@ARI,bovada,h2h,SEA,,-195
2026-09-19T17:18:42Z,2026-09-20T20:25:00Z,ARI,SEA,SEA@ARI,bovada,spreads,ARI,3.5,-110
2026-09-19T17:18:42Z,2026-09-20T20:25:00Z,ARI,SEA,SEA@ARI,bovada,spreads,SEA,-3.5,-110
2026-09-19T17:18:42Z,2026-09-20T20:25:00Z,ARI,SEA,SEA@ARI,bovada,totals,Over,41.0,-110
2026-09-19T17:18:42Z,2026-09-20T20:25:00Z,ARI,SEA,SEA@ARI,bovada,totals,Under,41.0,-110
2026-09-19T17:18:42Z,2026-09-20T20:25:00Z,ARI,SEA,SEA@ARI,draftkings,h2h,ARI,,170
2026-09-19T17:18:42Z,2026-09-20T20:25:00Z,ARI,SEA,SEA@ARI,draftkings,h2h,SEA,,-205
2026-09-19T17:18:42Z,2026-09-20T20:25:00Z,ARI,SEA,SEA@ARI,draftkings,spreads,ARI,3.5,100
2026-09-19T17:18:42Z,2026-09-20T20:25:00Z,ARI,SEA,SEA@ARI,draftkings,spreads,SEA,-3.5,-120
2026-09-19T17:18:42Z,2026-09-20T20:25:00Z,ARI,SEA,SEA@ARI,draftkings,totals,Over,40.5,-115
2026-09-19T17:18:42Z,2026-09-20T20:25:00Z,ARI,SEA,SEA@ARI,draftkings,totals,Under,40.5,-105
2026-09-19T17:18:42Z,2026-09-20T20:25:00Z,ARI,SEA,SEA@ARI,fanduel,h2h,ARI,,176
2026-09-19T17:18:42Z,2026-09-20T20:25:00Z,ARI,SEA,SEA@ARI,fanduel,h2h,SEA,,-210
2026-09-19T17:18:42Z,2026-09-20T20:25:00Z,ARI,SEA,SEA@ARI,fanduel,spreads,ARI,4.5,-120
2026-09-19T17:18:42Z,2026-09-20T20:25:00Z,ARI,SEA,SEA@ARI,fanduel,spreads,SEA,-4.5,-102
2026-09-19T17:18:42Z,2026-09-20T20:25:00Z,ARI,SEA,SEA@ARI,fanduel,totals,Over,41.5,-102
2026-09-19T17:18:42Z,2026-09-20T20:25:00Z,ARI,SEA,SEA@ARI,fanduel,totals,Under,41.5,-120
2026-09-19T17:18:42Z,2026-09-20T20:25:00Z,ARI,SEA,SEA@ARI,lowvig,h2h,ARI,,174
2026-09-19T17:18:42Z,2026-09-20T20:25:00Z,ARI,SEA,SEA@ARI,lowvig,h2h,SEA,,-200
2026-09-19T17:18:42Z,2026-09-20T20:25:00Z,ARI,SEA,SEA@ARI,lowvig,spreads,ARI,4.0,-113
2026-09-19T17:18:42Z,2026-09-20T20:25:00Z,ARI,SEA,SEA@ARI,lowvig,spreads,SEA,-4.0,102
2026-09-19T17:18:42Z,2026-09-20T20:25:00Z,ARI,SEA,SEA@ARI,lowvig,totals,Over,40.5,-110
2026-09-19T17:18:42Z,2026-09-20T20:25:00Z,ARI,SEA,SEA@ARI,lowvig,totals,Under,40.5,-104
2026-09-19T17:18:42Z,2026-09-20T20:25:00Z,ARI,SEA,SEA@ARI,mybookieag,h2h,ARI,,172
2026-09-19T17:18:42Z,2026-09-20T20:25:00Z,ARI,SEA,SEA@ARI,mybookieag,h2h,SEA,,-216
2026-09-19T17:18:42Z,2026-09-20T20:25:00Z,ARI,SEA,SEA@ARI,mybookieag,spreads,ARI,4.0,-110
2026-09-19T17:18:42Z,2026-09-20T20:25:00Z,ARI,SEA,SEA@ARI,mybookieag,spreads,SEA,-4.0,-110
2026-09-19T17:18:42Z,2026-09-20T20:25:00Z,ARI,SEA,SEA@ARI,mybookieag,totals,Over,41.0,-110
2026-09-19T17:18:42Z,2026-09-20T20:25:00Z,ARI,SEA,SEA@ARI,mybookieag,totals,Under,41.0,-110
2026-09-19T17:18:42Z,2026-09-27T17:00:00Z,WAS,SEA,SEA@WAS,betonlineag,spreads,SEA,-2.5,-115
2026-09-19T17:18:42Z,2026-09-27T17:00:00Z,WAS,SEA,SEA@WAS,betonlineag,spreads,WAS,2.5,-105
2026-09-19T17:18:42Z,2026-09-27T17:00:00Z,WAS,SEA,SEA@WAS,betonlineag,totals,Over,41.5,-110
2026-09-19T17:18:42Z,2026-09-27T17:00:00Z,WAS,SEA,SEA@WAS,betonlineag,totals,Under,41.5,-110
2026-09-19T17:18:42Z,2026-09-27T17:00:00Z,WAS,SEA,SEA@WAS,betrivers,h2h,SEA,,-136
2026-09-19T17:18:42Z,2026-09-27T17:00:00Z,WAS,SEA,SEA@WAS,betrivers,h2h,WAS,,112
2026-09-19T17:18:42Z,2026-09-27T17:00:00Z,WAS,SEA,SEA@WAS,betrivers,spreads,SEA,-2.5,-112
2026-09-19T17:18:42Z,2026-09-27T17:00:00Z,WAS,SEA,SEA@WAS,betrivers,spreads,WAS,2.5,-109
2026-09-19T17:18:42Z,2026-09-27T17:00:00Z,WAS,SEA,SEA@WAS,betrivers,totals,Over,42.0,-109
2026-09-19T17:18:42Z,2026-09-27T17:00:00Z,WAS,SEA,SEA@WAS,betrivers,totals,Under,42.0,-112
2026-09-19T17:18:42Z,2026-09-27T17:00:00Z,WAS,SEA,SEA@WAS,betus,spreads,SEA,-2.5,-110
2026-09-19T17:18:42Z,2026-09-27T17:00:00Z,WAS,SEA,SEA@WAS,betus,spreads,WAS,2.5,-110
2026-09-19T17:18:42Z,2026-09-27T17:00:00Z,WAS,SEA,SEA@WAS,betus,totals,Over,42.0,-110
2026-09-19T17:18:42Z,2026-09-27T17:00:00Z,WAS,SEA,SEA@WAS,betus,totals,Under,42.0,-110
2026-09-19T17:18:42Z,2026-09-27T17:00:00Z,WAS,SEA,SEA@WAS,draftkings,h2h,SEA,,-135
2026-09-19T17:18:42Z,2026-09-27T17:00:00Z,WAS,SEA,SEA@WAS,draftkings,h2h,WAS,,114
2026-09-19T17:18:42Z,2026-09-27T17:00:00Z,WAS,SEA,SEA@WAS,draftkings,spreads,SEA,-2.5,-110
2026-09-19T17:18:42Z,2026-09-27T17:00:00Z,WAS,SEA,SEA@WAS,draftkings,spreads,WAS,2.5,-110
2026-09-19T17:18:42Z,2026-09-27T17:00:00Z,WAS,SEA,SEA@WAS,draftkings,totals,Over,41.5,-110
2026-09-19T17:18:42Z,2026-09-27T17:00:00Z,WAS,SEA,SEA@WAS,draftkings,totals,Under,41.5,-110
2026-09-19T17:18:42Z,2026-09-27T17:00:00Z,WAS,SEA,SEA@WAS,fanduel,h2h,SEA,,-120
2026-09-19T17:18:42Z,2026-09-27T17:00:00Z,WAS,SEA,SEA@WAS,fanduel,h2h,WAS,,102
2026-09-19T17:18:42Z,2026-09-27T17:00:00Z,WAS,SEA,SEA@WAS,fanduel,spreads,SEA,-1.5,-110
2026-09-19T17:18:42Z,2026-09-27T17:00:00Z,WAS,SEA,SEA@WAS,fanduel,spreads,WAS,1.5,-110
2026-09-19T17:18:42Z,2026-09-27T17:00:00Z,WAS,SEA,SEA@WAS,fanduel,totals,Over,42.5,-105
2026-09-19T17:18:42Z,2026-09-27T17:00:00Z,WAS,SEA,SEA@WAS,fanduel,totals,Under,42.5,-115
2026-09-19T17:18:42Z,2026-09-27T17:00:00Z,WAS,SEA,SEA@WAS,lowvig,spreads,SEA,-2.5,-110
2026-09-19T17:18:42Z,2026-09-27T17:00:00Z,WAS,SEA,SEA@WAS,lowvig,spreads,WAS,2.5,100
2026-09-19T17:18:42Z,2026-09-27T17:00:00Z,WAS,SEA,SEA@WAS,lowvig,totals,Over,41.5,-107
2026-09-19T17:18:42Z,2026-09-27T17:00:00Z,WAS,SEA,SEA@WAS,lowvig,totals,Under,41.5,-107
2026-09-19T17:18:42Z,2026-09-27T17:00:00Z,WAS,SEA,SEA@WAS,mybookieag,h2h,SEA,,-133
2026-09-19T17:18:42Z,2026-09-27T17:00:00Z,WAS,SEA,SEA@WAS,mybookieag,h2h,WAS,,105
2026-09-19T17:18:42Z,2026-09-27T17:00:00Z,WAS,SEA,SEA@WAS,mybookieag,spreads,SEA,-2.5,-110
2026-09-19T17:18:42Z,2026-09-27T17:00:00Z,WAS,SEA,SEA@WAS,mybookieag,spreads,WAS,2.5,-110
2026-09-19T17:18:42Z,2026-09-27T17:00:00Z,WAS,SEA,SEA@WAS,mybookieag,totals,Over,41.5,-110
2026-09-19T17:18:42Z,2026-09-27T17:00:00Z,WAS,SEA,SEA@WAS,mybookieag,totals,Under,41.5,-110
2026-09-19T17:18:42Z,2026-09-27T17:00:00Z,NYG,TEN,TEN@NYG,betonlineag,spreads,NYG,-5.5,-115
2026-09-19T17:18:42Z,2026-09-27T17:00:00Z,NYG,TEN,TEN@NYG,betonlineag,spreads,TEN,5.5,-105
2026-09-19T17:18:42Z,2026-09-27T17:00:00Z,NYG,TEN,TEN@NYG,betonlineag,totals,Over,42.0,-105
2026-09-19T17:18:42Z,2026-09-27T17:00:00Z,NYG,TEN,TEN@NYG,betonlineag,totals,Under,42.0,-115
2026-09-19T17:18:42Z,2026-09-27T17:00:00Z,NYG,TEN,TEN@NYG,betrivers,h2h,NYG,,-275
2026-09-19T17:18:42Z,2026-09-27T17:00:00Z,NYG,TEN,TEN@NYG,betrivers,h2h,TEN,,220
2026-09-19T17:18:42Z,2026-09-27T17:00:00Z,NYG,TEN,TEN@NYG,betrivers,spreads,NYG,-6.0,-110
2026-09-19T17:18:42Z,2026-09-27T17:00:00Z,NYG,TEN,TEN@NYG,betrivers,spreads,TEN,6.0,-110
2026-09-19T17:18:42Z,2026-09-27T17:00:00Z,NYG,TEN,TEN@NYG,betrivers,totals,Over,43.0,-108
2026-09-19T17:18:42Z,2026-09-27T17:00:00Z,NYG,TEN,TEN@NYG,betrivers,totals,Under,43.0,-113
2026-09-19T17:18:42Z,2026-09-27T17:00:00Z,NYG,TEN,TEN@NYG,betus,spreads,NYG,-5.5,-115
2026-09-19T17:18:42Z,2026-09-27T17:00:00Z,NYG,TEN,TEN@NYG,betus,spreads,TEN,5.5,-105
2026-09-19T17:18:42Z,2026-09-27T17:00:00Z,NYG,TEN,TEN@NYG,betus,totals,Over,43.0,-110
2026-09-19T17:18:42Z,2026-09-27T17:00:00Z,NYG,TEN,TEN@NYG,betus,totals,Under,43.0,-110
2026-09-19T17:18:42Z,2026-09-27T17:00:00Z,NYG,TEN,TEN@NYG,draftkings,h2h,NYG,,-250
2026-09-19T17:18:42Z,2026-09-27T17:00:00Z,NYG,TEN,TEN@NYG,draftkings,h2h,TEN,,205
2026-09-19T17:18:42Z,2026-09-27T17:00:00Z,NYG,TEN,TEN@NYG,draftkings,spreads,NYG,-5.5,-110
2026-09-19T17:18:42Z,2026-09-27T17:00:00Z,NYG,TEN,TEN@NYG,draftkings,spreads,TEN,5.5,-110
2026-09-19T17:18:42Z,2026-09-27T17:00:00Z,NYG,TEN,TEN@NYG,draftkings,totals,Over,43.5,-110
2026-09-19T17:18:42Z,2026-09-27T17:00:00Z,NYG,TEN,TEN@NYG,draftkings,totals,Under,43.5,-110
2026-09-19T17:18:42Z,2026-09-27T17:00:00Z,NYG,TEN,TEN@NYG,fanduel,h2h,NYG,,-275
2026-09-19T17:18:42Z,2026-09-27T17:00:00Z,NYG,TEN,TEN@NYG,fanduel,h2h,TEN,,225
2026-09-19T17:18:42Z,2026-09-27T17:00:00Z,NYG,TEN,TEN@NYG,fanduel,spreads,NYG,-5.5,-120
2026-09-19T17:18:42Z,2026-09-27T17:00:00Z,NYG,TEN,TEN@NYG,fanduel,spreads,TEN,5.5,-102
2026-09-19T17:18:42Z,2026-09-27T17:00:00Z,NYG,TEN,TEN@NYG,fanduel,totals,Over,42.5,-110
2026-09-19T17:18:42Z,2026-09-27T17:00:00Z,NYG,TEN,TEN@NYG,fanduel,totals,Under,42.5,-110
2026-09-19T17:18:42Z,2026-09-27T17:00:00Z,NYG,TEN,TEN@NYG,lowvig,spreads,NYG,-5.5,-110
2026-09-19T17:18:42Z,2026-09-27T17:00:00Z,NYG,TEN,TEN@NYG,lowvig,spreads,TEN,5.5,100
2026-09-19T17:18:42Z,2026-09-27T17:00:00Z,NYG,TEN,TEN@NYG,lowvig,totals,Over,42.0,-102
2026-09-19T17:18:42Z,2026-09-27T17:00:00Z,NYG,TEN,TEN@NYG,lowvig,totals,Under,42.0,-113
2026-09-19T17:18:42Z,2026-09-27T17:00:00Z,NYG,TEN,TEN@NYG,mybookieag,h2h,NYG,,-270
2026-09-19T17:18:42Z,2026-09-27T17:00:00Z,NYG,TEN,TEN@NYG,mybookieag,h2h,TEN,,202
2026-09-19T17:18:42Z,2026-09-27T17:00:00Z,NYG,TEN,TEN@NYG,mybookieag,spreads,NYG,-5.5,-110
2026-09-19T17:18:42Z,2026-09-27T17:00:00Z,NYG,TEN,TEN@NYG,mybookieag,spreads,TEN,5.5,-110
2026-09-19T17:18:42Z,2026-09-27T17:00:00Z,NYG,TEN,TEN@NYG,mybookieag,totals,Over,42.5,-110
2026-09-19T17:18:42Z,2026-09-27T17:00:00Z,NYG,TEN,TEN@NYG,mybookieag,totals,Under,42.5,-110
2026-09-19T17:18:42Z,2026-09-20T20:25:00Z,DAL,WAS,WAS@DAL,betmgm,h2h,DAL,,-210
2026-09-19T17:18:42Z,2026-09-20T20:25:00Z,DAL,WAS,WAS@DAL,betmgm,h2h,WAS,,175
2026-09-19T17:18:42Z,2026-09-20T20:25:00Z,DAL,WAS,WAS@DAL,betmgm,spreads,DAL,-4.0,-110
2026-09-19T17:18:42Z,2026-09-20T20:25:00Z,DAL,WAS,WAS@DAL,betmgm,spreads,WAS,4.0,-108
2026-09-19T17:18:42Z,2026-09-20T20:25:00Z,DAL,WAS,WAS@DAL,betmgm,totals,Over,50.5,-110
2026-09-19T17:18:42Z,2026-09-20T20:25:00Z,DAL,WAS,WAS@DAL,betmgm,totals,Under,50.5,-108
2026-09-19T17:18:42Z,2026-09-20T20:25:00Z,DAL,WAS,WAS@DAL,betonlineag,h2h,DAL,,-205
2026-09-19T17:18:42Z,2026-09-20T20:25:00Z,DAL,WAS,WAS@DAL,betonlineag,h2h,WAS,,177
2026-09-19T17:18:42Z,2026-09-20T20:25:00Z,DAL,WAS,WAS@DAL,betonlineag,spreads,DAL,-4.0,-110
2026-09-19T17:18:42Z,2026-09-20T20:25:00Z,DAL,WAS,WAS@DAL,betonlineag,spreads,WAS,4.0,-110
2026-09-19T17:18:42Z,2026-09-20T20:25:00Z,DAL,WAS,WAS@DAL,betonlineag,totals,Over,50.5,-107
2026-09-19T17:18:42Z,2026-09-20T20:25:00Z,DAL,WAS,WAS@DAL,betonlineag,totals,Under,50.5,-113
2026-09-19T17:18:42Z,2026-09-20T20:25:00Z,DAL,WAS,WAS@DAL,betrivers,h2h,DAL,,-215
2026-09-19T17:18:42Z,2026-09-20T20:25:00Z,DAL,WAS,WAS@DAL,betrivers,h2h,WAS,,170
2026-09-19T17:18:42Z,2026-09-20T20:25:00Z,DAL,WAS,WAS@DAL,betrivers,spreads,DAL,-4.5,-107
2026-09-19T17:18:42Z,2026-09-20T20:25:00Z,DAL,WAS,WAS@DAL,betrivers,spreads,WAS,4.5,-114
2026-09-19T17:18:42Z,2026-09-20T20:25:00Z,DAL,WAS,WAS@DAL,betrivers,totals,Over,51.0,-107
2026-09-19T17:18:42Z,2026-09-20T20:25:00Z,DAL,WAS,WAS@DAL,betrivers,totals,Under,51.0,-114
2026-09-19T17:18:42Z,2026-09-20T20:25:00Z,DAL,WAS,WAS@DAL,betus,h2h,DAL,,-210
2026-09-19T17:18:42Z,2026-09-20T20:25:00Z,DAL,WAS,WAS@DAL,betus,h2h,WAS,,180
2026-09-19T17:18:42Z,2026-09-20T20:25:00Z,DAL,WAS,WAS@DAL,betus,spreads,DAL,-4.0,-110
2026-09-19T17:18:42Z,2026-09-20T20:25:00Z,DAL,WAS,WAS@DAL,betus,spreads,WAS,4.0,-110
2026-09-19T17:18:42Z,2026-09-20T20:25:00Z,DAL,WAS,WAS@DAL,betus,totals,Over,50.5,-105
2026-09-19T17:18:42Z,2026-09-20T20:25:00Z,DAL,WAS,WAS@DAL,betus,totals,Under,50.5,-115
2026-09-19T17:18:42Z,2026-09-20T20:25:00Z,DAL,WAS,WAS@DAL,bovada,h2h,DAL,,-210
2026-09-19T17:18:42Z,2026-09-20T20:25:00Z,DAL,WAS,WAS@DAL,bovada,h2h,WAS,,175
2026-09-19T17:18:42Z,2026-09-20T20:25:00Z,DAL,WAS,WAS@DAL,bovada,spreads,DAL,-4.0,-110
2026-09-19T17:18:42Z,2026-09-20T20:25:00Z,DAL,WAS,WAS@DAL,bovada,spreads,WAS,4.0,-110
2026-09-19T17:18:42Z,2026-09-20T20:25:00Z,DAL,WAS,WAS@DAL,bovada,totals,Over,50.5,-115
2026-09-19T17:18:42Z,2026-09-20T20:25:00Z,DAL,WAS,WAS@DAL,bovada,totals,Under,50.5,-105
2026-09-19T17:18:42Z,2026-09-20T20:25:00Z,DAL,WAS,WAS@DAL,draftkings,h2h,DAL,,-218
2026-09-19T17:18:42Z,2026-09-20T20:25:00Z,DAL,WAS,WAS@DAL,draftkings,h2h,WAS,,180
2026-09-19T17:18:42Z,2026-09-20T20:25:00Z,DAL,WAS,WAS@DAL,draftkings,spreads,DAL,-3.5,-120
2026-09-19T17:18:42Z,2026-09-20T20:25:00Z,DAL,WAS,WAS@DAL,draftkings,spreads,WAS,3.5,100
2026-09-19T17:18:42Z,2026-09-20T20:25:00Z,DAL,WAS,WAS@DAL,draftkings,totals,Over,50.5,-115
2026-09-19T17:18:42Z,2026-09-20T20:25:00Z,DAL,WAS,WAS@DAL,draftkings,totals,Under,50.5,-105
2026-09-19T17:18:42Z,2026-09-20T20:25:00Z,DAL,WAS,WAS@DAL,fanduel,h2h,DAL,,-205
2026-09-19T17:18:42Z,2026-09-20T20:25:00Z,DAL,WAS,WAS@DAL,fanduel,h2h,WAS,,172
2026-09-19T17:18:42Z,2026-09-20T20:25:00Z,DAL,WAS,WAS@DAL,fanduel,spreads,DAL,-4.5,-102
2026-09-19T17:18:42Z,2026-09-20T20:25:00Z,DAL,WAS,WAS@DAL,fanduel,spreads,WAS,4.5,-120
2026-09-19T17:18:42Z,2026-09-20T20:25:00Z,DAL,WAS,WAS@DAL,fanduel,totals,Over,50.5,-110
2026-09-19T17:18:42Z,2026-09-20T20:25:00Z,DAL,WAS,WAS@DAL,fanduel,totals,Under,50.5,-110
2026-09-19T17:18:42Z,2026-09-20T20:25:00Z,DAL,WAS,WAS@DAL,lowvig,h2h,DAL,,-205
2026-09-19T17:18:42Z,2026-09-20T20:25:00Z,DAL,WAS,WAS@DAL,lowvig,h2h,WAS,,177
2026-09-19T17:18:42Z,2026-09-20T20:25:00Z,DAL,WAS,WAS@DAL,lowvig,spreads,DAL,-4.0,-105
2026-09-19T17:18:42Z,2026-09-20T20:25:00Z,DAL,WAS,WAS@DAL,lowvig,spreads,WAS,4.0,-105
2026-09-19T17:18:42Z,2026-09-20T20:25:00Z,DAL,WAS,WAS@DAL,lowvig,totals,Over,50.5,-104
2026-09-19T17:18:42Z,2026-09-20T20:25:00Z,DAL,WAS,WAS@DAL,lowvig,totals,Under,50.5,-110
2026-09-19T17:18:42Z,2026-09-20T20:25:00Z,DAL,WAS,WAS@DAL,mybookieag,h2h,DAL,,-214
2026-09-19T17:18:42Z,2026-09-20T20:25:00Z,DAL,WAS,WAS@DAL,mybookieag,h2h,WAS,,171
2026-09-19T17:18:42Z,2026-09-20T20:25:00Z,DAL,WAS,WAS@DAL,mybookieag,spreads,DAL,-4.5,-110
2026-09-19T17:18:42Z,2026-09-20T20:25:00Z,DAL,WAS,WAS@DAL,mybookieag,spreads,WAS,4.5,-110
2026-09-19T17:18:42Z,2026-09-20T20:25:00Z,DAL,WAS,WAS@DAL,mybookieag,totals,Over,50.5,-110
2026-09-19T17:18:42Z,2026-09-20T20:25:00Z,DAL,WAS,WAS@DAL,mybookieag,totals,Under,50.5,-110
2026-09-20T17:30:25Z,2026-09-20T17:02:58Z,ATL,CAR,CAR@ATL,betmgm,h2h,ATL,,290
2026-09-20T17:30:25Z,2026-09-20T17:02:58Z,ATL,CAR,CAR@ATL,betmgm,h2h,CAR,,-350
2026-09-20T17:30:25Z,2026-09-20T17:02:58Z,ATL,CAR,CAR@ATL,betmgm,totals,Over,45.5,-108
2026-09-20T17:30:25Z,2026-09-20T17:02:58Z,ATL,CAR,CAR@ATL,betmgm,totals,Under,45.5,-112
2026-09-20T17:30:25Z,2026-09-20T17:02:58Z,ATL,CAR,CAR@ATL,betrivers,h2h,ATL,,270
2026-09-20T17:30:25Z,2026-09-20T17:02:58Z,ATL,CAR,CAR@ATL,betrivers,h2h,CAR,,-385
2026-09-20T17:30:25Z,2026-09-20T17:02:58Z,ATL,CAR,CAR@ATL,betrivers,spreads,ATL,7.5,-115
2026-09-20T17:30:25Z,2026-09-20T17:02:58Z,ATL,CAR,CAR@ATL,betrivers,spreads,CAR,-7.5,-112
2026-09-20T17:30:25Z,2026-09-20T17:02:58Z,ATL,CAR,CAR@ATL,betrivers,totals,Over,45.5,-115
2026-09-20T17:30:25Z,2026-09-20T17:02:58Z,ATL,CAR,CAR@ATL,betrivers,totals,Under,45.5,-112
2026-09-20T17:30:25Z,2026-09-20T17:02:58Z,ATL,CAR,CAR@ATL,bovada,h2h,ATL,,340
2026-09-20T17:30:25Z,2026-09-20T17:02:58Z,ATL,CAR,CAR@ATL,bovada,h2h,CAR,,-525
2026-09-20T17:30:25Z,2026-09-20T17:02:58Z,ATL,CAR,CAR@ATL,bovada,spreads,ATL,10.0,-120
2026-09-20T17:30:25Z,2026-09-20T17:02:58Z,ATL,CAR,CAR@ATL,bovada,spreads,CAR,-10.0,-110
2026-09-20T17:30:25Z,2026-09-20T17:02:58Z,ATL,CAR,CAR@ATL,bovada,totals,Over,46.5,-120
2026-09-20T17:30:25Z,2026-09-20T17:02:58Z,ATL,CAR,CAR@ATL,bovada,totals,Under,46.5,-110
2026-09-20T17:30:25Z,2026-09-20T17:02:58Z,ATL,CAR,CAR@ATL,draftkings,h2h,ATL,,273
2026-09-20T17:30:25Z,2026-09-20T17:02:58Z,ATL,CAR,CAR@ATL,draftkings,h2h,CAR,,-378
2026-09-20T17:30:25Z,2026-09-20T17:02:58Z,ATL,CAR,CAR@ATL,draftkings,spreads,ATL,8.5,-121
2026-09-20T17:30:25Z,2026-09-20T17:02:58Z,ATL,CAR,CAR@ATL,draftkings,spreads,CAR,-8.5,-108
2026-09-20T17:30:25Z,2026-09-20T17:02:58Z,ATL,CAR,CAR@ATL,draftkings,totals,Over,46.5,-115
2026-09-20T17:30:25Z,2026-09-20T17:02:58Z,ATL,CAR,CAR@ATL,draftkings,totals,Under,46.5,-115
2026-09-20T17:30:25Z,2026-09-20T17:02:58Z,ATL,CAR,CAR@ATL,fanduel,h2h,ATL,,285
2026-09-20T17:30:25Z,2026-09-20T17:02:58Z,ATL,CAR,CAR@ATL,fanduel,h2h,CAR,,-400
2026-09-20T17:30:25Z,2026-09-20T17:02:58Z,ATL,CAR,CAR@ATL,fanduel,spreads,ATL,7.5,-130
2026-09-20T17:30:25Z,2026-09-20T17:02:58Z,ATL,CAR,CAR@ATL,fanduel,spreads,CAR,-7.5,-102
2026-09-20T17:30:25Z,2026-09-20T17:02:58Z,ATL,CAR,CAR@ATL,fanduel,totals,Over,45.5,-118
2026-09-20T17:30:25Z,2026-09-20T17:02:58Z,ATL,CAR,CAR@ATL,fanduel,totals,Under,45.5,-112
2026-09-20T17:30:25Z,2026-09-20T17:02:58Z,ATL,CAR,CAR@ATL,mybookieag,h2h,ATL,,360
2026-09-20T17:30:25Z,2026-09-20T17:02:58Z,ATL,CAR,CAR@ATL,mybookieag,h2h,CAR,,-500
2026-09-20T17:30:25Z,2026-09-20T17:02:58Z,ATL,CAR,CAR@ATL,mybookieag,spreads,ATL,10.5,-118
2026-09-20T17:30:25Z,2026-09-20T17:02:58Z,ATL,CAR,CAR@ATL,mybookieag,spreads,CAR,-10.5,-105
2026-09-20T17:30:25Z,2026-09-20T17:02:58Z,ATL,CAR,CAR@ATL,mybookieag,totals,Over,47.5,-111
2026-09-20T17:30:25Z,2026-09-20T17:02:58Z,ATL,CAR,CAR@ATL,mybookieag,totals,Under,47.5,-118
2026-09-20T17:30:25Z,2026-09-20T17:02:38Z,HOU,CIN,CIN@HOU,betmgm,h2h,CIN,,145
2026-09-20T17:30:25Z,2026-09-20T17:02:38Z,HOU,CIN,CIN@HOU,betmgm,h2h,HOU,,-175
2026-09-20T17:30:25Z,2026-09-20T17:02:38Z,HOU,CIN,CIN@HOU,betmgm,spreads,CIN,3.5,-130
2026-09-20T17:30:25Z,2026-09-20T17:02:38Z,HOU,CIN,CIN@HOU,betmgm,spreads,HOU,-3.5,-102
2026-09-20T17:30:25Z,2026-09-20T17:02:38Z,HOU,CIN,CIN@HOU,betmgm,totals,Over,37.5,-115
2026-09-20T17:30:25Z,2026-09-20T17:02:38Z,HOU,CIN,CIN@HOU,betmgm,totals,Under,37.5,-115
2026-09-20T17:30:25Z,2026-09-20T17:02:38Z,HOU,CIN,CIN@HOU,betrivers,h2h,CIN,,123
2026-09-20T17:30:25Z,2026-09-20T17:02:38Z,HOU,CIN,CIN@HOU,betrivers,h2h,HOU,,-157
2026-09-20T17:30:25Z,2026-09-20T17:02:38Z,HOU,CIN,CIN@HOU,betrivers,spreads,CIN,3.0,-115
2026-09-20T17:30:25Z,2026-09-20T17:02:38Z,HOU,CIN,CIN@HOU,betrivers,spreads,HOU,-3.0,-112
2026-09-20T17:30:25Z,2026-09-20T17:02:38Z,HOU,CIN,CIN@HOU,betrivers,totals,Over,37.5,-109
2026-09-20T17:30:25Z,2026-09-20T17:02:38Z,HOU,CIN,CIN@HOU,betrivers,totals,Under,37.5,-118
2026-09-20T17:30:25Z,2026-09-20T17:02:38Z,HOU,CIN,CIN@HOU,bovada,h2h,CIN,,100
2026-09-20T17:30:25Z,2026-09-20T17:02:38Z,HOU,CIN,CIN@HOU,bovada,h2h,HOU,,-130
2026-09-20T17:30:25Z,2026-09-20T17:02:38Z,HOU,CIN,CIN@HOU,bovada,spreads,CIN,1.5,-115
2026-09-20T17:30:25Z,2026-09-20T17:02:38Z,HOU,CIN,CIN@HOU,bovada,spreads,HOU,-1.5,-115
2026-09-20T17:30:25Z,2026-09-20T17:02:38Z,HOU,CIN,CIN@HOU,bovada,totals,Over,41.0,-115
2026-09-20T17:30:25Z,2026-09-20T17:02:38Z,HOU,CIN,CIN@HOU,bovada,totals,Under,41.0,-115
2026-09-20T17:30:25Z,2026-09-20T17:02:38Z,HOU,CIN,CIN@HOU,draftkings,h2h,CIN,,120
2026-09-20T17:30:25Z,2026-09-20T17:02:38Z,HOU,CIN,CIN@HOU,draftkings,h2h,HOU,,-159
2026-09-20T17:30:25Z,2026-09-20T17:02:38Z,HOU,CIN,CIN@HOU,draftkings,spreads,CIN,2.5,-104
2026-09-20T17:30:25Z,2026-09-20T17:02:38Z,HOU,CIN,CIN@HOU,draftkings,spreads,HOU,-2.5,-127
2026-09-20T17:30:25Z,2026-09-20T17:02:38Z,HOU,CIN,CIN@HOU,draftkings,totals,Over,37.5,-111
2026-09-20T17:30:25Z,2026-09-20T17:02:38Z,HOU,CIN,CIN@HOU,draftkings,totals,Under,37.5,-118
2026-09-20T17:30:25Z,2026-09-20T17:02:38Z,HOU,CIN,CIN@HOU,fanduel,h2h,CIN,,126
2026-09-20T17:30:25Z,2026-09-20T17:02:38Z,HOU,CIN,CIN@HOU,fanduel,h2h,HOU,,-162
2026-09-20T17:30:25Z,2026-09-20T17:02:38Z,HOU,CIN,CIN@HOU,fanduel,spreads,CIN,2.5,-106
2026-09-20T17:30:25Z,2026-09-20T17:02:38Z,HOU,CIN,CIN@HOU,fanduel,spreads,HOU,-2.5,-125
2026-09-20T17:30:25Z,2026-09-20T17:02:38Z,HOU,CIN,CIN@HOU,fanduel,totals,Over,40.5,-118
2026-09-20T17:30:25Z,2026-09-20T17:02:38Z,HOU,CIN,CIN@HOU,fanduel,totals,Under,40.5,-112
2026-09-20T17:30:25Z,2026-09-20T17:02:38Z,HOU,CIN,CIN@HOU,mybookieag,h2h,CIN,,-111
2026-09-20T17:30:25Z,2026-09-20T17:02:38Z,HOU,CIN,CIN@HOU,mybookieag,h2h,HOU,,-111
2026-09-20T17:30:25Z,2026-09-20T17:02:38Z,HOU,CIN,CIN@HOU,mybookieag,totals,Over,40.5,-118
2026-09-20T17:30:25Z,2026-09-20T17:02:38Z,HOU,CIN,CIN@HOU,mybookieag,totals,Under,40.5,-111
2026-09-20T17:30:25Z,2026-09-20T17:02:40Z,TB,CLE,CLE@TB,betmgm,h2h,CLE,,400
2026-09-20T17:30:25Z,2026-09-20T17:02:40Z,TB,CLE,CLE@TB,betmgm,h2h,TB,,-525
2026-09-20T17:30:25Z,2026-09-20T17:02:40Z,TB,CLE,CLE@TB,betmgm,spreads,CLE,9.5,-115
2026-09-20T17:30:25Z,2026-09-20T17:02:40Z,TB,CLE,CLE@TB,betmgm,spreads,TB,-9.5,-112
2026-09-20T17:30:25Z,2026-09-20T17:02:40Z,TB,CLE,CLE@TB,betmgm,totals,Over,43.5,-108
2026-09-20T17:30:25Z,2026-09-20T17:02:40Z,TB,CLE,CLE@TB,betmgm,totals,Under,43.5,-125
2026-09-20T17:30:25Z,2026-09-20T17:02:40Z,TB,CLE,CLE@TB,betrivers,h2h,CLE,,425
2026-09-20T17:30:25Z,2026-09-20T17:02:40Z,TB,CLE,CLE@TB,betrivers,h2h,TB,,-670
2026-09-20T17:30:25Z,2026-09-20T17:02:40Z,TB,CLE,CLE@TB,betrivers,spreads,CLE,10.0,-112
2026-09-20T17:30:25Z,2026-09-20T17:02:40Z,TB,CLE,CLE@TB,betrivers,spreads,TB,-10.0,-115
2026-09-20T17:30:25Z,2026-09-20T17:02:40Z,TB,CLE,CLE@TB,betrivers,totals,Over,42.5,-115
2026-09-20T17:30:25Z,2026-09-20T17:02:40Z,TB,CLE,CLE@TB,betrivers,totals,Under,42.5,-112
2026-09-20T17:30:25Z,2026-09-20T17:02:40Z,TB,CLE,CLE@TB,bovada,h2h,CLE,,325
2026-09-20T17:30:25Z,2026-09-20T17:02:40Z,TB,CLE,CLE@TB,bovada,h2h,TB,,-500
2026-09-20T17:30:25Z,2026-09-20T17:02:40Z,TB,CLE,CLE@TB,bovada,spreads,CLE,8.5,-115
2026-09-20T17:30:25Z,2026-09-20T17:02:40Z,TB,CLE,CLE@TB,bovada,spreads,TB,-8.5,-115
2026-09-20T17:30:25Z,2026-09-20T17:02:40Z,TB,CLE,CLE@TB,bovada,totals,Over,43.0,-110
2026-09-20T17:30:25Z,2026-09-20T17:02:40Z,TB,CLE,CLE@TB,bovada,totals,Under,43.0,-120
2026-09-20T17:30:25Z,2026-09-20T17:02:40Z,TB,CLE,CLE@TB,draftkings,h2h,CLE,,389
2026-09-20T17:30:25Z,2026-09-20T17:02:40Z,TB,CLE,CLE@TB,draftkings,h2h,TB,,-560
2026-09-20T17:30:25Z,2026-09-20T17:02:40Z,TB,CLE,CLE@TB,draftkings,spreads,CLE,9.5,-108
2026-09-20T17:30:25Z,2026-09-20T17:02:40Z,TB,CLE,CLE@TB,draftkings,spreads,TB,-9.5,-122
2026-09-20T17:30:25Z,2026-09-20T17:02:40Z,TB,CLE,CLE@TB,draftkings,totals,Over,43.5,-106
2026-09-20T17:30:25Z,2026-09-20T17:02:40Z,TB,CLE,CLE@TB,draftkings,totals,Under,43.5,-124
2026-09-20T17:30:25Z,2026-09-20T17:02:40Z,TB,CLE,CLE@TB,fanduel,h2h,CLE,,390
2026-09-20T17:30:25Z,2026-09-20T17:02:40Z,TB,CLE,CLE@TB,fanduel,h2h,TB,,-590
2026-09-20T17:30:25Z,2026-09-20T17:02:40Z,TB,CLE,CLE@TB,fanduel,spreads,CLE,8.5,-112
2026-09-20T17:30:25Z,2026-09-20T17:02:40Z,TB,CLE,CLE@TB,fanduel,spreads,TB,-8.5,-118
2026-09-20T17:30:25Z,2026-09-20T17:02:40Z,TB,CLE,CLE@TB,fanduel,totals,Over,42.5,-130
2026-09-20T17:30:25Z,2026-09-20T17:02:40Z,TB,CLE,CLE@TB,fanduel,totals,Under,42.5,-102
2026-09-20T17:30:25Z,2026-09-20T17:02:40Z,TB,CLE,CLE@TB,mybookieag,h2h,CLE,,345
2026-09-20T17:30:25Z,2026-09-20T17:02:40Z,TB,CLE,CLE@TB,mybookieag,h2h,TB,,-455
2026-09-20T17:30:25Z,2026-09-20T17:02:40Z,TB,CLE,CLE@TB,mybookieag,spreads,CLE,9.5,-111
2026-09-20T17:30:25Z,2026-09-20T17:02:40Z,TB,CLE,CLE@TB,mybookieag,spreads,TB,-9.5,-118
2026-09-20T17:30:25Z,2026-09-20T17:02:40Z,TB,CLE,CLE@TB,mybookieag,totals,Over,42.5,-118
2026-09-20T17:30:25Z,2026-09-20T17:02:40Z,TB,CLE,CLE@TB,mybookieag,totals,Under,42.5,-111
2026-09-20T17:30:25Z,2026-09-20T17:03:51Z,NYJ,GB,GB@NYJ,betmgm,h2h,GB,,-130
2026-09-20T17:30:25Z,2026-09-20T17:03:51Z,NYJ,GB,GB@NYJ,betmgm,h2h,NYJ,,105
2026-09-20T17:30:25Z,2026-09-20T17:03:51Z,NYJ,GB,GB@NYJ,betmgm,spreads,GB,-1.5,-118
2026-09-20T17:30:25Z,2026-09-20T17:03:51Z,NYJ,GB,GB@NYJ,betmgm,spreads,NYJ,1.5,-110
2026-09-20T17:30:25Z,2026-09-20T17:03:51Z,NYJ,GB,GB@NYJ,betmgm,totals,Over,38.5,-115
2026-09-20T17:30:25Z,2026-09-20T17:03:51Z,NYJ,GB,GB@NYJ,betmgm,totals,Under,38.5,-112
2026-09-20T17:30:25Z,2026-09-20T17:03:51Z,NYJ,GB,GB@NYJ,betrivers,h2h,GB,,-159
2026-09-20T17:30:25Z,2026-09-20T17:03:51Z,NYJ,GB,GB@NYJ,betrivers,h2h,NYJ,,125
2026-09-20T17:30:25Z,2026-09-20T17:03:51Z,NYJ,GB,GB@NYJ,betrivers,spreads,GB,-3.0,-113
2026-09-20T17:30:25Z,2026-09-20T17:03:51Z,NYJ,GB,GB@NYJ,betrivers,spreads,NYJ,3.0,-114
2026-09-20T17:30:25Z,2026-09-20T17:03:51Z,NYJ,GB,GB@NYJ,betrivers,totals,Over,38.5,-113
2026-09-20T17:30:25Z,2026-09-20T17:03:51Z,NYJ,GB,GB@NYJ,betrivers,totals,Under,38.5,-114
2026-09-20T17:30:25Z,2026-09-20T17:03:51Z,NYJ,GB,GB@NYJ,bovada,h2h,GB,,-125
2026-09-20T17:30:25Z,2026-09-20T17:03:51Z,NYJ,GB,GB@NYJ,bovada,h2h,NYJ,,-105
2026-09-20T17:30:25Z,2026-09-20T17:03:51Z,NYJ,GB,GB@NYJ,bovada,spreads,GB,-1.0,-110
2026-09-20T17:30:25Z,2026-09-20T17:03:51Z,NYJ,GB,GB@NYJ,bovada,spreads,NYJ,1.0,-120
2026-09-20T17:30:25Z,2026-09-20T17:03:51Z,NYJ,GB,GB@NYJ,bovada,totals,Over,41.0,-115
2026-09-20T17:30:25Z,2026-09-20T17:03:51Z,NYJ,GB,GB@NYJ,bovada,totals,Under,41.0,-115
2026-09-20T17:30:25Z,2026-09-20T17:03:51Z,NYJ,GB,GB@NYJ,draftkings,h2h,GB,,-145
2026-09-20T17:30:25Z,2026-09-20T17:03:51Z,NYJ,GB,GB@NYJ,draftkings,h2h,NYJ,,110
2026-09-20T17:30:25Z,2026-09-20T17:03:51Z,NYJ,GB,GB@NYJ,draftkings,spreads,GB,-2.5,-116
2026-09-20T17:30:25Z,2026-09-20T17:03:51Z,NYJ,GB,GB@NYJ,draftkings,spreads,NYJ,2.5,-113
2026-09-20T17:30:25Z,2026-09-20T17:03:51Z,NYJ,GB,GB@NYJ,draftkings,totals,Over,39.5,-118
2026-09-20T17:30:25Z,2026-09-20T17:03:51Z,NYJ,GB,GB@NYJ,draftkings,totals,Under,39.5,-111
2026-09-20T17:30:25Z,2026-09-20T17:03:51Z,NYJ,GB,GB@NYJ,fanduel,h2h,GB,,-142
2026-09-20T17:30:25Z,2026-09-20T17:03:51Z,NYJ,GB,GB@NYJ,fanduel,h2h,NYJ,,112
2026-09-20T17:30:25Z,2026-09-20T17:03:51Z,NYJ,GB,GB@NYJ,fanduel,spreads,GB,-1.5,-128
2026-09-20T17:30:25Z,2026-09-20T17:03:51Z,NYJ,GB,GB@NYJ,fanduel,spreads,NYJ,1.5,-104
2026-09-20T17:30:25Z,2026-09-20T17:03:51Z,NYJ,GB,GB@NYJ,fanduel,totals,Over,37.5,-118
2026-09-20T17:30:25Z,2026-09-20T17:03:51Z,NYJ,GB,GB@NYJ,fanduel,totals,Under,37.5,-112
2026-09-20T17:30:25Z,2026-09-20T17:03:51Z,NYJ,GB,GB@NYJ,mybookieag,h2h,GB,,-118
2026-09-20T17:30:25Z,2026-09-20T17:03:51Z,NYJ,GB,GB@NYJ,mybookieag,h2h,NYJ,,100
2026-09-20T17:30:25Z,2026-09-20T17:03:51Z,NYJ,GB,GB@NYJ,mybookieag,spreads,GB,-1.5,-105
2026-09-20T17:30:25Z,2026-09-20T17:03:51Z,NYJ,GB,GB@NYJ,mybookieag,spreads,NYJ,1.5,-118
2026-09-20T17:30:25Z,2026-09-20T17:03:51Z,NYJ,GB,GB@NYJ,mybookieag,totals,Over,40.5,-118
2026-09-20T17:30:25Z,2026-09-20T17:03:51Z,NYJ,GB,GB@NYJ,mybookieag,totals,Under,40.5,-105
2026-09-20T17:30:25Z,2026-09-21T00:20:00Z,KC,IND,IND@KC,betmgm,h2h,IND,,225
2026-09-20T17:30:25Z,2026-09-21T00:20:00Z,KC,IND,IND@KC,betmgm,h2h,KC,,-275
2026-09-20T17:30:25Z,2026-09-21T00:20:00Z,KC,IND,IND@KC,betmgm,totals,Over,46.0,-108
2026-09-20T17:30:25Z,2026-09-21T00:20:00Z,KC,IND,IND@KC,betmgm,totals,Under,46.0,-110
2026-09-20T17:30:25Z,2026-09-21T00:20:00Z,KC,IND,IND@KC,betonlineag,h2h,IND,,222
2026-09-20T17:30:25Z,2026-09-21T00:20:00Z,KC,IND,IND@KC,betonlineag,h2h,KC,,-270
2026-09-20T17:30:25Z,2026-09-21T00:20:00Z,KC,IND,IND@KC,betonlineag,spreads,IND,6.0,-115
2026-09-20T17:30:25Z,2026-09-21T00:20:00Z,KC,IND,IND@KC,betonlineag,spreads,KC,-6.0,-105
2026-09-20T17:30:25Z,2026-09-21T00:20:00Z,KC,IND,IND@KC,betonlineag,totals,Over,46.5,-105
2026-09-20T17:30:25Z,2026-09-21T00:20:00Z,KC,IND,IND@KC,betonlineag,totals,Under,46.5,-115
2026-09-20T17:30:25Z,2026-09-21T00:20:00Z,KC,IND,IND@KC,betrivers,h2h,IND,,240
2026-09-20T17:30:25Z,2026-09-21T00:20:00Z,KC,IND,IND@KC,betrivers,h2h,KC,,-315
2026-09-20T17:30:25Z,2026-09-21T00:20:00Z,KC,IND,IND@KC,betrivers,spreads,IND,6.0,-107
2026-09-20T17:30:25Z,2026-09-21T00:20:00Z,KC,IND,IND@KC,betrivers,spreads,KC,-6.0,-114
2026-09-20T17:30:25Z,2026-09-21T00:20:00Z,KC,IND,IND@KC,betrivers,totals,Over,46.5,-110
2026-09-20T17:30:25Z,2026-09-21T00:20:00Z,KC,IND,IND@KC,betrivers,totals,Under,46.5,-110
2026-09-20T17:30:25Z,2026-09-21T00:20:00Z,KC,IND,IND@KC,betus,h2h,IND,,225
2026-09-20T17:30:25Z,2026-09-21T00:20:00Z,KC,IND,IND@KC,betus,h2h,KC,,-270
2026-09-20T17:30:25Z,2026-09-21T00:20:00Z,KC,IND,IND@KC,betus,spreads,IND,6.0,-115
2026-09-20T17:30:25Z,2026-09-21T00:20:00Z,KC,IND,IND@KC,betus,spreads,KC,-6.0,-105
2026-09-20T17:30:25Z,2026-09-21T00:20:00Z,KC,IND,IND@KC,betus,totals,Over,46.0,-110
2026-09-20T17:30:25Z,2026-09-21T00:20:00Z,KC,IND,IND@KC,betus,totals,Under,46.0,-110
2026-09-20T17:30:25Z,2026-09-21T00:20:00Z,KC,IND,IND@KC,bovada,h2h,IND,,240
2026-09-20T17:30:25Z,2026-09-21T00:20:00Z,KC,IND,IND@KC,bovada,h2h,KC,,-290
2026-09-20T17:30:25Z,2026-09-21T00:20:00Z,KC,IND,IND@KC,bovada,spreads,IND,5.5,-110
2026-09-20T17:30:25Z,2026-09-21T00:20:00Z,KC,IND,IND@KC,bovada,spreads,KC,-5.5,-110
2026-09-20T17:30:25Z,2026-09-21T00:20:00Z,KC,IND,IND@KC,bovada,totals,Over,45.5,105
2026-09-20T17:30:25Z,2026-09-21T00:20:00Z,KC,IND,IND@KC,bovada,totals,Under,45.5,-125
2026-09-20T17:30:25Z,2026-09-21T00:20:00Z,KC,IND,IND@KC,draftkings,h2h,IND,,215
2026-09-20T17:30:25Z,2026-09-21T00:20:00Z,KC,IND,IND@KC,draftkings,h2h,KC,,-265
2026-09-20T17:30:25Z,2026-09-21T00:20:00Z,KC,IND,IND@KC,draftkings,spreads,IND,6.0,-112
2026-09-20T17:30:25Z,2026-09-21T00:20:00Z,KC,IND,IND@KC,draftkings,spreads,KC,-6.0,-108
2026-09-20T17:30:25Z,2026-09-21T00:20:00Z,KC,IND,IND@KC,draftkings,totals,Over,46.5,-102
2026-09-20T17:30:25Z,2026-09-21T00:20:00Z,KC,IND,IND@KC,draftkings,totals,Under,46.5,-118
2026-09-20T17:30:25Z,2026-09-21T00:20:00Z,KC,IND,IND@KC,fanduel,h2h,IND,,235
2026-09-20T17:30:25Z,2026-09-21T00:20:00Z,KC,IND,IND@KC,fanduel,h2h,KC,,-290
2026-09-20T17:30:25Z,2026-09-21T00:20:00Z,KC,IND,IND@KC,fanduel,spreads,IND,6.5,-120
2026-09-20T17:30:25Z,2026-09-21T00:20:00Z,KC,IND,IND@KC,fanduel,spreads,KC,-6.5,-102
2026-09-20T17:30:25Z,2026-09-21T00:20:00Z,KC,IND,IND@KC,fanduel,totals,Over,45.5,-115
2026-09-20T17:30:25Z,2026-09-21T00:20:00Z,KC,IND,IND@KC,fanduel,totals,Under,45.5,-105
2026-09-20T17:30:25Z,2026-09-21T00:20:00Z,KC,IND,IND@KC,lowvig,h2h,IND,,222
2026-09-20T17:30:25Z,2026-09-21T00:20:00Z,KC,IND,IND@KC,lowvig,h2h,KC,,-270
2026-09-20T17:30:25Z,2026-09-21T00:20:00Z,KC,IND,IND@KC,lowvig,spreads,IND,6.0,-110
2026-09-20T17:30:25Z,2026-09-21T00:20:00Z,KC,IND,IND@KC,lowvig,spreads,KC,-6.0,100
2026-09-20T17:30:25Z,2026-09-21T00:20:00Z,KC,IND,IND@KC,lowvig,totals,Over,46.5,-102
2026-09-20T17:30:25Z,2026-09-21T00:20:00Z,KC,IND,IND@KC,lowvig,totals,Under,46.5,-113
2026-09-20T17:30:25Z,2026-09-21T00:20:00Z,KC,IND,IND@KC,mybookieag,h2h,IND,,228
2026-09-20T17:30:25Z,2026-09-21T00:20:00Z,KC,IND,IND@KC,mybookieag,h2h,KC,,-275
2026-09-20T17:30:25Z,2026-09-21T00:20:00Z,KC,IND,IND@KC,mybookieag,spreads,IND,6.0,-110
2026-09-20T17:30:25Z,2026-09-21T00:20:00Z,KC,IND,IND@KC,mybookieag,spreads,KC,-6.0,-110
2026-09-20T17:30:25Z,2026-09-21T00:20:00Z,KC,IND,IND@KC,mybookieag,totals,Over,46.0,-110
2026-09-20T17:30:25Z,2026-09-21T00:20:00Z,KC,IND,IND@KC,mybookieag,totals,Under,46.0,-110
2026-09-20T17:30:25Z,2026-09-20T20:05:00Z,DEN,JAX,JAX@DEN,betmgm,h2h,DEN,,-150
2026-09-20T17:30:25Z,2026-09-20T20:05:00Z,DEN,JAX,JAX@DEN,betmgm,h2h,JAX,,125
2026-09-20T17:30:25Z,2026-09-20T20:05:00Z,DEN,JAX,JAX@DEN,betmgm,spreads,DEN,-2.5,-118
2026-09-20T17:30:25Z,2026-09-20T20:05:00Z,DEN,JAX,JAX@DEN,betmgm,spreads,JAX,2.5,-102
2026-09-20T17:30:25Z,2026-09-20T20:05:00Z,DEN,JAX,JAX@DEN,betmgm,totals,Over,45.5,-110
2026-09-20T17:30:25Z,2026-09-20T20:05:00Z,DEN,JAX,JAX@DEN,betmgm,totals,Under,45.5,-108
2026-09-20T17:30:25Z,2026-09-20T20:05:00Z,DEN,JAX,JAX@DEN,betonlineag,h2h,DEN,,-142
2026-09-20T17:30:25Z,2026-09-20T20:05:00Z,DEN,JAX,JAX@DEN,betonlineag,h2h,JAX,,122
2026-09-20T17:30:25Z,2026-09-20T20:05:00Z,DEN,JAX,JAX@DEN,betonlineag,spreads,DEN,-2.5,-119
2026-09-20T17:30:25Z,2026-09-20T20:05:00Z,DEN,JAX,JAX@DEN,betonlineag,spreads,JAX,2.5,-101
2026-09-20T17:30:25Z,2026-09-20T20:05:00Z,DEN,JAX,JAX@DEN,betonlineag,totals,Over,45.5,-115
2026-09-20T17:30:25Z,2026-09-20T20:05:00Z,DEN,JAX,JAX@DEN,betonlineag,totals,Under,45.5,-105
2026-09-20T17:30:25Z,2026-09-20T20:05:00Z,DEN,JAX,JAX@DEN,betrivers,h2h,DEN,,-152
2026-09-20T17:30:25Z,2026-09-20T20:05:00Z,DEN,JAX,JAX@DEN,betrivers,h2h,JAX,,125
2026-09-20T17:30:25Z,2026-09-20T20:05:00Z,DEN,JAX,JAX@DEN,betrivers,spreads,DEN,-2.5,-115
2026-09-20T17:30:25Z,2026-09-20T20:05:00Z,DEN,JAX,JAX@DEN,betrivers,spreads,JAX,2.5,-106
2026-09-20T17:30:25Z,2026-09-20T20:05:00Z,DEN,JAX,JAX@DEN,betrivers,totals,Over,45.0,-110
2026-09-20T17:30:25Z,2026-09-20T20:05:00Z,DEN,JAX,JAX@DEN,betrivers,totals,Under,45.0,-110
2026-09-20T17:30:25Z,2026-09-20T20:05:00Z,DEN,JAX,JAX@DEN,betus,h2h,DEN,,-145
2026-09-20T17:30:25Z,2026-09-20T20:05:00Z,DEN,JAX,JAX@DEN,betus,h2h,JAX,,125
2026-09-20T17:30:25Z,2026-09-20T20:05:00Z,DEN,JAX,JAX@DEN,betus,spreads,DEN,-3.0,105
2026-09-20T17:30:25Z,2026-09-20T20:05:00Z,DEN,JAX,JAX@DEN,betus,spreads,JAX,3.0,-125
2026-09-20T17:30:25Z,2026-09-20T20:05:00Z,DEN,JAX,JAX@DEN,betus,totals,Over,45.5,-115
2026-09-20T17:30:25Z,2026-09-20T20:05:00Z,DEN,JAX,JAX@DEN,betus,totals,Under,45.5,-105
2026-09-20T17:30:25Z,2026-09-20T20:05:00Z,DEN,JAX,JAX@DEN,bovada,h2h,DEN,,-145
2026-09-20T17:30:25Z,2026-09-20T20:05:00Z,DEN,JAX,JAX@DEN,bovada,h2h,JAX,,125
2026-09-20T17:30:25Z,2026-09-20T20:05:00Z,DEN,JAX,JAX@DEN,bovada,spreads,DEN,-2.5,-115
2026-09-20T17:30:25Z,2026-09-20T20:05:00Z,DEN,JAX,JAX@DEN,bovada,spreads,JAX,2.5,-105
2026-09-20T17:30:25Z,2026-09-20T20:05:00Z,DEN,JAX,JAX@DEN,bovada,totals,Over,45.5,-110
2026-09-20T17:30:25Z,2026-09-20T20:05:00Z,DEN,JAX,JAX@DEN,bovada,totals,Under,45.5,-110
2026-09-20T17:30:25Z,2026-09-20T20:05:00Z,DEN,JAX,JAX@DEN,draftkings,h2h,DEN,,-148
2026-09-20T17:30:25Z,2026-09-20T20:05:00Z,DEN,JAX,JAX@DEN,draftkings,h2h,JAX,,124
2026-09-20T17:30:25Z,2026-09-20T20:05:00Z,DEN,JAX,JAX@DEN,draftkings,spreads,DEN,-2.5,-115
2026-09-20T17:30:25Z,2026-09-20T20:05:00Z,DEN,JAX,JAX@DEN,draftkings,spreads,JAX,2.5,-105
2026-09-20T17:30:25Z,2026-09-20T20:05:00Z,DEN,JAX,JAX@DEN,draftkings,totals,Over,45.5,-110
2026-09-20T17:30:25Z,2026-09-20T20:05:00Z,DEN,JAX,JAX@DEN,draftkings,totals,Under,45.5,-110
2026-09-20T17:30:25Z,2026-09-20T20:05:00Z,DEN,JAX,JAX@DEN,fanduel,h2h,DEN,,-148
2026-09-20T17:30:25Z,2026-09-20T20:05:00Z,DEN,JAX,JAX@DEN,fanduel,h2h,JAX,,126
2026-09-20T17:30:25Z,2026-09-20T20:05:00Z,DEN,JAX,JAX@DEN,fanduel,spreads,DEN,-2.5,-120
2026-09-20T17:30:25Z,2026-09-20T20:05:00Z,DEN,JAX,JAX@DEN,fanduel,spreads,JAX,2.5,-102
2026-09-20T17:30:25Z,2026-09-20T20:05:00Z,DEN,JAX,JAX@DEN,fanduel,totals,Over,45.5,-105
2026-09-20T17:30:25Z,2026-09-20T20:05:00Z,DEN,JAX,JAX@DEN,fanduel,totals,Under,45.5,-115
2026-09-20T17:30:25Z,2026-09-20T20:05:00Z,DEN,JAX,JAX@DEN,lowvig,h2h,DEN,,-142
2026-09-20T17:30:25Z,2026-09-20T20:05:00Z,DEN,JAX,JAX@DEN,lowvig,h2h,JAX,,122
2026-09-20T17:30:25Z,2026-09-20T20:05:00Z,DEN,JAX,JAX@DEN,lowvig,spreads,DEN,-2.5,-114
2026-09-20T17:30:25Z,2026-09-20T20:05:00Z,DEN,JAX,JAX@DEN,lowvig,spreads,JAX,2.5,103
2026-09-20T17:30:25Z,2026-09-20T20:05:00Z,DEN,JAX,JAX@DEN,lowvig,totals,Over,45.5,-113
2026-09-20T17:30:25Z,2026-09-20T20:05:00Z,DEN,JAX,JAX@DEN,lowvig,totals,Under,45.5,-102
2026-09-20T17:30:25Z,2026-09-20T20:05:00Z,DEN,JAX,JAX@DEN,mybookieag,h2h,DEN,,-148
2026-09-20T17:30:25Z,2026-09-20T20:05:00Z,DEN,JAX,JAX@DEN,mybookieag,h2h,JAX,,125
2026-09-20T17:30:25Z,2026-09-20T20:05:00Z,DEN,JAX,JAX@DEN,mybookieag,spreads,DEN,-2.5,-120
2026-09-20T17:30:25Z,2026-09-20T20:05:00Z,DEN,JAX,JAX@DEN,mybookieag,spreads,JAX,2.5,100
2026-09-20T17:30:25Z,2026-09-20T20:05:00Z,DEN,JAX,JAX@DEN,mybookieag,totals,Over,45.5,-110
2026-09-20T17:30:25Z,2026-09-20T20:05:00Z,DEN,JAX,JAX@DEN,mybookieag,totals,Under,45.5,-110
2026-09-20T17:30:25Z,2026-09-20T20:05:00Z,LAC,LV,LV@LAC,betmgm,h2h,LV,,250
2026-09-20T17:30:25Z,2026-09-20T20:05:00Z,LAC,LV,LV@LAC,betmgm,h2h,LAC,,-300
2026-09-20T17:30:25Z,2026-09-20T20:05:00Z,LAC,LV,LV@LAC,betmgm,spreads,LV,6.5,-105
2026-09-20T17:30:25Z,2026-09-20T20:05:00Z,LAC,LV,LV@LAC,betmgm,spreads,LAC,-6.5,-115
2026-09-20T17:30:25Z,2026-09-20T20:05:00Z,LAC,LV,LV@LAC,betmgm,totals,Over,43.5,-110
2026-09-20T17:30:25Z,2026-09-20T20:05:00Z,LAC,LV,LV@LAC,betmgm,totals,Under,43.5,-108
2026-09-20T17:30:25Z,2026-09-20T20:05:00Z,LAC,LV,LV@LAC,betonlineag,h2h,LV,,254
2026-09-20T17:30:25Z,2026-09-20T20:05:00Z,LAC,LV,LV@LAC,betonlineag,h2h,LAC,,-312
2026-09-20T17:30:25Z,2026-09-20T20:05:00Z,LAC,LV,LV@LAC,betonlineag,spreads,LV,6.5,-105
2026-09-20T17:30:25Z,2026-09-20T20:05:00Z,LAC,LV,LV@LAC,betonlineag,spreads,LAC,-6.5,-115
2026-09-20T17:30:25Z,2026-09-20T20:05:00Z,LAC,LV,LV@LAC,betonlineag,totals,Over,43.5,-110
2026-09-20T17:30:25Z,2026-09-20T20:05:00Z,LAC,LV,LV@LAC,betonlineag,totals,Under,43.5,-110
2026-09-20T17:30:25Z,2026-09-20T20:05:00Z,LAC,LV,LV@LAC,betrivers,h2h,LV,,245
2026-09-20T17:30:25Z,2026-09-20T20:05:00Z,LAC,LV,LV@LAC,betrivers,h2h,LAC,,-315
2026-09-20T17:30:25Z,2026-09-20T20:05:00Z,LAC,LV,LV@LAC,betrivers,spreads,LV,6.5,-106
2026-09-20T17:30:25Z,2026-09-20T20:05:00Z,LAC,LV,LV@LAC,betrivers,spreads,LAC,-6.5,-115
2026-09-20T17:30:25Z,2026-09-20T20:05:00Z,LAC,LV,LV@LAC,betrivers,totals,Over,43.5,-112
2026-09-20T17:30:25Z,2026-09-20T20:05:00Z,LAC,LV,LV@LAC,betrivers,totals,Under,43.5,-109
2026-09-20T17:30:25Z,2026-09-20T20:05:00Z,LAC,LV,LV@LAC,betus,h2h,LV,,255
2026-09-20T17:30:25Z,2026-09-20T20:05:00Z,LAC,LV,LV@LAC,betus,h2h,LAC,,-310
2026-09-20T17:30:25Z,2026-09-20T20:05:00Z,LAC,LV,LV@LAC,betus,spreads,LV,7.0,-120
2026-09-20T17:30:25Z,2026-09-20T20:05:00Z,LAC,LV,LV@LAC,betus,spreads,LAC,-7.0,100
2026-09-20T17:30:25Z,2026-09-20T20:05:00Z,LAC,LV,LV@LAC,betus,totals,Over,43.5,-110
2026-09-20T17:30:25Z,2026-09-20T20:05:00Z,LAC,LV,LV@LAC,betus,totals,Under,43.5,-110
2026-09-20T17:30:25Z,2026-09-20T20:05:00Z,LAC,LV,LV@LAC,bovada,h2h,LV,,260
2026-09-20T17:30:25Z,2026-09-20T20:05:00Z,LAC,LV,LV@LAC,bovada,h2h,LAC,,-320
2026-09-20T17:30:25Z,2026-09-20T20:05:00Z,LAC,LV,LV@LAC,bovada,spreads,LV,7.0,-115
2026-09-20T17:30:25Z,2026-09-20T20:05:00Z,LAC,LV,LV@LAC,bovada,spreads,LAC,-7.0,-105
2026-09-20T17:30:25Z,2026-09-20T20:05:00Z,LAC,LV,LV@LAC,bovada,totals,Over,43.5,-110
2026-09-20T17:30:25Z,2026-09-20T20:05:00Z,LAC,LV,LV@LAC,bovada,totals,Under,43.5,-110
2026-09-20T17:30:25Z,2026-09-20T20:05:00Z,LAC,LV,LV@LAC,draftkings,h2h,LV,,270
2026-09-20T17:30:25Z,2026-09-20T20:05:00Z,LAC,LV,LV@LAC,draftkings,h2h,LAC,,-340
2026-09-20T17:30:25Z,2026-09-20T20:05:00Z,LAC,LV,LV@LAC,draftkings,spreads,LV,7.0,-115
2026-09-20T17:30:25Z,2026-09-20T20:05:00Z,LAC,LV,LV@LAC,draftkings,spreads,LAC,-7.0,-105
2026-09-20T17:30:25Z,2026-09-20T20:05:00Z,LAC,LV,LV@LAC,draftkings,totals,Over,43.5,-110
2026-09-20T17:30:25Z,2026-09-20T20:05:00Z,LAC,LV,LV@LAC,draftkings,totals,Under,43.5,-110
2026-09-20T17:30:25Z,2026-09-20T20:05:00Z,LAC,LV,LV@LAC,fanduel,h2h,LV,,245
2026-09-20T17:30:25Z,2026-09-20T20:05:00Z,LAC,LV,LV@LAC,fanduel,h2h,LAC,,-300
2026-09-20T17:30:25Z,2026-09-20T20:05:00Z,LAC,LV,LV@LAC,fanduel,spreads,LV,6.5,-105
2026-09-20T17:30:25Z,2026-09-20T20:05:00Z,LAC,LV,LV@LAC,fanduel,spreads,LAC,-6.5,-115
2026-09-20T17:30:25Z,2026-09-20T20:05:00Z,LAC,LV,LV@LAC,fanduel,totals,Over,43.5,-110
2026-09-20T17:30:25Z,2026-09-20T20:05:00Z,LAC,LV,LV@LAC,fanduel,totals,Under,43.5,-110
2026-09-20T17:30:25Z,2026-09-20T20:05:00Z,LAC,LV,LV@LAC,lowvig,h2h,LV,,254
2026-09-20T17:30:25Z,2026-09-20T20:05:00Z,LAC,LV,LV@LAC,lowvig,h2h,LAC,,-312
2026-09-20T17:30:25Z,2026-09-20T20:05:00Z,LAC,LV,LV@LAC,lowvig,spreads,LV,6.5,-102
2026-09-20T17:30:25Z,2026-09-20T20:05:00Z,LAC,LV,LV@LAC,lowvig,spreads,LAC,-6.5,-108
2026-09-20T17:30:25Z,2026-09-20T20:05:00Z,LAC,LV,LV@LAC,lowvig,totals,Over,43.5,-107
2026-09-20T17:30:25Z,2026-09-20T20:05:00Z,LAC,LV,LV@LAC,lowvig,totals,Under,43.5,-107
2026-09-20T17:30:25Z,2026-09-20T20:05:00Z,LAC,LV,LV@LAC,mybookieag,h2h,LV,,255
2026-09-20T17:30:25Z,2026-09-20T20:05:00Z,LAC,LV,LV@LAC,mybookieag,h2h,LAC,,-310
2026-09-20T17:30:25Z,2026-09-20T20:05:00Z,LAC,LV,LV@LAC,mybookieag,spreads,LV,6.5,-105
2026-09-20T17:30:25Z,2026-09-20T20:05:00Z,LAC,LV,LV@LAC,mybookieag,spreads,LAC,-6.5,-115
2026-09-20T17:30:25Z,2026-09-20T20:05:00Z,LAC,LV,LV@LAC,mybookieag,totals,Over,43.5,-110
2026-09-20T17:30:25Z,2026-09-20T20:05:00Z,LAC,LV,LV@LAC,mybookieag,totals,Under,43.5,-110
2026-09-20T17:30:25Z,2026-09-20T20:25:00Z,SF,MIA,MIA@SF,betmgm,h2h,MIA,,675
2026-09-20T17:30:25Z,2026-09-20T20:25:00Z,SF,MIA,MIA@SF,betmgm,h2h,SF,,-1000
2026-09-20T17:30:25Z,2026-09-20T20:25:00Z,SF,MIA,MIA@SF,betmgm,spreads,MIA,13.5,-112
2026-09-20T17:30:25Z,2026-09-20T20:25:00Z,SF,MIA,MIA@SF,betmgm,spreads,SF,-13.5,-108
2026-09-20T17:30:25Z,2026-09-20T20:25:00Z,SF,MIA,MIA@SF,betmgm,totals,Over,45.0,-108
2026-09-20T17:30:25Z,2026-09-20T20:25:00Z,SF,MIA,MIA@SF,betmgm,totals,Under,45.0,-110
2026-09-20T17:30:25Z,2026-09-20T20:25:00Z,SF,MIA,MIA@SF,betonlineag,h2h,MIA,,686
2026-09-20T17:30:25Z,2026-09-20T20:25:00Z,SF,MIA,MIA@SF,betonlineag,h2h,SF,,-1050
2026-09-20T17:30:25Z,2026-09-20T20:25:00Z,SF,MIA,MIA@SF,betonlineag,spreads,MIA,13.0,-105
2026-09-20T17:30:25Z,2026-09-20T20:25:00Z,SF,MIA,MIA@SF,betonlineag,spreads,SF,-13.0,-115
2026-09-20T17:30:25Z,2026-09-20T20:25:00Z,SF,MIA,MIA@SF,betonlineag,totals,Over,45.0,-110
2026-09-20T17:30:25Z,2026-09-20T20:25:00Z,SF,MIA,MIA@SF,betonlineag,totals,Under,45.0,-110
2026-09-20T17:30:25Z,2026-09-20T20:25:00Z,SF,MIA,MIA@SF,betrivers,h2h,MIA,,575
2026-09-20T17:30:25Z,2026-09-20T20:25:00Z,SF,MIA,MIA@SF,betrivers,h2h,SF,,-910
2026-09-20T17:30:25Z,2026-09-20T20:25:00Z,SF,MIA,MIA@SF,betrivers,spreads,MIA,13.0,-112
2026-09-20T17:30:25Z,2026-09-20T20:25:00Z,SF,MIA,MIA@SF,betrivers,spreads,SF,-13.0,-109
2026-09-20T17:30:25Z,2026-09-20T20:25:00Z,SF,MIA,MIA@SF,betrivers,totals,Over,45.0,-110
2026-09-20T17:30:25Z,2026-09-20T20:25:00Z,SF,MIA,MIA@SF,betrivers,totals,Under,45.0,-110
2026-09-20T17:30:25Z,2026-09-20T20:25:00Z,SF,MIA,MIA@SF,betus,h2h,MIA,,650
2026-09-20T17:30:25Z,2026-09-20T20:25:00Z,SF,MIA,MIA@SF,betus,h2h,SF,,-1000
2026-09-20T17:30:25Z,2026-09-20T20:25:00Z,SF,MIA,MIA@SF,betus,spreads,MIA,13.5,-110
2026-09-20T17:30:25Z,2026-09-20T20:25:00Z,SF,MIA,MIA@SF,betus,spreads,SF,-13.5,-110
2026-09-20T17:30:25Z,2026-09-20T20:25:00Z,SF,MIA,MIA@SF,betus,totals,Over,45.0,-110
2026-09-20T17:30:25Z,2026-09-20T20:25:00Z,SF,MIA,MIA@SF,betus,totals,Under,45.0,-110
2026-09-20T17:30:25Z,2026-09-20T20:25:00Z,SF,MIA,MIA@SF,bovada,h2h,MIA,,700
2026-09-20T17:30:25Z,2026-09-20T20:25:00Z,SF,MIA,MIA@SF,bovada,h2h,SF,,-1200
2026-09-20T17:30:25Z,2026-09-20T20:25:00Z,SF,MIA,MIA@SF,bovada,spreads,MIA,13.0,-105
2026-09-20T17:30:25Z,2026-09-20T20:25:00Z,SF,MIA,MIA@SF,bovada,spreads,SF,-13.0,-115
2026-09-20T17:30:25Z,2026-09-20T20:25:00Z,SF,MIA,MIA@SF,bovada,totals,Over,45.0,-110
2026-09-20T17:30:25Z,2026-09-20T20:25:00Z,SF,MIA,MIA@SF,bovada,totals,Under,45.0,-110
2026-09-20T17:30:25Z,2026-09-20T20:25:00Z,SF,MIA,MIA@SF,draftkings,h2h,MIA,,625
2026-09-20T17:30:25Z,2026-09-20T20:25:00Z,SF,MIA,MIA@SF,draftkings,h2h,SF,,-950
2026-09-20T17:30:25Z,2026-09-20T20:25:00Z,SF,MIA,MIA@SF,draftkings,spreads,MIA,13.5,-110
2026-09-20T17:30:25Z,2026-09-20T20:25:00Z,SF,MIA,MIA@SF,draftkings,spreads,SF,-13.5,-110
2026-09-20T17:30:25Z,2026-09-20T20:25:00Z,SF,MIA,MIA@SF,draftkings,totals,Over,44.5,-115
2026-09-20T17:30:25Z,2026-09-20T20:25:00Z,SF,MIA,MIA@SF,draftkings,totals,Under,44.5,-105
2026-09-20T17:30:25Z,2026-09-20T20:25:00Z,SF,MIA,MIA@SF,fanduel,h2h,MIA,,660
2026-09-20T17:30:25Z,2026-09-20T20:25:00Z,SF,MIA,MIA@SF,fanduel,h2h,SF,,-1000
2026-09-20T17:30:25Z,2026-09-20T20:25:00Z,SF,MIA,MIA@SF,fanduel,spreads,MIA,13.5,-115
2026-09-20T17:30:25Z,2026-09-20T20:25:00Z,SF,MIA,MIA@SF,fanduel,spreads,SF,-13.5,-105
2026-09-20T17:30:25Z,2026-09-20T20:25:00Z,SF,MIA,MIA@SF,fanduel,totals,Over,45.5,-102
2026-09-20T17:30:25Z,2026-09-20T20:25:00Z,SF,MIA,MIA@SF,fanduel,totals,Under,45.5,-120
2026-09-20T17:30:25Z,2026-09-20T20:25:00Z,SF,MIA,MIA@SF,lowvig,h2h,MIA,,686
2026-09-20T17:30:25Z,2026-09-20T20:25:00Z,SF,MIA,MIA@SF,lowvig,h2h,SF,,-1050
2026-09-20T17:30:25Z,2026-09-20T20:25:00Z,SF,MIA,MIA@SF,lowvig,spreads,MIA,13.0,-101
2026-09-20T17:30:25Z,2026-09-20T20:25:00Z,SF,MIA,MIA@SF,lowvig,spreads,SF,-13.0,-109
2026-09-20T17:30:25Z,2026-09-20T20:25:00Z,SF,MIA,MIA@SF,lowvig,totals,Over,45.0,-107
2026-09-20T17:30:25Z,2026-09-20T20:25:00Z,SF,MIA,MIA@SF,lowvig,totals,Under,45.0,-107
2026-09-20T17:30:25Z,2026-09-20T20:25:00Z,SF,MIA,MIA@SF,mybookieag,h2h,MIA,,753
2026-09-20T17:30:25Z,2026-09-20T20:25:00Z,SF,MIA,MIA@SF,mybookieag,h2h,SF,,-1133
2026-09-20T17:30:25Z,2026-09-20T20:25:00Z,SF,MIA,MIA@SF,mybookieag,spreads,MIA,13.5,-110
2026-09-20T17:30:25Z,2026-09-20T20:25:00Z,SF,MIA,MIA@SF,mybookieag,spreads,SF,-13.5,-110
2026-09-20T17:30:25Z,2026-09-20T20:25:00Z,SF,MIA,MIA@SF,mybookieag,totals,Over,45.0,-110
2026-09-20T17:30:25Z,2026-09-20T20:25:00Z,SF,MIA,MIA@SF,mybookieag,totals,Under,45.0,-110
2026-09-20T17:30:25Z,2026-09-20T17:02:38Z,CHI,MIN,MIN@CHI,betmgm,h2h,CHI,,-285
2026-09-20T17:30:25Z,2026-09-20T17:02:38Z,CHI,MIN,MIN@CHI,betmgm,h2h,MIN,,210
2026-09-20T17:30:25Z,2026-09-20T17:02:38Z,CHI,MIN,MIN@CHI,betmgm,spreads,CHI,-6.5,-115
2026-09-20T17:30:25Z,2026-09-20T17:02:38Z,CHI,MIN,MIN@CHI,betmgm,spreads,MIN,6.5,-112
2026-09-20T17:30:25Z,2026-09-20T17:02:38Z,CHI,MIN,MIN@CHI,betmgm,totals,Over,44.5,-112
2026-09-20T17:30:25Z,2026-09-20T17:02:38Z,CHI,MIN,MIN@CHI,betmgm,totals,Under,44.5,-118
2026-09-20T17:30:25Z,2026-09-20T17:02:38Z,CHI,MIN,MIN@CHI,betrivers,h2h,CHI,,-305
2026-09-20T17:30:25Z,2026-09-20T17:02:38Z,CHI,MIN,MIN@CHI,betrivers,h2h,MIN,,230
2026-09-20T17:30:25Z,2026-09-20T17:02:38Z,CHI,MIN,MIN@CHI,betrivers,spreads,CHI,-6.5,-113
2026-09-20T17:30:25Z,2026-09-20T17:02:38Z,CHI,MIN,MIN@CHI,betrivers,spreads,MIN,6.5,-115
2026-09-20T17:30:25Z,2026-09-20T17:02:38Z,CHI,MIN,MIN@CHI,betrivers,totals,Over,44.5,-108
2026-09-20T17:30:25Z,2026-09-20T17:02:38Z,CHI,MIN,MIN@CHI,betrivers,totals,Under,44.5,-120
2026-09-20T17:30:25Z,2026-09-20T17:02:38Z,CHI,MIN,MIN@CHI,bovada,h2h,CHI,,-210
2026-09-20T17:30:25Z,2026-09-20T17:02:38Z,CHI,MIN,MIN@CHI,bovada,h2h,MIN,,160
2026-09-20T17:30:25Z,2026-09-20T17:02:38Z,CHI,MIN,MIN@CHI,bovada,spreads,CHI,-3.5,-115
2026-09-20T17:30:25Z,2026-09-20T17:02:38Z,CHI,MIN,MIN@CHI,bovada,spreads,MIN,3.5,-115
2026-09-20T17:30:25Z,2026-09-20T17:02:38Z,CHI,MIN,MIN@CHI,bovada,totals,Over,44.0,-115
2026-09-20T17:30:25Z,2026-09-20T17:02:38Z,CHI,MIN,MIN@CHI,bovada,totals,Under,44.0,-115
2026-09-20T17:30:25Z,2026-09-20T17:02:38Z,CHI,MIN,MIN@CHI,draftkings,h2h,CHI,,-261
2026-09-20T17:30:25Z,2026-09-20T17:02:38Z,CHI,MIN,MIN@CHI,draftkings,h2h,MIN,,194
2026-09-20T17:30:25Z,2026-09-20T17:02:38Z,CHI,MIN,MIN@CHI,draftkings,spreads,CHI,-6.5,-109
2026-09-20T17:30:25Z,2026-09-20T17:02:38Z,CHI,MIN,MIN@CHI,draftkings,spreads,MIN,6.5,-120
2026-09-20T17:30:25Z,2026-09-20T17:02:38Z,CHI,MIN,MIN@CHI,draftkings,totals,Over,44.5,-110
2026-09-20T17:30:25Z,2026-09-20T17:02:38Z,CHI,MIN,MIN@CHI,draftkings,totals,Under,44.5,-119
2026-09-20T17:30:25Z,2026-09-20T17:02:38Z,CHI,MIN,MIN@CHI,fanduel,h2h,CHI,,-310
2026-09-20T17:30:25Z,2026-09-20T17:02:38Z,CHI,MIN,MIN@CHI,fanduel,h2h,MIN,,230
2026-09-20T17:30:25Z,2026-09-20T17:02:38Z,CHI,MIN,MIN@CHI,fanduel,spreads,CHI,-6.5,-106
2026-09-20T17:30:25Z,2026-09-20T17:02:38Z,CHI,MIN,MIN@CHI,fanduel,spreads,MIN,6.5,-125
2026-09-20T17:30:25Z,2026-09-20T17:02:38Z,CHI,MIN,MIN@CHI,fanduel,totals,Over,45.5,-106
2026-09-20T17:30:25Z,2026-09-20T17:02:38Z,CHI,MIN,MIN@CHI,fanduel,totals,Under,45.5,-125
2026-09-20T17:30:25Z,2026-09-20T17:02:38Z,CHI,MIN,MIN@CHI,mybookieag,h2h,CHI,,-200
2026-09-20T17:30:25Z,2026-09-20T17:02:38Z,CHI,MIN,MIN@CHI,mybookieag,h2h,MIN,,170
2026-09-20T17:30:25Z,2026-09-20T17:02:38Z,CHI,MIN,MIN@CHI,mybookieag,spreads,CHI,-4.5,-111
2026-09-20T17:30:25Z,2026-09-20T17:02:38Z,CHI,MIN,MIN@CHI,mybookieag,spreads,MIN,4.5,-118
2026-09-20T17:30:25Z,2026-09-20T17:02:38Z,CHI,MIN,MIN@CHI,mybookieag,totals,Over,44.5,-118
2026-09-20T17:30:25Z,2026-09-20T17:02:38Z,CHI,MIN,MIN@CHI,mybookieag,totals,Under,44.5,-111
2026-09-20T17:30:25Z,2026-09-20T17:02:38Z,BAL,NO,NO@BAL,betmgm,h2h,BAL,,-750
2026-09-20T17:30:25Z,2026-09-20T17:02:38Z,BAL,NO,NO@BAL,betmgm,h2h,NO,,475
2026-09-20T17:30:25Z,2026-09-20T17:02:38Z,BAL,NO,NO@BAL,betmgm,spreads,BAL,-12.5,-118
2026-09-20T17:30:25Z,2026-09-20T17:02:38Z,BAL,NO,NO@BAL,betmgm,spreads,NO,12.5,-110
2026-09-20T17:30:25Z,2026-09-20T17:02:38Z,BAL,NO,NO@BAL,betmgm,totals,Over,42.5,-120
2026-09-20T17:30:25Z,2026-09-20T17:02:38Z,BAL,NO,NO@BAL,betmgm,totals,Under,42.5,-110
2026-09-20T17:30:25Z,2026-09-20T17:02:38Z,BAL,NO,NO@BAL,betrivers,h2h,BAL,,-1000
2026-09-20T17:30:25Z,2026-09-20T17:02:38Z,BAL,NO,NO@BAL,betrivers,h2h,NO,,575
2026-09-20T17:30:25Z,2026-09-20T17:02:38Z,BAL,NO,NO@BAL,betrivers,spreads,BAL,-12.5,-115
2026-09-20T17:30:25Z,2026-09-20T17:02:38Z,BAL,NO,NO@BAL,betrivers,spreads,NO,12.5,-113
2026-09-20T17:30:25Z,2026-09-20T17:02:38Z,BAL,NO,NO@BAL,betrivers,totals,Over,41.5,-115
2026-09-20T17:30:25Z,2026-09-20T17:02:38Z,BAL,NO,NO@BAL,betrivers,totals,Under,41.5,-112
2026-09-20T17:30:25Z,2026-09-20T17:02:38Z,BAL,NO,NO@BAL,bovada,h2h,BAL,,-700
2026-09-20T17:30:25Z,2026-09-20T17:02:38Z,BAL,NO,NO@BAL,bovada,h2h,NO,,425
2026-09-20T17:30:25Z,2026-09-20T17:02:38Z,BAL,NO,NO@BAL,bovada,spreads,BAL,-10.5,-115
2026-09-20T17:30:25Z,2026-09-20T17:02:38Z,BAL,NO,NO@BAL,bovada,spreads,NO,10.5,-115
2026-09-20T17:30:25Z,2026-09-20T17:02:38Z,BAL,NO,NO@BAL,bovada,totals,Over,44.0,-120
2026-09-20T17:30:25Z,2026-09-20T17:02:38Z,BAL,NO,NO@BAL,bovada,totals,Under,44.0,-110
2026-09-20T17:30:25Z,2026-09-20T17:02:38Z,BAL,NO,NO@BAL,draftkings,h2h,BAL,,-640
2026-09-20T17:30:25Z,2026-09-20T17:02:38Z,BAL,NO,NO@BAL,draftkings,h2h,NO,,433
2026-09-20T17:30:25Z,2026-09-20T17:02:38Z,BAL,NO,NO@BAL,draftkings,spreads,BAL,-12.5,-111
2026-09-20T17:30:25Z,2026-09-20T17:02:38Z,BAL,NO,NO@BAL,draftkings,spreads,NO,12.5,-118
2026-09-20T17:30:25Z,2026-09-20T17:02:38Z,BAL,NO,NO@BAL,draftkings,totals,Over,43.5,-110
2026-09-20T17:30:25Z,2026-09-20T17:02:38Z,BAL,NO,NO@BAL,draftkings,totals,Under,43.5,-120
2026-09-20T17:30:25Z,2026-09-20T17:02:38Z,BAL,NO,NO@BAL,fanduel,h2h,BAL,,-1100
2026-09-20T17:30:25Z,2026-09-20T17:02:38Z,BAL,NO,NO@BAL,fanduel,h2h,NO,,600
2026-09-20T17:30:25Z,2026-09-20T17:02:38Z,BAL,NO,NO@BAL,fanduel,spreads,BAL,-12.5,-110
2026-09-20T17:30:25Z,2026-09-20T17:02:38Z,BAL,NO,NO@BAL,fanduel,spreads,NO,12.5,-122
2026-09-20T17:30:25Z,2026-09-20T17:02:38Z,BAL,NO,NO@BAL,fanduel,totals,Over,43.5,-104
2026-09-20T17:30:25Z,2026-09-20T17:02:38Z,BAL,NO,NO@BAL,fanduel,totals,Under,43.5,-128
2026-09-20T17:30:25Z,2026-09-20T17:02:38Z,BAL,NO,NO@BAL,mybookieag,h2h,BAL,,-714
2026-09-20T17:30:25Z,2026-09-20T17:02:38Z,BAL,NO,NO@BAL,mybookieag,h2h,NO,,475
2026-09-20T17:30:25Z,2026-09-20T17:02:38Z,BAL,NO,NO@BAL,mybookieag,spreads,BAL,-12.5,-111
2026-09-20T17:30:25Z,2026-09-20T17:02:38Z,BAL,NO,NO@BAL,mybookieag,spreads,NO,12.5,-118
2026-09-20T17:30:25Z,2026-09-20T17:02:38Z,BAL,NO,NO@BAL,mybookieag,totals,Over,43.5,-118
2026-09-20T17:30:25Z,2026-09-20T17:02:38Z,BAL,NO,NO@BAL,mybookieag,totals,Under,43.5,-105
2026-09-20T17:30:25Z,2026-09-22T00:15:00Z,LA,NYG,NYG@LA,betmgm,h2h,LA,,-300
2026-09-20T17:30:25Z,2026-09-22T00:15:00Z,LA,NYG,NYG@LA,betmgm,h2h,NYG,,250
2026-09-20T17:30:25Z,2026-09-22T00:15:00Z,LA,NYG,NYG@LA,betmgm,spreads,LA,-7.0,-102
2026-09-20T17:30:25Z,2026-09-22T00:15:00Z,LA,NYG,NYG@LA,betmgm,spreads,NYG,7.0,-118
2026-09-20T17:30:25Z,2026-09-22T00:15:00Z,LA,NYG,NYG@LA,betmgm,totals,Over,47.5,-108
2026-09-20T17:30:25Z,2026-09-22T00:15:00Z,LA,NYG,NYG@LA,betmgm,totals,Under,47.5,-110
2026-09-20T17:30:25Z,2026-09-22T00:15:00Z,LA,NYG,NYG@LA,betonlineag,h2h,LA,,-305
2026-09-20T17:30:25Z,2026-09-22T00:15:00Z,LA,NYG,NYG@LA,betonlineag,h2h,NYG,,249
2026-09-20T17:30:25Z,2026-09-22T00:15:00Z,LA,NYG,NYG@LA,betonlineag,spreads,LA,-6.5,-117
2026-09-20T17:30:25Z,2026-09-22T00:15:00Z,LA,NYG,NYG@LA,betonlineag,spreads,NYG,6.5,-103
2026-09-20T17:30:25Z,2026-09-22T00:15:00Z,LA,NYG,NYG@LA,betonlineag,totals,Over,47.5,-110
2026-09-20T17:30:25Z,2026-09-22T00:15:00Z,LA,NYG,NYG@LA,betonlineag,totals,Under,47.5,-110
2026-09-20T17:30:25Z,2026-09-22T00:15:00Z,LA,NYG,NYG@LA,betrivers,h2h,LA,,-335
2026-09-20T17:30:25Z,2026-09-22T00:15:00Z,LA,NYG,NYG@LA,betrivers,h2h,NYG,,260
2026-09-20T17:30:25Z,2026-09-22T00:15:00Z,LA,NYG,NYG@LA,betrivers,spreads,LA,-7.0,-112
2026-09-20T17:30:25Z,2026-09-22T00:15:00Z,LA,NYG,NYG@LA,betrivers,spreads,NYG,7.0,-109
2026-09-20T17:30:25Z,2026-09-22T00:15:00Z,LA,NYG,NYG@LA,betrivers,totals,Over,48.0,-113
2026-09-20T17:30:25Z,2026-09-22T00:15:00Z,LA,NYG,NYG@LA,betrivers,totals,Under,48.0,-108
2026-09-20T17:30:25Z,2026-09-22T00:15:00Z,LA,NYG,NYG@LA,betus,h2h,LA,,-305
2026-09-20T17:30:25Z,2026-09-22T00:15:00Z,LA,NYG,NYG@LA,betus,h2h,NYG,,253
2026-09-20T17:30:25Z,2026-09-22T00:15:00Z,LA,NYG,NYG@LA,betus,spreads,LA,-7.0,100
2026-09-20T17:30:25Z,2026-09-22T00:15:00Z,LA,NYG,NYG@LA,betus,spreads,NYG,7.0,-120
2026-09-20T17:30:25Z,2026-09-22T00:15:00Z,LA,NYG,NYG@LA,betus,totals,Over,47.5,-110
2026-09-20T17:30:25Z,2026-09-22T00:15:00Z,LA,NYG,NYG@LA,betus,totals,Under,47.5,-110
2026-09-20T17:30:25Z,2026-09-22T00:15:00Z,LA,NYG,NYG@LA,bovada,h2h,LA,,-310
2026-09-20T17:30:25Z,2026-09-22T00:15:00Z,LA,NYG,NYG@LA,bovada,h2h,NYG,,255
2026-09-20T17:30:25Z,2026-09-22T00:15:00Z,LA,NYG,NYG@LA,bovada,spreads,LA,-7.0,-105
2026-09-20T17:30:25Z,2026-09-22T00:15:00Z,LA,NYG,NYG@LA,bovada,spreads,NYG,7.0,-115
2026-09-20T17:30:25Z,2026-09-22T00:15:00Z,LA,NYG,NYG@LA,bovada,totals,Over,47.5,-115
2026-09-20T17:30:25Z,2026-09-22T00:15:00Z,LA,NYG,NYG@LA,bovada,totals,Under,47.5,-105
2026-09-20T17:30:25Z,2026-09-22T00:15:00Z,LA,NYG,NYG@LA,draftkings,h2h,LA,,-285
2026-09-20T17:30:25Z,2026-09-22T00:15:00Z,LA,NYG,NYG@LA,draftkings,h2h,NYG,,230
2026-09-20T17:30:25Z,2026-09-22T00:15:00Z,LA,NYG,NYG@LA,draftkings,spreads,LA,-6.5,-115
2026-09-20T17:30:25Z,2026-09-22T00:15:00Z,LA,NYG,NYG@LA,draftkings,spreads,NYG,6.5,-105
2026-09-20T17:30:25Z,2026-09-22T00:15:00Z,LA,NYG,NYG@LA,draftkings,totals,Over,47.5,-110
2026-09-20T17:30:25Z,2026-09-22T00:15:00Z,LA,NYG,NYG@LA,draftkings,totals,Under,47.5,-110
2026-09-20T17:30:25Z,2026-09-22T00:15:00Z,LA,NYG,NYG@LA,fanduel,h2h,LA,,-310
2026-09-20T17:30:25Z,2026-09-22T00:15:00Z,LA,NYG,NYG@LA,fanduel,h2h,NYG,,250
2026-09-20T17:30:25Z,2026-09-22T00:15:00Z,LA,NYG,NYG@LA,fanduel,spreads,LA,-6.5,-120
2026-09-20T17:30:25Z,2026-09-22T00:15:00Z,LA,NYG,NYG@LA,fanduel,spreads,NYG,6.5,-102
2026-09-20T17:30:25Z,2026-09-22T00:15:00Z,LA,NYG,NYG@LA,fanduel,totals,Over,47.5,-105
2026-09-20T17:30:25Z,2026-09-22T00:15:00Z,LA,NYG,NYG@LA,fanduel,totals,Under,47.5,-115
2026-09-20T17:30:25Z,2026-09-22T00:15:00Z,LA,NYG,NYG@LA,lowvig,h2h,LA,,-305
2026-09-20T17:30:25Z,2026-09-22T00:15:00Z,LA,NYG,NYG@LA,lowvig,h2h,NYG,,249
2026-09-20T17:30:25Z,2026-09-22T00:15:00Z,LA,NYG,NYG@LA,lowvig,spreads,LA,-6.5,-114
2026-09-20T17:30:25Z,2026-09-22T00:15:00Z,LA,NYG,NYG@LA,lowvig,spreads,NYG,6.5,103
2026-09-20T17:30:25Z,2026-09-22T00:15:00Z,LA,NYG,NYG@LA,lowvig,totals,Over,47.5,-107
2026-09-20T17:30:25Z,2026-09-22T00:15:00Z,LA,NYG,NYG@LA,lowvig,totals,Under,47.5,-107
2026-09-20T17:30:25Z,2026-09-22T00:15:00Z,LA,NYG,NYG@LA,mybookieag,h2h,LA,,-319
2026-09-20T17:30:25Z,2026-09-22T00:15:00Z,LA,NYG,NYG@LA,mybookieag,h2h,NYG,,246
2026-09-20T17:30:25Z,2026-09-22T00:15:00Z,LA,NYG,NYG@LA,mybookieag,spreads,LA,-7.0,100
2026-09-20T17:30:25Z,2026-09-22T00:15:00Z,LA,NYG,NYG@LA,mybookieag,spreads,NYG,7.0,-120
2026-09-20T17:30:25Z,2026-09-22T00:15:00Z,LA,NYG,NYG@LA,mybookieag,totals,Over,47.5,-110
2026-09-20T17:30:25Z,2026-09-22T00:15:00Z,LA,NYG,NYG@LA,mybookieag,totals,Under,47.5,-110
2026-09-20T17:30:25Z,2026-09-20T17:02:50Z,TEN,PHI,PHI@TEN,betmgm,h2h,PHI,,-285
2026-09-20T17:30:25Z,2026-09-20T17:02:50Z,TEN,PHI,PHI@TEN,betmgm,h2h,TEN,,230
2026-09-20T17:30:25Z,2026-09-20T17:02:50Z,TEN,PHI,PHI@TEN,betmgm,spreads,PHI,-5.5,-115
2026-09-20T17:30:25Z,2026-09-20T17:02:50Z,TEN,PHI,PHI@TEN,betmgm,spreads,TEN,5.5,-112
2026-09-20T17:30:25Z,2026-09-20T17:02:50Z,TEN,PHI,PHI@TEN,betmgm,totals,Over,39.5,-118
2026-09-20T17:30:25Z,2026-09-20T17:02:50Z,TEN,PHI,PHI@TEN,betmgm,totals,Under,39.5,-110
2026-09-20T17:30:25Z,2026-09-20T17:02:50Z,TEN,PHI,PHI@TEN,betrivers,h2h,PHI,,-240
2026-09-20T17:30:25Z,2026-09-20T17:02:50Z,TEN,PHI,PHI@TEN,betrivers,h2h,TEN,,185
2026-09-20T17:30:25Z,2026-09-20T17:02:50Z,TEN,PHI,PHI@TEN,betrivers,spreads,PHI,-5.0,-112
2026-09-20T17:30:25Z,2026-09-20T17:02:50Z,TEN,PHI,PHI@TEN,betrivers,spreads,TEN,5.0,-115
2026-09-20T17:30:25Z,2026-09-20T17:02:50Z,TEN,PHI,PHI@TEN,betrivers,totals,Over,40.5,-120
2026-09-20T17:30:25Z,2026-09-20T17:02:50Z,TEN,PHI,PHI@TEN,betrivers,totals,Under,40.5,-109
2026-09-20T17:30:25Z,2026-09-20T17:02:50Z,TEN,PHI,PHI@TEN,bovada,h2h,PHI,,-220
2026-09-20T17:30:25Z,2026-09-20T17:02:50Z,TEN,PHI,PHI@TEN,bovada,h2h,TEN,,165
2026-09-20T17:30:25Z,2026-09-20T17:02:50Z,TEN,PHI,PHI@TEN,bovada,spreads,PHI,-3.5,-105
2026-09-20T17:30:25Z,2026-09-20T17:02:50Z,TEN,PHI,PHI@TEN,bovada,spreads,TEN,3.5,-125
2026-09-20T17:30:25Z,2026-09-20T17:02:50Z,TEN,PHI,PHI@TEN,bovada,totals,Over,41.0,-115
2026-09-20T17:30:25Z,2026-09-20T17:02:50Z,TEN,PHI,PHI@TEN,bovada,totals,Under,41.0,-115
2026-09-20T17:30:25Z,2026-09-20T17:02:50Z,TEN,PHI,PHI@TEN,draftkings,h2h,PHI,,-255
2026-09-20T17:30:25Z,2026-09-20T17:02:50Z,TEN,PHI,PHI@TEN,draftkings,h2h,TEN,,190
2026-09-20T17:30:25Z,2026-09-20T17:02:50Z,TEN,PHI,PHI@TEN,draftkings,spreads,PHI,-5.5,-114
2026-09-20T17:30:25Z,2026-09-20T17:02:50Z,TEN,PHI,PHI@TEN,draftkings,spreads,TEN,5.5,-116
2026-09-20T17:30:25Z,2026-09-20T17:02:50Z,TEN,PHI,PHI@TEN,draftkings,totals,Over,40.5,-110
2026-09-20T17:30:25Z,2026-09-20T17:02:50Z,TEN,PHI,PHI@TEN,draftkings,totals,Under,40.5,-120
2026-09-20T17:30:25Z,2026-09-20T17:02:50Z,TEN,PHI,PHI@TEN,fanduel,h2h,PHI,,-245
2026-09-20T17:30:25Z,2026-09-20T17:02:50Z,TEN,PHI,PHI@TEN,fanduel,h2h,TEN,,186
2026-09-20T17:30:25Z,2026-09-20T17:02:50Z,TEN,PHI,PHI@TEN,fanduel,spreads,PHI,-3.5,-138
2026-09-20T17:30:25Z,2026-09-20T17:02:50Z,TEN,PHI,PHI@TEN,fanduel,spreads,TEN,3.5,104
2026-09-20T17:30:25Z,2026-09-20T17:02:50Z,TEN,PHI,PHI@TEN,fanduel,totals,Over,40.5,-125
2026-09-20T17:30:25Z,2026-09-20T17:02:50Z,TEN,PHI,PHI@TEN,fanduel,totals,Under,40.5,-106
2026-09-20T17:30:25Z,2026-09-20T17:02:50Z,TEN,PHI,PHI@TEN,mybookieag,h2h,PHI,,-182
2026-09-20T17:30:25Z,2026-09-20T17:02:50Z,TEN,PHI,PHI@TEN,mybookieag,h2h,TEN,,150
2026-09-20T17:30:25Z,2026-09-20T17:02:50Z,TEN,PHI,PHI@TEN,mybookieag,spreads,PHI,-3.5,100
2026-09-20T17:30:25Z,2026-09-20T17:02:50Z,TEN,PHI,PHI@TEN,mybookieag,spreads,TEN,3.5,-125
2026-09-20T17:30:25Z,2026-09-20T17:02:50Z,TEN,PHI,PHI@TEN,mybookieag,totals,Over,40.5,-118
2026-09-20T17:30:25Z,2026-09-20T17:02:50Z,TEN,PHI,PHI@TEN,mybookieag,totals,Under,40.5,-105
2026-09-20T17:30:25Z,2026-09-20T17:02:22Z,NE,PIT,PIT@NE,betmgm,h2h,NE,,-800
2026-09-20T17:30:25Z,2026-09-20T17:02:22Z,NE,PIT,PIT@NE,betmgm,h2h,PIT,,575
2026-09-20T17:30:25Z,2026-09-20T17:02:22Z,NE,PIT,PIT@NE,betmgm,spreads,NE,-13.5,-112
2026-09-20T17:30:25Z,2026-09-20T17:02:22Z,NE,PIT,PIT@NE,betmgm,spreads,PIT,13.5,-118
2026-09-20T17:30:25Z,2026-09-20T17:02:22Z,NE,PIT,PIT@NE,betmgm,totals,Over,42.5,-110
2026-09-20T17:30:25Z,2026-09-20T17:02:22Z,NE,PIT,PIT@NE,betmgm,totals,Under,42.5,-118
2026-09-20T17:30:25Z,2026-09-20T17:02:22Z,NE,PIT,PIT@NE,betrivers,h2h,NE,,-1000
2026-09-20T17:30:25Z,2026-09-20T17:02:22Z,NE,PIT,PIT@NE,betrivers,h2h,PIT,,575
2026-09-20T17:30:25Z,2026-09-20T17:02:22Z,NE,PIT,PIT@NE,betrivers,spreads,NE,-13.5,-120
2026-09-20T17:30:25Z,2026-09-20T17:02:22Z,NE,PIT,PIT@NE,betrivers,spreads,PIT,13.5,-108
2026-09-20T17:30:25Z,2026-09-20T17:02:22Z,NE,PIT,PIT@NE,betrivers,totals,Over,42.0,-113
2026-09-20T17:30:25Z,2026-09-20T17:02:22Z,NE,PIT,PIT@NE,betrivers,totals,Under,42.0,-115
2026-09-20T17:30:25Z,2026-09-20T17:02:22Z,NE,PIT,PIT@NE,bovada,h2h,NE,,-325
2026-09-20T17:30:25Z,2026-09-20T17:02:22Z,NE,PIT,PIT@NE,bovada,h2h,PIT,,230
2026-09-20T17:30:25Z,2026-09-20T17:02:22Z,NE,PIT,PIT@NE,bovada,spreads,NE,-6.5,-115
2026-09-20T17:30:25Z,2026-09-20T17:02:22Z,NE,PIT,PIT@NE,bovada,spreads,PIT,6.5,-115
2026-09-20T17:30:25Z,2026-09-20T17:02:22Z,NE,PIT,PIT@NE,bovada,totals,Over,38.5,-115
2026-09-20T17:30:25Z,2026-09-20T17:02:22Z,NE,PIT,PIT@NE,bovada,totals,Under,38.5,-115
2026-09-20T17:30:25Z,2026-09-20T17:02:22Z,NE,PIT,PIT@NE,draftkings,h2h,NE,,-920
2026-09-20T17:30:25Z,2026-09-20T17:02:22Z,NE,PIT,PIT@NE,draftkings,h2h,PIT,,595
2026-09-20T17:30:25Z,2026-09-20T17:02:22Z,NE,PIT,PIT@NE,draftkings,spreads,NE,-13.5,-126
2026-09-20T17:30:25Z,2026-09-20T17:02:22Z,NE,PIT,PIT@NE,draftkings,spreads,PIT,13.5,-104
2026-09-20T17:30:25Z,2026-09-20T17:02:22Z,NE,PIT,PIT@NE,draftkings,totals,Over,42.5,-110
2026-09-20T17:30:25Z,2026-09-20T17:02:22Z,NE,PIT,PIT@NE,draftkings,totals,Under,42.5,-120
2026-09-20T17:30:25Z,2026-09-20T17:02:22Z,NE,PIT,PIT@NE,fanduel,h2h,NE,,-1000
2026-09-20T17:30:25Z,2026-09-20T17:02:22Z,NE,PIT,PIT@NE,fanduel,h2h,PIT,,560
2026-09-20T17:30:25Z,2026-09-20T17:02:22Z,NE,PIT,PIT@NE,fanduel,spreads,NE,-12.5,-118
2026-09-20T17:30:25Z,2026-09-20T17:02:22Z,NE,PIT,PIT@NE,fanduel,spreads,PIT,12.5,-112
2026-09-20T17:30:25Z,2026-09-20T17:02:22Z,NE,PIT,PIT@NE,fanduel,totals,Over,43.5,-102
2026-09-20T17:30:25Z,2026-09-20T17:02:22Z,NE,PIT,PIT@NE,fanduel,totals,Under,43.5,-130
2026-09-20T17:30:25Z,2026-09-20T17:02:22Z,NE,PIT,PIT@NE,mybookieag,h2h,NE,,-500
2026-09-20T17:30:25Z,2026-09-20T17:02:22Z,NE,PIT,PIT@NE,mybookieag,h2h,PIT,,370
2026-09-20T17:30:25Z,2026-09-20T20:25:00Z,ARI,SEA,SEA@ARI,betmgm,h2h,ARI,,175
2026-09-20T17:30:25Z,2026-09-20T20:25:00Z,ARI,SEA,SEA@ARI,betmgm,h2h,SEA,,-210
2026-09-20T17:30:25Z,2026-09-20T20:25:00Z,ARI,SEA,SEA@ARI,betmgm,spreads,ARI,4.0,-105
2026-09-20T17:30:25Z,2026-09-20T20:25:00Z,ARI,SEA,SEA@ARI,betmgm,spreads,SEA,-4.0,-105
2026-09-20T17:30:25Z,2026-09-20T20:25:00Z,ARI,SEA,SEA@ARI,betmgm,totals,Over,41.0,-110
2026-09-20T17:30:25Z,2026-09-20T20:25:00Z,ARI,SEA,SEA@ARI,betmgm,totals,Under,41.0,-108
2026-09-20T17:30:25Z,2026-09-20T20:25:00Z,ARI,SEA,SEA@ARI,betonlineag,h2h,ARI,,174
2026-09-20T17:30:25Z,2026-09-20T20:25:00Z,ARI,SEA,SEA@ARI,betonlineag,h2h,SEA,,-200
2026-09-20T17:30:25Z,2026-09-20T20:25:00Z,ARI,SEA,SEA@ARI,betonlineag,spreads,ARI,4.0,-115
2026-09-20T17:30:25Z,2026-09-20T20:25:00Z,ARI,SEA,SEA@ARI,betonlineag,spreads,SEA,-4.0,-105
2026-09-20T17:30:25Z,2026-09-20T20:25:00Z,ARI,SEA,SEA@ARI,betonlineag,totals,Over,40.5,-116
2026-09-20T17:30:25Z,2026-09-20T20:25:00Z,ARI,SEA,SEA@ARI,betonlineag,totals,Under,40.5,-104
2026-09-20T17:30:25Z,2026-09-20T20:25:00Z,ARI,SEA,SEA@ARI,betrivers,h2h,ARI,,175
2026-09-20T17:30:25Z,2026-09-20T20:25:00Z,ARI,SEA,SEA@ARI,betrivers,h2h,SEA,,-215
2026-09-20T17:30:25Z,2026-09-20T20:25:00Z,ARI,SEA,SEA@ARI,betrivers,spreads,ARI,4.0,-109
2026-09-20T17:30:25Z,2026-09-20T20:25:00Z,ARI,SEA,SEA@ARI,betrivers,spreads,SEA,-4.0,-112
2026-09-20T17:30:25Z,2026-09-20T20:25:00Z,ARI,SEA,SEA@ARI,betrivers,totals,Over,41.0,-110
2026-09-20T17:30:25Z,2026-09-20T20:25:00Z,ARI,SEA,SEA@ARI,betrivers,totals,Under,41.0,-110
2026-09-20T17:30:25Z,2026-09-20T20:25:00Z,ARI,SEA,SEA@ARI,betus,h2h,ARI,,170
2026-09-20T17:30:25Z,2026-09-20T20:25:00Z,ARI,SEA,SEA@ARI,betus,h2h,SEA,,-200
2026-09-20T17:30:25Z,2026-09-20T20:25:00Z,ARI,SEA,SEA@ARI,betus,spreads,ARI,4.0,-115
2026-09-20T17:30:25Z,2026-09-20T20:25:00Z,ARI,SEA,SEA@ARI,betus,spreads,SEA,-4.0,-105
2026-09-20T17:30:25Z,2026-09-20T20:25:00Z,ARI,SEA,SEA@ARI,betus,totals,Over,41.0,-110
2026-09-20T17:30:25Z,2026-09-20T20:25:00Z,ARI,SEA,SEA@ARI,betus,totals,Under,41.0,-110
2026-09-20T17:30:25Z,2026-09-20T20:25:00Z,ARI,SEA,SEA@ARI,bovada,h2h,ARI,,165
2026-09-20T17:30:25Z,2026-09-20T20:25:00Z,ARI,SEA,SEA@ARI,bovada,h2h,SEA,,-195
2026-09-20T17:30:25Z,2026-09-20T20:25:00Z,ARI,SEA,SEA@ARI,bovada,spreads,ARI,3.5,-110
2026-09-20T17:30:25Z,2026-09-20T20:25:00Z,ARI,SEA,SEA@ARI,bovada,spreads,SEA,-3.5,-110
2026-09-20T17:30:25Z,2026-09-20T20:25:00Z,ARI,SEA,SEA@ARI,bovada,totals,Over,41.0,-110
2026-09-20T17:30:25Z,2026-09-20T20:25:00Z,ARI,SEA,SEA@ARI,bovada,totals,Under,41.0,-110
2026-09-20T17:30:25Z,2026-09-20T20:25:00Z,ARI,SEA,SEA@ARI,draftkings,h2h,ARI,,180
2026-09-20T17:30:25Z,2026-09-20T20:25:00Z,ARI,SEA,SEA@ARI,draftkings,h2h,SEA,,-218
2026-09-20T17:30:25Z,2026-09-20T20:25:00Z,ARI,SEA,SEA@ARI,draftkings,spreads,ARI,3.5,100
2026-09-20T17:30:25Z,2026-09-20T20:25:00Z,ARI,SEA,SEA@ARI,draftkings,spreads,SEA,-3.5,-120
2026-09-20T17:30:25Z,2026-09-20T20:25:00Z,ARI,SEA,SEA@ARI,draftkings,totals,Over,41.5,-105
2026-09-20T17:30:25Z,2026-09-20T20:25:00Z,ARI,SEA,SEA@ARI,draftkings,totals,Under,41.5,-115
2026-09-20T17:30:25Z,2026-09-20T20:25:00Z,ARI,SEA,SEA@ARI,fanduel,h2h,ARI,,176
2026-09-20T17:30:25Z,2026-09-20T20:25:00Z,ARI,SEA,SEA@ARI,fanduel,h2h,SEA,,-210
2026-09-20T17:30:25Z,2026-09-20T20:25:00Z,ARI,SEA,SEA@ARI,fanduel,spreads,ARI,4.5,-120
2026-09-20T17:30:25Z,2026-09-20T20:25:00Z,ARI,SEA,SEA@ARI,fanduel,spreads,SEA,-4.5,-102
2026-09-20T17:30:25Z,2026-09-20T20:25:00Z,ARI,SEA,SEA@ARI,fanduel,totals,Over,41.5,-102
2026-09-20T17:30:25Z,2026-09-20T20:25:00Z,ARI,SEA,SEA@ARI,fanduel,totals,Under,41.5,-120
2026-09-20T17:30:25Z,2026-09-20T20:25:00Z,ARI,SEA,SEA@ARI,lowvig,h2h,ARI,,174
2026-09-20T17:30:25Z,2026-09-20T20:25:00Z,ARI,SEA,SEA@ARI,lowvig,h2h,SEA,,-200
2026-09-20T17:30:25Z,2026-09-20T20:25:00Z,ARI,SEA,SEA@ARI,lowvig,spreads,ARI,4.0,-110
2026-09-20T17:30:25Z,2026-09-20T20:25:00Z,ARI,SEA,SEA@ARI,lowvig,spreads,SEA,-4.0,100
2026-09-20T17:30:25Z,2026-09-20T20:25:00Z,ARI,SEA,SEA@ARI,lowvig,totals,Over,40.5,-116
2026-09-20T17:30:25Z,2026-09-20T20:25:00Z,ARI,SEA,SEA@ARI,lowvig,totals,Under,40.5,101
2026-09-20T17:30:25Z,2026-09-20T20:25:00Z,ARI,SEA,SEA@ARI,mybookieag,h2h,ARI,,176
2026-09-20T17:30:25Z,2026-09-20T20:25:00Z,ARI,SEA,SEA@ARI,mybookieag,h2h,SEA,,-210
2026-09-20T17:30:25Z,2026-09-20T20:25:00Z,ARI,SEA,SEA@ARI,mybookieag,spreads,ARI,4.0,-110
2026-09-20T17:30:25Z,2026-09-20T20:25:00Z,ARI,SEA,SEA@ARI,mybookieag,spreads,SEA,-4.0,-110
2026-09-20T17:30:25Z,2026-09-20T20:25:00Z,ARI,SEA,SEA@ARI,mybookieag,totals,Over,40.5,-110
2026-09-20T17:30:25Z,2026-09-20T20:25:00Z,ARI,SEA,SEA@ARI,mybookieag,totals,Under,40.5,-110
2026-09-20T17:30:25Z,2026-09-20T20:25:00Z,DAL,WAS,WAS@DAL,betmgm,h2h,DAL,,-210
2026-09-20T17:30:25Z,2026-09-20T20:25:00Z,DAL,WAS,WAS@DAL,betmgm,h2h,WAS,,175
2026-09-20T17:30:25Z,2026-09-20T20:25:00Z,DAL,WAS,WAS@DAL,betmgm,spreads,DAL,-4.0,-105
2026-09-20T17:30:25Z,2026-09-20T20:25:00Z,DAL,WAS,WAS@DAL,betmgm,spreads,WAS,4.0,-105
2026-09-20T17:30:25Z,2026-09-20T20:25:00Z,DAL,WAS,WAS@DAL,betmgm,totals,Over,51.0,-108
2026-09-20T17:30:25Z,2026-09-20T20:25:00Z,DAL,WAS,WAS@DAL,betmgm,totals,Under,51.0,-110
2026-09-20T17:30:25Z,2026-09-20T20:25:00Z,DAL,WAS,WAS@DAL,betonlineag,h2h,DAL,,-205
2026-09-20T17:30:25Z,2026-09-20T20:25:00Z,DAL,WAS,WAS@DAL,betonlineag,h2h,WAS,,177
2026-09-20T17:30:25Z,2026-09-20T20:25:00Z,DAL,WAS,WAS@DAL,betonlineag,spreads,DAL,-4.0,-107
2026-09-20T17:30:25Z,2026-09-20T20:25:00Z,DAL,WAS,WAS@DAL,betonlineag,spreads,WAS,4.0,-113
2026-09-20T17:30:25Z,2026-09-20T20:25:00Z,DAL,WAS,WAS@DAL,betonlineag,totals,Over,51.0,-110
2026-09-20T17:30:25Z,2026-09-20T20:25:00Z,DAL,WAS,WAS@DAL,betonlineag,totals,Under,51.0,-110
2026-09-20T17:30:25Z,2026-09-20T20:25:00Z,DAL,WAS,WAS@DAL,betrivers,h2h,DAL,,-215
2026-09-20T17:30:25Z,2026-09-20T20:25:00Z,DAL,WAS,WAS@DAL,betrivers,h2h,WAS,,170
2026-09-20T17:30:25Z,2026-09-20T20:25:00Z,DAL,WAS,WAS@DAL,betrivers,spreads,DAL,-4.0,-112
2026-09-20T17:30:25Z,2026-09-20T20:25:00Z,DAL,WAS,WAS@DAL,betrivers,spreads,WAS,4.0,-109
2026-09-20T17:30:25Z,2026-09-20T20:25:00Z,DAL,WAS,WAS@DAL,betrivers,totals,Over,51.0,-109
2026-09-20T17:30:25Z,2026-09-20T20:25:00Z,DAL,WAS,WAS@DAL,betrivers,totals,Under,51.0,-112
2026-09-20T17:30:25Z,2026-09-20T20:25:00Z,DAL,WAS,WAS@DAL,betus,h2h,DAL,,-205
2026-09-20T17:30:25Z,2026-09-20T20:25:00Z,DAL,WAS,WAS@DAL,betus,h2h,WAS,,175
2026-09-20T17:30:25Z,2026-09-20T20:25:00Z,DAL,WAS,WAS@DAL,betus,spreads,DAL,-4.0,-110
2026-09-20T17:30:25Z,2026-09-20T20:25:00Z,DAL,WAS,WAS@DAL,betus,spreads,WAS,4.0,-110
2026-09-20T17:30:25Z,2026-09-20T20:25:00Z,DAL,WAS,WAS@DAL,betus,totals,Over,51.0,-110
2026-09-20T17:30:25Z,2026-09-20T20:25:00Z,DAL,WAS,WAS@DAL,betus,totals,Under,51.0,-110
2026-09-20T17:30:25Z,2026-09-20T20:25:00Z,DAL,WAS,WAS@DAL,bovada,h2h,DAL,,-210
2026-09-20T17:30:25Z,2026-09-20T20:25:00Z,DAL,WAS,WAS@DAL,bovada,h2h,WAS,,175
2026-09-20T17:30:25Z,2026-09-20T20:25:00Z,DAL,WAS,WAS@DAL,bovada,spreads,DAL,-4.0,-115
2026-09-20T17:30:25Z,2026-09-20T20:25:00Z,DAL,WAS,WAS@DAL,bovada,spreads,WAS,4.0,-105
2026-09-20T17:30:25Z,2026-09-20T20:25:00Z,DAL,WAS,WAS@DAL,bovada,totals,Over,51.0,-110
2026-09-20T17:30:25Z,2026-09-20T20:25:00Z,DAL,WAS,WAS@DAL,bovada,totals,Under,51.0,-110
2026-09-20T17:30:25Z,2026-09-20T20:25:00Z,DAL,WAS,WAS@DAL,draftkings,h2h,DAL,,-225
2026-09-20T17:30:25Z,2026-09-20T20:25:00Z,DAL,WAS,WAS@DAL,draftkings,h2h,WAS,,185
2026-09-20T17:30:25Z,2026-09-20T20:25:00Z,DAL,WAS,WAS@DAL,draftkings,spreads,DAL,-4.5,-105
2026-09-20T17:30:25Z,2026-09-20T20:25:00Z,DAL,WAS,WAS@DAL,draftkings,spreads,WAS,4.5,-115
2026-09-20T17:30:25Z,2026-09-20T20:25:00Z,DAL,WAS,WAS@DAL,draftkings,totals,Over,51.5,-102
2026-09-20T17:30:25Z,2026-09-20T20:25:00Z,DAL,WAS,WAS@DAL,draftkings,totals,Under,51.5,-118
2026-09-20T17:30:25Z,2026-09-20T20:25:00Z,DAL,WAS,WAS@DAL,fanduel,h2h,DAL,,-215
2026-09-20T17:30:25Z,2026-09-20T20:25:00Z,DAL,WAS,WAS@DAL,fanduel,h2h,WAS,,180
2026-09-20T17:30:25Z,2026-09-20T20:25:00Z,DAL,WAS,WAS@DAL,fanduel,spreads,DAL,-4.5,-106
2026-09-20T17:30:25Z,2026-09-20T20:25:00Z,DAL,WAS,WAS@DAL,fanduel,spreads,WAS,4.5,-114
2026-09-20T17:30:25Z,2026-09-20T20:25:00Z,DAL,WAS,WAS@DAL,fanduel,totals,Over,50.5,-118
2026-09-20T17:30:25Z,2026-09-20T20:25:00Z,DAL,WAS,WAS@DAL,fanduel,totals,Under,50.5,-104
2026-09-20T17:30:25Z,2026-09-20T20:25:00Z,DAL,WAS,WAS@DAL,lowvig,h2h,DAL,,-205
2026-09-20T17:30:25Z,2026-09-20T20:25:00Z,DAL,WAS,WAS@DAL,lowvig,h2h,WAS,,177
2026-09-20T17:30:25Z,2026-09-20T20:25:00Z,DAL,WAS,WAS@DAL,lowvig,spreads,DAL,-4.0,-102
2026-09-20T17:30:25Z,2026-09-20T20:25:00Z,DAL,WAS,WAS@DAL,lowvig,spreads,WAS,4.0,-108
2026-09-20T17:30:25Z,2026-09-20T20:25:00Z,DAL,WAS,WAS@DAL,lowvig,totals,Over,51.0,-107
2026-09-20T17:30:25Z,2026-09-20T20:25:00Z,DAL,WAS,WAS@DAL,lowvig,totals,Under,51.0,-107
2026-09-20T17:30:25Z,2026-09-20T20:25:00Z,DAL,WAS,WAS@DAL,mybookieag,h2h,DAL,,-210
2026-09-20T17:30:25Z,2026-09-20T20:25:00Z,DAL,WAS,WAS@DAL,mybookieag,h2h,WAS,,176
2026-09-20T17:30:25Z,2026-09-20T20:25:00Z,DAL,WAS,WAS@DAL,mybookieag,spreads,DAL,-4.5,100
2026-09-20T17:30:25Z,2026-09-20T20:25:00Z,DAL,WAS,WAS@DAL,mybookieag,spreads,WAS,4.5,-120
2026-09-20T17:30:25Z,2026-09-20T20:25:00Z,DAL,WAS,WAS@DAL,mybookieag,totals,Over,51.0,-110
2026-09-20T17:30:25Z,2026-09-20T20:25:00Z,DAL,WAS,WAS@DAL,mybookieag,totals,Under,51.0,-110
